-- Generated by Craft v2.6.2981 on Jun 9, 2017, 2:10:27 AM.

--
-- Disable foreign key checks and autocommit.
--

SET FOREIGN_KEY_CHECKS = 0;
SET SQL_MODE = "NO_AUTO_VALUE_ON_ZERO";
SET AUTOCOMMIT = 0;
SET NAMES utf8;


DROP TABLE IF EXISTS `craft_assetfiles`;


--
-- Schema for table `craft_assetfiles`
--
CREATE TABLE `craft_assetfiles` (
  `id` int(11) NOT NULL,
  `sourceId` int(11) DEFAULT NULL,
  `folderId` int(11) NOT NULL,
  `filename` varchar(255) COLLATE utf8_unicode_ci NOT NULL,
  `kind` varchar(50) COLLATE utf8_unicode_ci NOT NULL DEFAULT 'unknown',
  `width` int(11) unsigned DEFAULT NULL,
  `height` int(11) unsigned DEFAULT NULL,
  `size` bigint(20) unsigned DEFAULT NULL,
  `dateModified` datetime DEFAULT NULL,
  `dateCreated` datetime NOT NULL,
  `dateUpdated` datetime NOT NULL,
  `uid` char(36) COLLATE utf8_unicode_ci NOT NULL DEFAULT '0',
  PRIMARY KEY (`id`),
  UNIQUE KEY `craft_assetfiles_filename_folderId_unq_idx` (`filename`,`folderId`),
  KEY `craft_assetfiles_sourceId_fk` (`sourceId`),
  KEY `craft_assetfiles_folderId_fk` (`folderId`)
) ENGINE=InnoDB DEFAULT CHARSET=utf8 COLLATE=utf8_unicode_ci;

--
-- Data for table `craft_assetfiles`
--

INSERT INTO `craft_assetfiles` (`id`, `sourceId`, `folderId`, `filename`, `kind`, `width`, `height`, `size`, `dateModified`, `dateCreated`, `dateUpdated`, `uid`) VALUES
 ('16', '1', '6', 'testimony_AaronPaulus.jpg', 'image', '1582', '1520', '408666', '2017-05-10 23:13:18', '2017-05-10 23:13:18', '2017-05-10 23:13:18', 'cbeac256-30dd-4f3a-8d65-1673214d0fc0'),
 ('17', '1', '6', 'testimony_ErikHansen.jpg', 'image', '512', '512', '35692', '2017-05-10 23:13:18', '2017-05-10 23:13:18', '2017-05-10 23:13:18', '38b89107-1e29-40ba-aa30-1d5947138957'),
 ('18', '1', '6', 'testimony_JeanMarcLeDoux.jpg', 'image', '512', '512', '41184', '2017-05-10 23:13:18', '2017-05-10 23:13:18', '2017-05-10 23:13:18', 'e8d08042-d956-4330-8d3b-93a933f7479c'),
 ('19', '1', '6', 'testimony_JeanMarcLeDoux2.jpeg', 'image', '1024', '683', '49768', '2017-05-10 23:13:18', '2017-05-10 23:13:19', '2017-05-10 23:13:19', 'c53bc544-48f3-4ab1-9368-7c7495a22f38'),
 ('20', '1', '6', 'testimony_LizaHartman.jpg', 'image', '400', '400', '31585', '2017-05-10 23:13:18', '2017-05-10 23:13:19', '2017-05-10 23:13:19', '9faac43b-7e92-4b86-918e-9f7dacb1c8f9'),
 ('26', '1', '1', 'about-me_header.jpg', 'image', '1536', '512', '111048', '2017-05-11 01:20:34', '2017-05-11 01:20:34', '2017-05-11 01:20:34', '2b741820-b4e7-497d-9266-d5d6905d47af'),
 ('27', '1', '1', 'about-me-map-2.png', 'image', '339', '132', '42119', '2017-05-11 01:23:32', '2017-05-11 01:23:34', '2017-05-11 01:23:34', 'cc0c69d2-4a92-4ad2-9ed9-dc51cbed01f6'),
 ('49', '1', '1', 'indie_rabbit_header.jpg', 'image', '1536', '512', '218599', '2017-05-11 20:49:42', '2017-05-11 20:49:44', '2017-05-11 20:49:44', '1168d8a2-991f-48bc-bbb9-0cee8e63fd39'),
 ('50', '2', '2', 'indie_rabbit_thumbnail.jpg', 'image', '800', '430', '109112', '2017-05-11 20:53:26', '2017-05-11 20:53:26', '2017-05-11 20:53:26', 'a807fb20-e307-465f-a5fa-c631b9d16eff'),
 ('51', '2', '2', 'indie_rabbit_logo.png', 'image', '222', '52', '10676', '2017-05-11 20:54:48', '2017-05-11 20:54:49', '2017-05-11 20:54:49', '33efc250-8bb5-46fe-93db-d66559215ced'),
 ('57', '1', '1', 'indie_rabbit_process.gif', 'image', '800', '200', '353739', '2017-05-11 23:11:52', '2017-05-11 23:11:53', '2017-05-11 23:11:53', 'ae881a66-6cff-43ee-ad58-225ecff5c8e0'),
 ('59', '1', '1', 'indie_rabbit_final_pencils.png', 'image', '1600', '400', '589788', '2017-05-11 23:51:14', '2017-05-11 23:51:15', '2017-05-11 23:51:15', 'aba5e875-c14d-4f17-a06a-a27ec7a8dddc'),
 ('60', '1', '1', 'indie_rabbit_final.jpg', 'image', '3200', '800', '724158', '2017-05-11 23:51:16', '2017-05-11 23:51:16', '2017-05-11 23:51:16', '158945a1-e710-42fd-beff-3d852c237ef1'),
 ('71', '2', '2', 'indie_rabbit_salespitch1.jpg', 'image', '684', '760', '80186', '2017-05-11 23:56:56', '2017-05-11 23:56:57', '2017-05-11 23:56:57', '02455f95-ac8f-443b-86e2-a15df49c90ac'),
 ('72', '2', '2', 'indie_rabbit_salespitch2.jpg', 'image', '684', '760', '34589', '2017-05-11 23:56:56', '2017-05-11 23:56:57', '2017-05-11 23:56:57', '7464e50e-b6c2-4264-81f1-2cfe9991313b'),
 ('73', '2', '2', 'indie_rabbit_salespitch3.jpg', 'image', '684', '760', '55235', '2017-05-11 23:56:58', '2017-05-11 23:56:58', '2017-05-11 23:56:58', 'e77bd95b-d974-4872-a156-1031543d4742'),
 ('75', '2', '2', 'indie_rabbit_firstconcept.png', 'image', '341', '164', '77425', '2017-05-12 00:01:16', '2017-05-12 00:01:18', '2017-05-12 00:01:18', '2ea90f24-c254-4824-820e-ed0e5801b52b'),
 ('77', '2', '2', 'indie_rabbit_director.png', 'image', '1600', '800', '404867', '2017-05-12 00:07:10', '2017-05-12 00:07:11', '2017-05-12 00:07:11', '4c27d125-e0f2-405f-8c4b-c5a440da6270'),
 ('79', '2', '11', 'tinythumb_bankmart.jpg', 'image', '400', '300', '55255', '2017-05-12 00:25:46', '2017-05-12 00:25:46', '2017-05-12 00:27:04', '9cb77b59-1d85-4e9a-9d01-f050a1ff9505'),
 ('80', NULL, '7', 'tinythumb_chrispine.jpg', 'image', '400', '300', '11340', '2017-05-12 00:25:46', '2017-05-12 00:25:47', '2017-05-12 00:25:47', '2cf3b093-e72f-4b86-bafe-19f7577aec75'),
 ('81', NULL, '7', 'tinythumb_darkwingduck.jpg', 'image', '400', '300', '17088', '2017-05-12 00:25:46', '2017-05-12 00:25:47', '2017-05-12 00:25:47', 'f523bb8e-532a-448b-8b63-9ec285eb9c92'),
 ('82', '2', '11', 'tinythumb_davidporter.jpg', 'image', '400', '300', '40183', '2017-05-12 00:25:46', '2017-05-12 00:25:47', '2017-05-12 00:27:04', '09bc9dca-274a-48dd-88ac-9e6372670a7a'),
 ('83', NULL, '7', 'tinythumb_martinfreeman.png', 'image', '1000', '1000', '241809', '2017-05-12 00:25:48', '2017-05-12 00:25:48', '2017-05-12 00:25:48', '8000cc60-8f0b-4d45-94d4-b53b110826f1'),
 ('84', NULL, '7', 'tinythumb_merlin_1.jpg', 'image', '400', '300', '12589', '2017-05-12 00:25:48', '2017-05-12 00:25:48', '2017-05-12 00:25:48', '791b26f0-7287-4769-a94a-132fb23eccb9'),
 ('85', NULL, '7', 'tinythumb_mikey_wip.jpg', 'image', '594', '576', '43956', '2017-05-12 00:25:48', '2017-05-12 00:25:49', '2017-05-12 00:25:49', '4b7d2bd1-889e-486c-a528-0fc82c1f5795'),
 ('86', '2', '11', 'tinythumb_shanalogic.jpg', 'image', '400', '300', '37897', '2017-05-12 00:25:48', '2017-05-12 00:25:49', '2017-05-12 00:27:04', 'eda8f35c-f153-40e1-81e0-0329ea477607'),
 ('87', '2', '11', 'tinythumb_audimute_3.jpg', 'image', '400', '300', '42709', '2017-05-12 00:26:30', '2017-05-12 00:26:31', '2017-05-12 00:27:03', '4ec0b40c-3b0e-496f-a9ac-b2df8180ad11'),
 ('88', '2', '11', 'tinythumb_gloprofessional_3.jpg', 'image', '400', '300', '31073', '2017-05-12 00:26:32', '2017-05-12 00:26:32', '2017-05-12 00:27:04', 'd794fcc7-6568-46d9-8743-373bac52e724'),
 ('89', NULL, '7', 'tinythumb_jamiehyneman_2.jpg', 'image', '400', '300', '16705', '2017-05-12 00:26:32', '2017-05-12 00:26:32', '2017-05-12 00:26:32', '100c7424-d72d-42db-b2c3-635eaf68b591'),
 ('90', '2', '11', 'tinythumb_chrispine.jpg', 'image', '400', '300', '11340', '2017-05-12 00:32:22', '2017-05-12 00:32:23', '2017-05-12 00:32:23', '9312dc5f-f52a-421f-bfa6-fb926bfcaa0c'),
 ('91', '2', '11', 'tinythumb_darkwingduck.jpg', 'image', '400', '300', '17088', '2017-05-12 00:32:22', '2017-05-12 00:32:23', '2017-05-12 00:32:23', '8933554d-1686-47b8-ae6e-56be327df3a2'),
 ('92', '2', '11', 'tinythumb_jamiehyneman_2.jpg', 'image', '400', '300', '16705', '2017-05-12 00:32:22', '2017-05-12 00:32:23', '2017-05-12 00:32:23', 'dbed46b3-15d9-471d-b659-c3526e8cd7da'),
 ('93', '2', '11', 'tinythumb_martinfreeman.png', 'image', '1000', '1000', '241809', '2017-05-12 00:32:24', '2017-05-12 00:32:24', '2017-05-12 00:32:24', '24e2996a-b8ae-4de3-bcfc-37dd10f45b05'),
 ('94', '2', '11', 'tinythumb_merlin_1.jpg', 'image', '400', '300', '12589', '2017-05-12 00:32:24', '2017-05-12 00:32:24', '2017-05-12 00:32:24', '6023894a-fbca-4c35-982c-0e3651b698c9'),
 ('95', '2', '11', 'tinythumb_mikey_wip.jpg', 'image', '594', '576', '43956', '2017-05-12 00:32:24', '2017-05-12 00:32:25', '2017-05-12 00:32:25', '4eb81967-cb02-4cec-bb8f-138692cdf0fe'),
 ('97', '1', '13', 'tinythumb_chrispine.jpg', 'image', '400', '300', '11340', '2017-05-12 00:51:30', '2017-05-12 00:51:31', '2017-05-12 00:51:39', '67d52a13-b260-4d80-b58f-07dbadfb624d'),
 ('98', '1', '13', 'tinythumb_darkwingduck.jpg', 'image', '400', '300', '17088', '2017-05-12 00:51:30', '2017-05-12 00:51:31', '2017-05-12 00:51:39', '8fccd53c-a975-4825-918f-cf3ba79dfe0a'),
 ('99', '1', '13', 'tinythumb_jamiehyneman_2.jpg', 'image', '400', '300', '16705', '2017-05-12 00:51:30', '2017-05-12 00:51:31', '2017-05-12 00:51:39', '0924f4f6-2885-43bc-a9cd-06450c34f5c3'),
 ('100', '1', '13', 'tinythumb_martinfreeman.png', 'image', '1000', '1000', '241809', '2017-05-12 00:51:32', '2017-05-12 00:51:32', '2017-05-12 00:51:39', 'cb4accbe-662b-407f-b438-b4dfd3be7d4d'),
 ('101', '1', '13', 'tinythumb_merlin_1.jpg', 'image', '400', '300', '12589', '2017-05-12 00:51:32', '2017-05-12 00:51:32', '2017-05-12 00:51:39', '4a380dc9-43ea-4486-b032-09d2335b2834'),
 ('102', '1', '13', 'tinythumb_mikey_wip.jpg', 'image', '594', '576', '43956', '2017-05-12 00:51:32', '2017-05-12 00:51:33', '2017-05-12 00:51:39', '534d2904-67e1-4968-beb2-89108bc8b7f3'),
 ('103', '1', '13', 'tinythumb_audimute_3.jpg', 'image', '400', '300', '42709', '2017-05-12 00:52:08', '2017-05-12 00:52:08', '2017-05-12 00:52:08', 'd09eb9b9-7147-4715-84da-5c7679ca1227'),
 ('104', '1', '13', 'tinythumb_bankmart.jpg', 'image', '400', '300', '55255', '2017-05-12 00:52:08', '2017-05-12 00:52:09', '2017-05-12 00:52:09', '0dde2e4b-6824-491a-990c-efdf2dea7245'),
 ('105', '1', '13', 'tinythumb_davidporter.jpg', 'image', '400', '300', '40183', '2017-05-12 00:52:08', '2017-05-12 00:52:09', '2017-05-12 00:52:09', '43abacdc-ba39-4adf-a3a4-a407c8db5097'),
 ('106', '1', '13', 'tinythumb_gloprofessional_3.jpg', 'image', '400', '300', '31073', '2017-05-12 00:52:08', '2017-05-12 00:52:09', '2017-05-12 00:52:09', 'a305acc1-ce0a-4cf0-9026-fbcfcdfefafe'),
 ('107', '1', '13', 'tinythumb_shanalogic.jpg', 'image', '400', '300', '37897', '2017-05-12 00:52:08', '2017-05-12 00:52:09', '2017-05-12 00:52:09', '86543788-1564-46dd-8546-76b2204106df'),
 ('111', '2', '2', 'everythingKitchensThumbnail_3.jpg', 'image', '800', '430', '96299', '2017-05-15 21:16:00', '2017-05-15 21:16:01', '2017-05-15 21:16:01', 'c1ec7098-ae70-40d4-be6b-20ec6fe6d275'),
 ('116', '2', '2', 'benham_brothers_thumbnail_1.jpg', 'image', '800', '430', '72816', '2017-05-15 21:53:12', '2017-05-15 21:53:12', '2017-05-15 21:53:12', 'ed38436e-549d-4a3e-afad-a67f796fdd69'),
 ('119', '2', '2', 'bob_hall_thumbnail_1.jpg', 'image', '800', '430', '97307', '2017-05-15 22:11:38', '2017-05-15 22:11:39', '2017-05-15 22:11:39', '47d0cf0e-857e-4112-830a-c6af045bb33b'),
 ('122', '2', '2', 'ohio_life_thumbnail_2.jpg', 'image', '800', '430', '64780', '2017-05-15 22:14:04', '2017-05-15 22:14:05', '2017-05-15 22:14:05', '0cf81987-c986-4384-964b-be2d7289f0c0'),
 ('125', '1', '1', 'everything_kitchens_header.png', 'image', '976', '512', '362459', '2017-05-16 01:52:12', '2017-05-16 01:52:13', '2017-05-16 01:52:13', '71818567-faa4-4838-96a8-2bdd04c06b31'),
 ('126', '2', '2', 'everything_kitchens_logo.png', 'image', '194', '64', '7061', '2017-05-16 01:57:02', '2017-05-16 01:57:02', '2017-05-16 01:57:02', 'a298ae6d-2381-4d35-89e6-243383ec09e6'),
 ('127', '2', '2', 'everything_kitchens_logo@2x.png', 'image', '389', '128', '14843', '2017-05-16 01:57:02', '2017-05-16 01:57:03', '2017-05-16 01:57:03', '10baca22-f2c5-4f9c-9131-4e42aeaa69f5'),
 ('128', '1', '1', 'benham_brothers_header.png', 'image', '976', '512', '367433', '2017-05-16 02:23:58', '2017-05-16 02:23:59', '2017-05-16 02:23:59', '75d93193-057d-492f-b215-05da3a0ced75'),
 ('130', '2', '2', 'benham_brothers_logo.png', 'image', '578', '64', '3793', '2017-05-16 13:56:00', '2017-05-16 13:56:01', '2017-05-16 13:56:01', '512f0627-ecb3-4aad-82f4-a01984a58c27'),
 ('131', '2', '2', 'revive_magazine_thumbnail_2.jpg', 'image', '800', '430', '79962', '2017-05-16 21:32:18', '2017-05-16 21:32:18', '2017-05-16 21:32:18', '771e6985-0511-4754-9933-07060dcf8e26'),
 ('134', '2', '2', 'pastors_guide_thumbnail_2.jpg', 'image', '800', '430', '95059', '2017-05-16 21:33:54', '2017-05-16 21:33:54', '2017-05-16 21:33:54', '8a53935a-97bf-42b3-872d-ac1864e84896'),
 ('137', '2', '2', 'indie_rabbit_wardrobe.png', 'image', '1006', '654', '267485', '2017-05-16 22:28:00', '2017-05-16 22:28:00', '2017-05-16 22:28:00', '39b1e63d-f2d3-49ba-b508-31044951df54'),
 ('139', '2', '2', 'indie_rabbit_character_designs_final.jpg', 'image', '1100', '422', '105736', '2017-05-16 22:33:56', '2017-05-16 22:33:56', '2017-05-16 22:33:56', '9ca818fc-a3a0-4d1a-ba6d-124faf759213');



DROP TABLE IF EXISTS `craft_assetfolders`;


--
-- Schema for table `craft_assetfolders`
--
CREATE TABLE `craft_assetfolders` (
  `id` int(11) NOT NULL AUTO_INCREMENT,
  `parentId` int(11) DEFAULT NULL,
  `sourceId` int(11) DEFAULT NULL,
  `name` varchar(255) COLLATE utf8_unicode_ci NOT NULL,
  `path` varchar(255) COLLATE utf8_unicode_ci DEFAULT NULL,
  `dateCreated` datetime NOT NULL,
  `dateUpdated` datetime NOT NULL,
  `uid` char(36) COLLATE utf8_unicode_ci NOT NULL DEFAULT '0',
  PRIMARY KEY (`id`),
  UNIQUE KEY `craft_assetfolders_name_parentId_sourceId_unq_idx` (`name`,`parentId`,`sourceId`),
  KEY `craft_assetfolders_parentId_fk` (`parentId`),
  KEY `craft_assetfolders_sourceId_fk` (`sourceId`)
) ENGINE=InnoDB AUTO_INCREMENT=14 DEFAULT CHARSET=utf8 COLLATE=utf8_unicode_ci;

--
-- Data for table `craft_assetfolders`
--

INSERT INTO `craft_assetfolders` (`id`, `parentId`, `sourceId`, `name`, `path`, `dateCreated`, `dateUpdated`, `uid`) VALUES
 ('1', NULL, '1', 'Site Assets', '', '2017-04-21 23:28:07', '2017-04-21 23:28:07', '8c71cae1-e484-4cfa-ae0c-756e6e3c826f'),
 ('2', NULL, '2', 'Projects', '', '2017-04-21 23:42:59', '2017-04-21 23:46:51', '0e4b235a-7a24-4eab-9048-95b234e36458'),
 ('3', NULL, NULL, 'Temporary source', NULL, '2017-04-22 21:01:18', '2017-04-22 21:01:18', '5719dc10-b514-483f-98ff-c08857b4997a'),
 ('4', '3', NULL, 'user_1', 'user_1/', '2017-04-22 21:01:18', '2017-04-22 21:01:18', '0358c594-94ba-4873-b1ec-8db52edd3959'),
 ('5', '4', NULL, 'field_17', 'user_1/field_17/', '2017-04-22 21:01:18', '2017-04-22 21:01:18', '9ec2b76a-f0dc-4125-aebf-e878e0867730'),
 ('6', '1', '1', 'testimonials', 'testimonials/', '2017-04-22 22:40:02', '2017-04-22 22:40:02', 'd2f3e0aa-2f94-4967-809d-1b399d03bb55'),
 ('7', '4', NULL, 'field_46', 'user_1/field_46/', '2017-05-11 18:26:44', '2017-05-11 18:26:44', 'ad864fb6-4354-471e-a56b-ef750f633353'),
 ('8', '4', NULL, 'field_20', 'user_1/field_20/', '2017-05-11 20:46:10', '2017-05-11 20:46:10', '3b286256-f5dc-47d9-911c-d42ea08c7b7b'),
 ('9', '4', NULL, 'field_10', 'user_1/field_10/', '2017-05-11 20:48:21', '2017-05-11 20:48:21', '0dc24837-c4f3-486e-84cc-b903c3da9cb7'),
 ('10', '2', '2', 'thumbnails', 'thumbnails/', '2017-05-11 20:58:06', '2017-05-11 20:58:06', 'e8b3143e-ce1d-48d7-b4eb-2ff745de80e1'),
 ('11', '2', '2', 'gallery', 'gallery/', '2017-05-12 00:27:03', '2017-05-12 00:27:03', '4387a631-f818-4b65-a2a1-e3db4abfdfcd'),
 ('12', '4', NULL, 'field_58', 'user_1/field_58/', '2017-05-12 00:50:53', '2017-05-12 00:50:53', 'cb0998f4-468e-4311-8214-15b13b6de7da'),
 ('13', '1', '1', 'gallery', 'gallery/', '2017-05-12 00:51:39', '2017-05-12 00:51:39', '906dba5d-9898-493e-8a0c-dc9a0895f588');



DROP TABLE IF EXISTS `craft_assetindexdata`;


--
-- Schema for table `craft_assetindexdata`
--
CREATE TABLE `craft_assetindexdata` (
  `id` int(11) NOT NULL AUTO_INCREMENT,
  `sessionId` varchar(36) COLLATE utf8_unicode_ci NOT NULL DEFAULT '',
  `sourceId` int(10) NOT NULL,
  `offset` int(10) NOT NULL,
  `uri` varchar(255) COLLATE utf8_unicode_ci DEFAULT NULL,
  `size` varchar(255) COLLATE utf8_unicode_ci DEFAULT NULL,
  `recordId` int(10) DEFAULT NULL,
  `dateCreated` datetime NOT NULL,
  `dateUpdated` datetime NOT NULL,
  `uid` char(36) COLLATE utf8_unicode_ci NOT NULL DEFAULT '0',
  PRIMARY KEY (`id`),
  UNIQUE KEY `craft_assetindexdata_sessionId_sourceId_offset_unq_idx` (`sessionId`,`sourceId`,`offset`),
  KEY `craft_assetindexdata_sourceId_fk` (`sourceId`)
) ENGINE=InnoDB DEFAULT CHARSET=utf8 COLLATE=utf8_unicode_ci;

DROP TABLE IF EXISTS `craft_assetsources`;


--
-- Schema for table `craft_assetsources`
--
CREATE TABLE `craft_assetsources` (
  `id` int(11) NOT NULL AUTO_INCREMENT,
  `name` varchar(255) COLLATE utf8_unicode_ci NOT NULL,
  `handle` varchar(255) COLLATE utf8_unicode_ci NOT NULL,
  `type` varchar(150) COLLATE utf8_unicode_ci NOT NULL,
  `settings` text COLLATE utf8_unicode_ci,
  `sortOrder` smallint(6) unsigned DEFAULT NULL,
  `fieldLayoutId` int(10) DEFAULT NULL,
  `dateCreated` datetime NOT NULL,
  `dateUpdated` datetime NOT NULL,
  `uid` char(36) COLLATE utf8_unicode_ci NOT NULL DEFAULT '0',
  PRIMARY KEY (`id`),
  UNIQUE KEY `craft_assetsources_name_unq_idx` (`name`),
  UNIQUE KEY `craft_assetsources_handle_unq_idx` (`handle`),
  KEY `craft_assetsources_fieldLayoutId_fk` (`fieldLayoutId`)
) ENGINE=InnoDB AUTO_INCREMENT=3 DEFAULT CHARSET=utf8 COLLATE=utf8_unicode_ci;

--
-- Data for table `craft_assetsources`
--

INSERT INTO `craft_assetsources` (`id`, `name`, `handle`, `type`, `settings`, `sortOrder`, `fieldLayoutId`, `dateCreated`, `dateUpdated`, `uid`) VALUES
 ('1', 'Site Assets', 'siteAssets', 'Local', '{\"path\":\".\\/assets\\/site\\/\",\"publicURLs\":\"1\",\"url\":\"\\/assets\\/site\\/\"}', '1', '106', '2017-04-21 23:28:07', '2017-05-11 23:19:38', '04a2742b-f74d-4fe1-bbd9-3301515eaf11'),
 ('2', 'Projects', 'projects', 'Local', '{\"path\":\".\\/assets\\/site\\/projects\\/\",\"publicURLs\":\"1\",\"url\":\"\\/assets\\/site\\/projects\\/\"}', '2', '107', '2017-04-21 23:42:59', '2017-05-11 23:19:45', 'e3a8d395-6aa6-4fd3-8dbf-26454c344c7b');



DROP TABLE IF EXISTS `craft_assettransformindex`;


--
-- Schema for table `craft_assettransformindex`
--
CREATE TABLE `craft_assettransformindex` (
  `id` int(11) NOT NULL AUTO_INCREMENT,
  `fileId` int(11) NOT NULL,
  `filename` varchar(255) COLLATE utf8_unicode_ci DEFAULT NULL,
  `format` varchar(255) COLLATE utf8_unicode_ci DEFAULT NULL,
  `location` varchar(255) COLLATE utf8_unicode_ci NOT NULL,
  `sourceId` int(11) DEFAULT NULL,
  `fileExists` tinyint(1) DEFAULT NULL,
  `inProgress` tinyint(1) DEFAULT NULL,
  `dateIndexed` datetime DEFAULT NULL,
  `dateCreated` datetime NOT NULL,
  `dateUpdated` datetime NOT NULL,
  `uid` char(36) COLLATE utf8_unicode_ci NOT NULL DEFAULT '0',
  PRIMARY KEY (`id`),
  KEY `craft_assettransformindex_sourceId_fileId_location_idx` (`sourceId`,`fileId`,`location`)
) ENGINE=InnoDB AUTO_INCREMENT=28 DEFAULT CHARSET=utf8 COLLATE=utf8_unicode_ci;

DROP TABLE IF EXISTS `craft_assettransforms`;


--
-- Schema for table `craft_assettransforms`
--
CREATE TABLE `craft_assettransforms` (
  `id` int(11) NOT NULL AUTO_INCREMENT,
  `name` varchar(255) COLLATE utf8_unicode_ci NOT NULL,
  `handle` varchar(255) COLLATE utf8_unicode_ci NOT NULL,
  `mode` enum('stretch','fit','crop') COLLATE utf8_unicode_ci NOT NULL DEFAULT 'crop',
  `position` enum('top-left','top-center','top-right','center-left','center-center','center-right','bottom-left','bottom-center','bottom-right') COLLATE utf8_unicode_ci NOT NULL DEFAULT 'center-center',
  `height` int(10) DEFAULT NULL,
  `width` int(10) DEFAULT NULL,
  `format` varchar(255) COLLATE utf8_unicode_ci DEFAULT NULL,
  `quality` int(10) DEFAULT NULL,
  `dimensionChangeTime` datetime DEFAULT NULL,
  `dateCreated` datetime NOT NULL,
  `dateUpdated` datetime NOT NULL,
  `uid` char(36) COLLATE utf8_unicode_ci NOT NULL DEFAULT '0',
  PRIMARY KEY (`id`),
  UNIQUE KEY `craft_assettransforms_name_unq_idx` (`name`),
  UNIQUE KEY `craft_assettransforms_handle_unq_idx` (`handle`)
) ENGINE=InnoDB DEFAULT CHARSET=utf8 COLLATE=utf8_unicode_ci;

DROP TABLE IF EXISTS `craft_categories`;


--
-- Schema for table `craft_categories`
--
CREATE TABLE `craft_categories` (
  `id` int(11) NOT NULL,
  `groupId` int(11) NOT NULL,
  `dateCreated` datetime NOT NULL,
  `dateUpdated` datetime NOT NULL,
  `uid` char(36) COLLATE utf8_unicode_ci NOT NULL DEFAULT '0',
  PRIMARY KEY (`id`),
  KEY `craft_categories_groupId_fk` (`groupId`)
) ENGINE=InnoDB DEFAULT CHARSET=utf8 COLLATE=utf8_unicode_ci;

DROP TABLE IF EXISTS `craft_categorygroups`;


--
-- Schema for table `craft_categorygroups`
--
CREATE TABLE `craft_categorygroups` (
  `id` int(11) NOT NULL AUTO_INCREMENT,
  `structureId` int(11) NOT NULL,
  `fieldLayoutId` int(11) DEFAULT NULL,
  `name` varchar(255) COLLATE utf8_unicode_ci NOT NULL,
  `handle` varchar(255) COLLATE utf8_unicode_ci NOT NULL,
  `hasUrls` tinyint(1) unsigned NOT NULL DEFAULT '1',
  `template` varchar(500) COLLATE utf8_unicode_ci DEFAULT NULL,
  `dateCreated` datetime NOT NULL,
  `dateUpdated` datetime NOT NULL,
  `uid` char(36) COLLATE utf8_unicode_ci NOT NULL DEFAULT '0',
  PRIMARY KEY (`id`),
  UNIQUE KEY `craft_categorygroups_name_unq_idx` (`name`),
  UNIQUE KEY `craft_categorygroups_handle_unq_idx` (`handle`),
  KEY `craft_categorygroups_structureId_fk` (`structureId`),
  KEY `craft_categorygroups_fieldLayoutId_fk` (`fieldLayoutId`)
) ENGINE=InnoDB DEFAULT CHARSET=utf8 COLLATE=utf8_unicode_ci;

DROP TABLE IF EXISTS `craft_categorygroups_i18n`;


--
-- Schema for table `craft_categorygroups_i18n`
--
CREATE TABLE `craft_categorygroups_i18n` (
  `id` int(11) NOT NULL AUTO_INCREMENT,
  `groupId` int(11) NOT NULL,
  `locale` char(12) COLLATE utf8_unicode_ci NOT NULL,
  `urlFormat` text COLLATE utf8_unicode_ci,
  `nestedUrlFormat` text COLLATE utf8_unicode_ci,
  `dateCreated` datetime NOT NULL,
  `dateUpdated` datetime NOT NULL,
  `uid` char(36) COLLATE utf8_unicode_ci NOT NULL DEFAULT '0',
  PRIMARY KEY (`id`),
  UNIQUE KEY `craft_categorygroups_i18n_groupId_locale_unq_idx` (`groupId`,`locale`),
  KEY `craft_categorygroups_i18n_locale_fk` (`locale`)
) ENGINE=InnoDB DEFAULT CHARSET=utf8 COLLATE=utf8_unicode_ci;

DROP TABLE IF EXISTS `craft_content`;


--
-- Schema for table `craft_content`
--
CREATE TABLE `craft_content` (
  `id` int(11) NOT NULL AUTO_INCREMENT,
  `elementId` int(11) NOT NULL,
  `locale` char(12) COLLATE utf8_unicode_ci NOT NULL,
  `title` varchar(255) COLLATE utf8_unicode_ci DEFAULT NULL,
  `field_body` text COLLATE utf8_unicode_ci,
  `field_footerContent` text COLLATE utf8_unicode_ci,
  `field_socialTitle` text COLLATE utf8_unicode_ci,
  `field_socialDescription` text COLLATE utf8_unicode_ci,
  `field_aboutClincher` text COLLATE utf8_unicode_ci,
  `field_subheading` text COLLATE utf8_unicode_ci,
  `field_imageCaption` text COLLATE utf8_unicode_ci,
  `dateCreated` datetime NOT NULL,
  `dateUpdated` datetime NOT NULL,
  `uid` char(36) COLLATE utf8_unicode_ci NOT NULL DEFAULT '0',
  PRIMARY KEY (`id`),
  UNIQUE KEY `craft_content_elementId_locale_unq_idx` (`elementId`,`locale`),
  KEY `craft_content_title_idx` (`title`),
  KEY `craft_content_locale_fk` (`locale`)
) ENGINE=InnoDB AUTO_INCREMENT=85 DEFAULT CHARSET=utf8 COLLATE=utf8_unicode_ci;

--
-- Data for table `craft_content`
--

INSERT INTO `craft_content` (`id`, `elementId`, `locale`, `title`, `field_body`, `field_footerContent`, `field_socialTitle`, `field_socialDescription`, `field_aboutClincher`, `field_subheading`, `field_imageCaption`, `dateCreated`, `dateUpdated`, `uid`) VALUES
 ('1', '1', 'en_us', NULL, NULL, NULL, NULL, NULL, NULL, NULL, NULL, '2017-04-20 21:01:00', '2017-04-20 21:01:00', 'd314203f-ea6c-429e-8100-1d47eab1d326'),
 ('2', '2', 'en_us', 'I’m Wilson.', '<p>I’m a passionate creative based in Portland, Oregon. I <a href=\"http://craft.jgwilsondesign.dev/work-index.html\">build great experiences for the web</a> and I <a href=\"http://craft.jgwilsondesign.dev/work-index.html\">draw all kinds of things</a>, too!</p>', NULL, '', '', NULL, '<p>I’m a passionate creative based in Portland, Oregon. I <a href=\"/web\">build great experiences for the web</a> and I <a href=\"/art\">draw all kinds of things</a>, too!</p>', NULL, '2017-04-20 21:01:02', '2017-05-13 03:53:26', 'b7936d1b-0ca2-433d-aec3-e42dc021a0fd'),
 ('7', '7', 'en_us', 'Jean-Marc @ IndieRabbit', NULL, NULL, NULL, NULL, NULL, NULL, NULL, '2017-04-21 23:35:04', '2017-05-10 23:16:36', 'cac46513-562e-4265-b793-d0e070bbcf1f'),
 ('8', '9', 'en_us', 'Jean-Marc @ KFF', NULL, NULL, NULL, NULL, NULL, NULL, NULL, '2017-04-21 23:36:45', '2017-05-10 23:31:11', 'c27ebd21-735d-443f-9c00-b20728c66ace'),
 ('9', '11', 'en_us', 'Aaron Paulus @ Flood Creative', NULL, NULL, NULL, NULL, NULL, NULL, NULL, '2017-04-21 23:37:55', '2017-05-10 23:30:42', 'b6bda84f-4b03-45cc-a416-ceca7278377b'),
 ('12', '15', 'en_us', NULL, NULL, '<p>What’s that? You want to work with me? Awesome!<br /></p><p>Don’t have a project but just want to say hi? That’s fine, too! Just knowing you’re reading this makes me happy enough to give you a digital high five. So drop me a line at <a href=\"mailto:jgwilsondesign@gmail.com\"></a><a href=\"mailto:jgwilsondesign@gmail.com\" target=\"_blank\" rel=\"noreferrer noopener\">jgwilsondesign@gmail.com</a> and I’ll send that high five ASAP.</p>\n<p>If email isn’t your thing…</p>', NULL, NULL, NULL, NULL, NULL, '2017-05-10 01:16:37', '2017-05-10 01:21:38', 'c3f2c138-ce2f-4ab6-b0e1-6459832fee7e'),
 ('13', '16', 'en_us', 'Testimony Aaron Paulus', NULL, NULL, NULL, NULL, NULL, NULL, NULL, '2017-05-10 23:13:18', '2017-05-10 23:13:18', 'c4bf5ea2-caf0-4c85-96fd-4e8e94add9f5'),
 ('14', '17', 'en_us', 'Testimony Erik Hansen', NULL, NULL, NULL, NULL, NULL, NULL, NULL, '2017-05-10 23:13:18', '2017-05-10 23:13:18', '6ed4353c-4b0e-4d53-b2ac-9a95162f9856'),
 ('15', '18', 'en_us', 'Testimony Jean Marc Le Doux', NULL, NULL, NULL, NULL, NULL, NULL, NULL, '2017-05-10 23:13:18', '2017-05-10 23:13:18', '9dab2909-4ed3-403f-9224-1db3ac0e5382'),
 ('16', '19', 'en_us', 'Testimony Jean Marc Le Doux2', NULL, NULL, NULL, NULL, NULL, NULL, NULL, '2017-05-10 23:13:19', '2017-05-10 23:13:19', '023b9bf2-f6d7-4da1-94c2-c693b1179b25'),
 ('17', '20', 'en_us', 'Testimony Liza Hartman', NULL, NULL, NULL, NULL, NULL, NULL, NULL, '2017-05-10 23:13:19', '2017-05-10 23:13:19', '80ca141e-445c-4905-9a4b-d7ca8d381a38'),
 ('18', '21', 'en_us', 'Erik Hansen @ CLS', NULL, NULL, NULL, NULL, NULL, NULL, NULL, '2017-05-10 23:16:03', '2017-05-10 23:30:06', 'a8b5ccf3-9044-420d-9728-d8deba628e8f'),
 ('19', '23', 'en_us', 'Liza Hartman @ Life Action', NULL, NULL, NULL, NULL, NULL, NULL, NULL, '2017-05-10 23:18:22', '2017-05-10 23:29:14', '44f47a38-f24c-4593-b3ea-a83d5b65362a'),
 ('20', '25', 'en_us', 'About Me', '<p>Ever since I could hold a crayon, I’ve scribbled, colored, and made things. Today, I scribble and color less, and illustrate, design, and code more.</p>', NULL, 'About me: Who IS Joseph Wilson?', '', '<p>I like things that look good and work well, and I love to work and play by creating. If you’re in need of a developer, designer, illustrator, or some combination of the three, email me, and let’s talk. I’d love to hear from you!</p>', '<p>Ever since I could hold a crayon, I’ve scribbled, colored, and made things. Today, I scribble and color less, and illustrate, design, and code more.</p>', NULL, '2017-05-11 01:18:19', '2017-05-11 18:34:29', '2ffe3dcf-165e-4d5c-bb65-2707d3edf7d1'),
 ('21', '26', 'en_us', 'About Me Header', NULL, NULL, NULL, NULL, NULL, NULL, NULL, '2017-05-11 01:20:34', '2017-05-11 01:20:34', '94befb5e-6fdb-486f-8eb6-58d74f46c4d8'),
 ('22', '27', 'en_us', 'About Me Map 2', NULL, NULL, NULL, NULL, NULL, NULL, NULL, '2017-05-11 01:23:33', '2017-05-11 01:23:33', 'b7ea0819-03fe-4e0a-bf36-4721967f4914'),
 ('23', '34', 'en_us', 'Web Development', NULL, NULL, '', '', NULL, '<p>It started 16 years ago with a behemoth of a book<sup><a href=\"http://craft.jgwilsondesign.dev/admin/entries/webDevelopmentIndex/34-web-development-index#footnotes-1\"></a><a href=\"#footnotes-1\"></a><a href=\"#footnotes-1\"></a><a href=\"#footnotes-1\">1</a></sup> my dad purchased on building websites with HTML. Now I build more than just websites. I build <em>experiences</em>.</p>', NULL, '2017-05-11 18:23:09', '2017-05-15 22:14:35', '2f3cda75-edf1-4efc-af05-7eaf4aa9e015'),
 ('24', '41', 'en_us', 'Illustration', NULL, NULL, '', '', NULL, '<p>As an artist, I’m mostly inspired by classic Disney animation and comic book art. But I love so many styles and enjoy the challenge of meeting my client’s needs, no matter the style!</p>', NULL, '2017-05-11 20:41:16', '2017-05-16 21:34:57', '076e22ed-4f24-4bb1-babe-580593242e80'),
 ('25', '48', 'en_us', 'IndieRabbit', NULL, NULL, '', '', NULL, NULL, NULL, '2017-05-11 20:47:10', '2017-05-16 22:35:05', '20cf020c-fe14-473e-aaf7-fa16bb765a4f'),
 ('26', '49', 'en_us', 'Indie Rabbit Header', NULL, NULL, NULL, NULL, NULL, NULL, NULL, '2017-05-11 20:49:44', '2017-05-11 20:49:44', '95981fe1-b0b4-4130-a983-8d2d2d74d507'),
 ('27', '50', 'en_us', 'Indie Rabbit Thumbnail', NULL, NULL, NULL, NULL, NULL, NULL, NULL, '2017-05-11 20:53:26', '2017-05-11 20:53:26', 'bbb85509-99c1-4de0-aeca-423c08baab7f'),
 ('28', '51', 'en_us', 'Indie Rabbit Logo', NULL, NULL, NULL, NULL, NULL, NULL, NULL, '2017-05-11 20:54:49', '2017-05-11 20:54:49', 'c20bc688-c3f7-489c-a539-5414b588dbb1'),
 ('29', '57', 'en_us', 'Indie Rabbit Process', NULL, NULL, NULL, NULL, NULL, NULL, '', '2017-05-11 23:11:53', '2017-05-11 23:51:37', 'c5fe66ee-3539-4748-af25-4397713fd0da'),
 ('30', '59', 'en_us', 'Indie Rabbit Final Pencils', NULL, NULL, NULL, NULL, NULL, NULL, '<p>The finished digital pencils.</p>', '2017-05-11 23:51:15', '2017-05-11 23:51:29', '53d84cfc-773b-4910-9e57-fec940926a36'),
 ('31', '60', 'en_us', 'Indie Rabbit Final', NULL, NULL, NULL, NULL, NULL, NULL, '<p><em>TADA!</em>&nbsp;The finished digital illustration, completed!</p>', '2017-05-11 23:51:16', '2017-05-11 23:52:19', 'd2ed936a-78c9-4417-be2c-80a2b7d6db9e'),
 ('32', '71', 'en_us', 'Indie Rabbit Salespitch1', NULL, NULL, NULL, NULL, NULL, NULL, NULL, '2017-05-11 23:56:57', '2017-05-11 23:56:57', 'b8bb5b33-8b04-4a7b-bef9-3566cd6a247f'),
 ('33', '72', 'en_us', 'Indie Rabbit Salespitch2', NULL, NULL, NULL, NULL, NULL, NULL, NULL, '2017-05-11 23:56:57', '2017-05-11 23:56:57', '27e3723b-2bb0-4e59-8391-31709bfd06e0'),
 ('34', '73', 'en_us', 'Indie Rabbit Salespitch3', NULL, NULL, NULL, NULL, NULL, NULL, NULL, '2017-05-11 23:56:58', '2017-05-11 23:56:58', '3eb4608c-40b3-43cf-87b4-1889bcdc4098'),
 ('35', '75', 'en_us', 'Indie Rabbit Firstconcept', NULL, NULL, NULL, NULL, NULL, NULL, NULL, '2017-05-12 00:01:17', '2017-05-12 00:01:17', 'facf8d83-c5d0-4ff5-b74f-aaf9f4e9bb8a'),
 ('36', '77', 'en_us', 'Indie Rabbit Director', NULL, NULL, NULL, NULL, NULL, NULL, NULL, '2017-05-12 00:07:11', '2017-05-12 00:07:11', '67e20913-85dc-47f9-b439-003b1beb4641'),
 ('37', '79', 'en_us', 'Tinythumb Bankmart', NULL, NULL, NULL, NULL, NULL, NULL, NULL, '2017-05-12 00:25:46', '2017-05-12 00:27:03', '3204266f-aeaa-4fe3-b80e-5140c7227ea5'),
 ('38', '80', 'en_us', 'Tinythumb Chrispine', NULL, NULL, NULL, NULL, NULL, NULL, NULL, '2017-05-12 00:25:47', '2017-05-12 00:25:47', 'e4caa99c-3af6-49bd-9e2e-45f097b5ef24'),
 ('39', '81', 'en_us', 'Tinythumb Darkwingduck', NULL, NULL, NULL, NULL, NULL, NULL, NULL, '2017-05-12 00:25:47', '2017-05-12 00:25:47', 'cc820b80-3581-4173-b725-76ddeb8766af'),
 ('40', '82', 'en_us', 'Tinythumb Davidporter', NULL, NULL, NULL, NULL, NULL, NULL, NULL, '2017-05-12 00:25:47', '2017-05-12 00:27:04', '9ca75ae8-1919-4a45-aac0-78324a9dcdd9'),
 ('41', '83', 'en_us', 'Tinythumb Martinfreeman', NULL, NULL, NULL, NULL, NULL, NULL, NULL, '2017-05-12 00:25:48', '2017-05-12 00:25:48', '37bed897-cbc2-4052-8c65-1dc522b601d7'),
 ('42', '84', 'en_us', 'Tinythumb Merlin 1', NULL, NULL, NULL, NULL, NULL, NULL, NULL, '2017-05-12 00:25:48', '2017-05-12 00:25:48', 'a504ce94-fb94-465b-ab02-27bd2410ccd0'),
 ('43', '85', 'en_us', 'Tinythumb Mikey Wip', NULL, NULL, NULL, NULL, NULL, NULL, NULL, '2017-05-12 00:25:49', '2017-05-12 00:25:49', 'f903f698-b27e-4dd9-b2fa-7ff9ab74be71'),
 ('44', '86', 'en_us', 'Tinythumb Shanalogic', NULL, NULL, NULL, NULL, NULL, NULL, NULL, '2017-05-12 00:25:49', '2017-05-12 00:27:04', '3950b06e-3464-4ad8-ae91-a6f3dfdeb676'),
 ('45', '87', 'en_us', 'Tinythumb Audimute 3', NULL, NULL, NULL, NULL, NULL, NULL, NULL, '2017-05-12 00:26:31', '2017-05-12 00:27:03', '87f647c1-c000-41e2-a95d-7ae09d3bdcd9'),
 ('46', '88', 'en_us', 'Tinythumb Gloprofessional 3', NULL, NULL, NULL, NULL, NULL, NULL, NULL, '2017-05-12 00:26:32', '2017-05-12 00:27:04', '6275f3b2-029d-4c37-866b-07f1fa8d6cb3'),
 ('47', '89', 'en_us', 'Tinythumb Jamiehyneman 2', NULL, NULL, NULL, NULL, NULL, NULL, NULL, '2017-05-12 00:26:32', '2017-05-12 00:26:32', '1c21d5f2-508b-48f9-9b35-a29393453a61'),
 ('48', '90', 'en_us', 'Tinythumb Chrispine', NULL, NULL, NULL, NULL, NULL, NULL, NULL, '2017-05-12 00:32:23', '2017-05-12 00:32:23', '0d06b71f-db9c-46d4-97b5-570ff9219d7a'),
 ('49', '91', 'en_us', 'Tinythumb Darkwingduck', NULL, NULL, NULL, NULL, NULL, NULL, NULL, '2017-05-12 00:32:23', '2017-05-12 00:32:23', '2886890c-4d24-41eb-aa16-814c1fc8f6a1'),
 ('50', '92', 'en_us', 'Tinythumb Jamiehyneman 2', NULL, NULL, NULL, NULL, NULL, NULL, NULL, '2017-05-12 00:32:23', '2017-05-12 00:32:23', 'c645747d-031e-4162-b6cb-ddaf493ffd61'),
 ('51', '93', 'en_us', 'Tinythumb Martinfreeman', NULL, NULL, NULL, NULL, NULL, NULL, NULL, '2017-05-12 00:32:24', '2017-05-12 00:32:24', 'ff75588b-ee58-4baf-888a-440d53a7bcd9'),
 ('52', '94', 'en_us', 'Tinythumb Merlin 1', NULL, NULL, NULL, NULL, NULL, NULL, NULL, '2017-05-12 00:32:24', '2017-05-12 00:32:24', '1c42a2e2-3fd0-4b71-a0ef-ffb40521c06a'),
 ('53', '95', 'en_us', 'Tinythumb Mikey Wip', NULL, NULL, NULL, NULL, NULL, NULL, NULL, '2017-05-12 00:32:25', '2017-05-12 00:32:25', 'e56f393f-c285-45f9-85dc-3787262ecf9a'),
 ('54', '97', 'en_us', 'Tinythumb Chrispine', NULL, NULL, NULL, NULL, NULL, NULL, NULL, '2017-05-12 00:51:31', '2017-05-12 00:51:39', 'd23ad5fe-2194-4428-a3e9-fca68f90cb4b'),
 ('55', '98', 'en_us', 'Tinythumb Darkwingduck', NULL, NULL, NULL, NULL, NULL, NULL, NULL, '2017-05-12 00:51:31', '2017-05-12 00:51:39', '42888a1b-679c-4a38-8ae2-06ad8cddcda1'),
 ('56', '99', 'en_us', 'Tinythumb Jamiehyneman 2', NULL, NULL, NULL, NULL, NULL, NULL, NULL, '2017-05-12 00:51:31', '2017-05-12 00:51:39', 'e4925db0-673c-406c-8548-2e8f8ae29ae4'),
 ('57', '100', 'en_us', 'Tinythumb Martinfreeman', NULL, NULL, NULL, NULL, NULL, NULL, NULL, '2017-05-12 00:51:32', '2017-05-12 00:51:39', 'd6f6cda9-30dd-4369-a43e-a8e5c31d8341'),
 ('58', '101', 'en_us', 'Tinythumb Merlin 1', NULL, NULL, NULL, NULL, NULL, NULL, NULL, '2017-05-12 00:51:32', '2017-05-12 00:51:39', 'b195892e-8159-40f3-bdeb-c743cec15358'),
 ('59', '102', 'en_us', 'Tinythumb Mikey Wip', NULL, NULL, NULL, NULL, NULL, NULL, NULL, '2017-05-12 00:51:33', '2017-05-12 00:51:39', 'b0b82b39-9004-42d3-9983-ed322b94986d'),
 ('60', '103', 'en_us', 'Tinythumb Audimute 3', NULL, NULL, NULL, NULL, NULL, NULL, NULL, '2017-05-12 00:52:08', '2017-05-12 00:52:08', 'a8b03a2e-59d6-4cf1-b356-135d07fabedb'),
 ('61', '104', 'en_us', 'Tinythumb Bankmart', NULL, NULL, NULL, NULL, NULL, NULL, NULL, '2017-05-12 00:52:09', '2017-05-12 00:52:09', '047b51b4-f2e6-447b-8727-099cec74dcd7'),
 ('62', '105', 'en_us', 'Tinythumb Davidporter', NULL, NULL, NULL, NULL, NULL, NULL, NULL, '2017-05-12 00:52:09', '2017-05-12 00:52:09', '2cfabef0-e273-42a5-a0d5-d81443906712'),
 ('63', '106', 'en_us', 'Tinythumb Gloprofessional 3', NULL, NULL, NULL, NULL, NULL, NULL, NULL, '2017-05-12 00:52:09', '2017-05-12 00:52:09', 'bb526bab-4fbc-4835-8ba5-1726c9d4c314'),
 ('64', '107', 'en_us', 'Tinythumb Shanalogic', NULL, NULL, NULL, NULL, NULL, NULL, NULL, '2017-05-12 00:52:09', '2017-05-12 00:52:09', 'd87a6b53-d41a-4a12-ba7d-d7f5a33a2ee7'),
 ('65', '111', 'en_us', 'Everything Kitchens', NULL, NULL, NULL, NULL, NULL, NULL, '', '2017-05-15 21:16:01', '2017-05-15 21:16:14', '710d245d-41f8-4ab2-a731-c6fe205aab1f'),
 ('66', '112', 'en_us', 'Everything Kitchens', NULL, NULL, '', '', NULL, NULL, NULL, '2017-05-15 21:17:00', '2017-05-16 01:57:27', '570c0c83-7ec7-4c8f-aa6d-56796e15121e'),
 ('67', '116', 'en_us', 'Benham Brothers', NULL, NULL, NULL, NULL, NULL, NULL, '', '2017-05-15 21:53:12', '2017-05-15 21:53:24', '506342ed-c164-4e90-9e05-78464c52f6fe'),
 ('68', '117', 'en_us', 'Benham Brothers', NULL, NULL, '', '', NULL, NULL, NULL, '2017-05-15 21:53:36', '2017-05-16 13:56:06', '1320286d-382b-4779-808a-110a40d4a6bf'),
 ('69', '119', 'en_us', 'Senator Bob Hall', NULL, NULL, NULL, NULL, NULL, NULL, '', '2017-05-15 22:11:39', '2017-05-15 22:11:52', '9055cc66-2ad6-4795-9efb-70ae9e389e4f'),
 ('70', '120', 'en_us', 'Senator Bob Hall', NULL, NULL, '', '', NULL, NULL, NULL, '2017-05-15 22:12:06', '2017-05-16 00:28:53', 'f20e4ef0-17e1-4b16-8d1a-e6ff4de97d73'),
 ('71', '122', 'en_us', 'Ohio Right to Life', NULL, NULL, NULL, NULL, NULL, NULL, '', '2017-05-15 22:14:05', '2017-05-15 22:14:15', '9fc6a296-9c1a-4ccd-b568-8e03585f94c2'),
 ('72', '123', 'en_us', 'Ohio Right to Life', NULL, NULL, '', '', NULL, NULL, NULL, '2017-05-15 22:14:22', '2017-05-16 00:28:43', 'ea82c240-7600-4c75-941f-10e90fbd3f74'),
 ('73', '125', 'en_us', 'Everything Kitchens Header', NULL, NULL, NULL, NULL, NULL, NULL, NULL, '2017-05-16 01:52:13', '2017-05-16 01:52:13', 'e300419a-651d-41ae-98b5-f8085e87b87d'),
 ('74', '126', 'en_us', 'Everything Kitchens Logo', NULL, NULL, NULL, NULL, NULL, NULL, NULL, '2017-05-16 01:57:02', '2017-05-16 01:57:02', '697c7298-81e6-4914-a6ff-09c9bd24b9bc'),
 ('75', '127', 'en_us', 'Everything Kitchens Logo@2X', NULL, NULL, NULL, NULL, NULL, NULL, NULL, '2017-05-16 01:57:03', '2017-05-16 01:57:03', '367ca89d-deff-45e0-b6d9-8c6786266efc'),
 ('76', '128', 'en_us', 'Benham Brothers Header', NULL, NULL, NULL, NULL, NULL, NULL, NULL, '2017-05-16 02:23:59', '2017-05-16 02:23:59', '0074ded4-7acb-482c-8365-d79d78238455'),
 ('78', '130', 'en_us', 'Benham Brothers Logo', NULL, NULL, NULL, NULL, NULL, NULL, NULL, '2017-05-16 13:56:01', '2017-05-16 13:56:01', 'c3c73082-675b-4aef-bb59-5e0790b62907'),
 ('79', '131', 'en_us', 'Revive Magazine Thumbnail', NULL, NULL, NULL, NULL, NULL, NULL, '', '2017-05-16 21:32:18', '2017-05-16 21:32:27', '4bcef834-ad91-4ac4-8e30-9a74f934ba7b'),
 ('80', '132', 'en_us', 'Revive Magazine', NULL, NULL, '', '', NULL, NULL, NULL, '2017-05-16 21:32:54', '2017-05-16 21:32:54', 'a6e6a31c-08d4-4616-842c-623af48e85d9'),
 ('81', '134', 'en_us', 'Pastors Guide Thumbnail', NULL, NULL, NULL, NULL, NULL, NULL, '', '2017-05-16 21:33:54', '2017-05-16 21:34:04', '8a71bb43-81b2-4a05-a243-bfaffe8af699'),
 ('82', '135', 'en_us', 'Made to Flourish', NULL, NULL, '', '', NULL, NULL, NULL, '2017-05-16 21:34:43', '2017-05-16 21:42:15', 'c6606e48-e2b5-47ac-ace7-93fe1cc04e89'),
 ('83', '137', 'en_us', '\"Indy\" Rabbit Wardrobe', NULL, NULL, NULL, NULL, NULL, NULL, '<p>The final, approved designs and wardrobe for Indy Rabbit (with the oh-so-obvious homage to his “namesake”, which was sadly never used).</p>', '2017-05-16 22:28:00', '2017-05-16 22:34:58', '9517378e-80ad-4f61-9592-7b76defd460d'),
 ('84', '139', 'en_us', '\"Indy\" Rabbit Final Character Designs', NULL, NULL, NULL, NULL, NULL, NULL, '', '2017-05-16 22:33:56', '2017-05-16 22:34:44', '6254afeb-71d7-4ca4-9037-c51fbe32bfb8');



DROP TABLE IF EXISTS `craft_deprecationerrors`;


--
-- Schema for table `craft_deprecationerrors`
--
CREATE TABLE `craft_deprecationerrors` (
  `id` int(11) NOT NULL AUTO_INCREMENT,
  `key` varchar(255) COLLATE utf8_unicode_ci NOT NULL,
  `fingerprint` varchar(255) COLLATE utf8_unicode_ci NOT NULL,
  `lastOccurrence` datetime NOT NULL,
  `file` varchar(255) COLLATE utf8_unicode_ci NOT NULL,
  `line` smallint(6) unsigned NOT NULL,
  `class` varchar(255) COLLATE utf8_unicode_ci DEFAULT NULL,
  `method` varchar(255) COLLATE utf8_unicode_ci DEFAULT NULL,
  `template` varchar(255) COLLATE utf8_unicode_ci DEFAULT NULL,
  `templateLine` smallint(6) unsigned DEFAULT NULL,
  `message` varchar(255) COLLATE utf8_unicode_ci DEFAULT NULL,
  `traces` text COLLATE utf8_unicode_ci,
  `dateCreated` datetime NOT NULL,
  `dateUpdated` datetime NOT NULL,
  `uid` char(36) COLLATE utf8_unicode_ci NOT NULL DEFAULT '0',
  PRIMARY KEY (`id`),
  UNIQUE KEY `craft_deprecationerrors_key_fingerprint_unq_idx` (`key`,`fingerprint`)
) ENGINE=InnoDB DEFAULT CHARSET=utf8 COLLATE=utf8_unicode_ci;

DROP TABLE IF EXISTS `craft_elementindexsettings`;


--
-- Schema for table `craft_elementindexsettings`
--
CREATE TABLE `craft_elementindexsettings` (
  `id` int(11) NOT NULL AUTO_INCREMENT,
  `type` varchar(150) COLLATE utf8_unicode_ci NOT NULL,
  `settings` text COLLATE utf8_unicode_ci,
  `dateCreated` datetime NOT NULL,
  `dateUpdated` datetime NOT NULL,
  `uid` char(36) COLLATE utf8_unicode_ci NOT NULL DEFAULT '0',
  PRIMARY KEY (`id`),
  UNIQUE KEY `craft_elementindexsettings_type_unq_idx` (`type`)
) ENGINE=InnoDB AUTO_INCREMENT=2 DEFAULT CHARSET=utf8 COLLATE=utf8_unicode_ci;

--
-- Data for table `craft_elementindexsettings`
--

INSERT INTO `craft_elementindexsettings` (`id`, `type`, `settings`, `dateCreated`, `dateUpdated`, `uid`) VALUES
 ('1', 'Entry', '{\"sources\":{\"singles\":{\"tableAttributes\":{\"1\":\"link\",\"2\":\"slug\"}}}}', '2017-05-10 00:03:45', '2017-05-10 00:03:45', 'b990fd86-5fde-4de4-8246-0fa17fcc0a04');



DROP TABLE IF EXISTS `craft_elements`;


--
-- Schema for table `craft_elements`
--
CREATE TABLE `craft_elements` (
  `id` int(11) NOT NULL AUTO_INCREMENT,
  `type` varchar(150) COLLATE utf8_unicode_ci NOT NULL,
  `enabled` tinyint(1) unsigned NOT NULL DEFAULT '1',
  `archived` tinyint(1) unsigned NOT NULL DEFAULT '0',
  `dateCreated` datetime NOT NULL,
  `dateUpdated` datetime NOT NULL,
  `uid` char(36) COLLATE utf8_unicode_ci NOT NULL DEFAULT '0',
  PRIMARY KEY (`id`),
  KEY `craft_elements_type_idx` (`type`),
  KEY `craft_elements_enabled_idx` (`enabled`),
  KEY `craft_elements_archived_dateCreated_idx` (`archived`,`dateCreated`)
) ENGINE=InnoDB AUTO_INCREMENT=141 DEFAULT CHARSET=utf8 COLLATE=utf8_unicode_ci;

--
-- Data for table `craft_elements`
--

INSERT INTO `craft_elements` (`id`, `type`, `enabled`, `archived`, `dateCreated`, `dateUpdated`, `uid`) VALUES
 ('1', 'User', '1', '0', '2017-04-20 21:01:00', '2017-04-20 21:01:00', '248307f9-b6e8-49bb-a581-55707bb27daf'),
 ('2', 'Entry', '1', '0', '2017-04-20 21:01:02', '2017-05-13 03:53:26', '58f34775-85d1-487c-a5af-a0e28113eba9'),
 ('7', 'Entry', '1', '0', '2017-04-21 23:35:04', '2017-05-10 23:16:36', 'a3e7ce9f-dac8-4d1f-9b97-a2b03e6140db'),
 ('8', 'MatrixBlock', '1', '0', '2017-04-21 23:35:04', '2017-05-10 23:16:36', '96add979-518e-445c-a258-d87441ab85c2'),
 ('9', 'Entry', '1', '0', '2017-04-21 23:36:45', '2017-05-10 23:31:11', 'df8e027e-6947-4186-86c8-0521de60b87a'),
 ('10', 'MatrixBlock', '1', '0', '2017-04-21 23:36:45', '2017-05-10 23:31:11', '3aa8541f-e89c-43b9-a488-531e4dd11f79'),
 ('11', 'Entry', '1', '0', '2017-04-21 23:37:55', '2017-05-10 23:30:42', '7c998a5d-5902-4349-9adc-e3086102ac2a'),
 ('12', 'MatrixBlock', '1', '0', '2017-04-21 23:37:55', '2017-05-10 23:30:42', 'e23847d4-b198-4e1e-88d5-037fb303999b'),
 ('15', 'GlobalSet', '1', '0', '2017-05-10 01:16:37', '2017-05-10 01:21:38', '8171fd0a-602b-4f4e-8afb-993f28b33a09'),
 ('16', 'Asset', '1', '0', '2017-05-10 23:13:18', '2017-05-10 23:13:18', '148d13e5-b398-499f-9972-931edcfbd338'),
 ('17', 'Asset', '1', '0', '2017-05-10 23:13:18', '2017-05-10 23:13:18', 'c1477193-8296-4bfd-a4f2-c6e57131cf20'),
 ('18', 'Asset', '1', '0', '2017-05-10 23:13:18', '2017-05-10 23:13:18', '5352d3e1-f47b-400d-b717-27e957dfd701'),
 ('19', 'Asset', '1', '0', '2017-05-10 23:13:19', '2017-05-10 23:13:19', '8747438b-7ff7-41a9-85bc-e8d4cc770866'),
 ('20', 'Asset', '1', '0', '2017-05-10 23:13:19', '2017-05-10 23:13:19', '8483dc48-ca65-4b98-8bb7-8e8c84851e4c'),
 ('21', 'Entry', '1', '0', '2017-05-10 23:16:03', '2017-05-10 23:30:06', '55f13c68-f4f8-44a9-b495-6d62f070d08b'),
 ('22', 'MatrixBlock', '1', '0', '2017-05-10 23:16:03', '2017-05-10 23:30:06', 'ec9cad3a-ba13-4572-829e-2f035a3247b2'),
 ('23', 'Entry', '1', '0', '2017-05-10 23:18:22', '2017-05-10 23:29:14', '83fd11fe-2859-4e25-a211-564d9ed04e36'),
 ('24', 'MatrixBlock', '1', '0', '2017-05-10 23:18:22', '2017-05-10 23:29:14', 'd0b933a7-58f9-4afe-b0a0-f97e4e50cc68'),
 ('25', 'Entry', '1', '0', '2017-05-11 01:18:19', '2017-05-11 18:34:29', 'd599333f-c0e6-4eb0-97a0-4a9735d339cd'),
 ('26', 'Asset', '1', '0', '2017-05-11 01:20:34', '2017-05-11 01:20:34', '9ef4f9e2-9a0f-4d22-8924-faeaf7a61b0e'),
 ('27', 'Asset', '1', '0', '2017-05-11 01:23:33', '2017-05-11 01:23:33', '92927e83-88fa-4ed7-99c1-b341dba367f8'),
 ('28', 'MatrixBlock', '1', '0', '2017-05-11 01:25:31', '2017-05-11 18:34:29', '7c0ad9ea-2b10-4901-aed3-c3b02be4adde'),
 ('29', 'MatrixBlock', '1', '0', '2017-05-11 01:25:31', '2017-05-11 18:34:29', '281220a3-7bb0-47cb-868f-7d83df103ca4'),
 ('30', 'MatrixBlock', '1', '0', '2017-05-11 01:25:31', '2017-05-11 18:34:29', 'dc92e62d-0be1-4ad5-bd3c-9f5d69babc68'),
 ('31', 'MatrixBlock', '1', '0', '2017-05-11 01:25:31', '2017-05-11 18:34:29', '4b1834cd-6724-45af-a9a4-12affac8d6a8'),
 ('32', 'MatrixBlock', '1', '0', '2017-05-11 01:25:31', '2017-05-11 18:34:29', 'f72a4ac2-1c72-475b-b96e-251e7d941e9b'),
 ('33', 'MatrixBlock', '1', '0', '2017-05-11 04:53:23', '2017-05-11 18:34:29', '1b4826ef-b295-4467-bb7c-4c20052b0369'),
 ('34', 'Entry', '1', '0', '2017-05-11 18:23:09', '2017-05-15 22:14:35', '055fd81d-2188-4140-b893-bf807e3ce97a'),
 ('35', 'MatrixBlock', '1', '0', '2017-05-11 18:34:06', '2017-05-15 22:14:35', '02a60d82-3d55-4dc1-94e5-af1fe19f23c7'),
 ('37', 'MatrixBlock', '1', '0', '2017-05-11 18:34:06', '2017-05-15 22:14:35', 'a61f5e79-382a-44d9-8f4c-ce1ef67e8b2f'),
 ('38', 'MatrixBlock', '1', '0', '2017-05-11 18:38:34', '2017-05-13 03:53:26', '789c0adf-b4c3-46f8-9fd9-6a0311d7738b'),
 ('39', 'MatrixBlock', '1', '0', '2017-05-11 18:38:34', '2017-05-13 03:53:26', '7fa8e1f3-9c88-42d2-a697-f4a563037da0'),
 ('40', 'MatrixBlock', '1', '0', '2017-05-11 18:38:34', '2017-05-13 03:53:26', '80de7c26-d063-43db-bca8-e464f94822b7'),
 ('41', 'Entry', '1', '0', '2017-05-11 20:41:16', '2017-05-16 21:34:57', '3113bb94-76a2-4838-a251-365b5d6d8c4f'),
 ('45', 'MatrixBlock', '1', '0', '2017-05-11 20:45:57', '2017-05-16 21:34:57', 'e7554788-aac7-487c-bb80-154f32405ade'),
 ('46', 'MatrixBlock', '1', '0', '2017-05-11 20:45:57', '2017-05-16 21:34:57', 'af706044-c659-4daf-a040-0284fbfd1781'),
 ('47', 'MatrixBlock', '1', '0', '2017-05-11 20:45:57', '2017-05-16 21:34:57', '7ed796af-5ea4-428b-b245-364ca852c510'),
 ('48', 'Entry', '1', '0', '2017-05-11 20:47:10', '2017-05-16 22:35:05', '68caa79d-959d-4ff6-a4d7-a90141d2918e'),
 ('49', 'Asset', '1', '0', '2017-05-11 20:49:44', '2017-05-11 20:49:44', 'dafc14da-9c62-4b61-a67d-71abd7b0394a'),
 ('50', 'Asset', '1', '0', '2017-05-11 20:53:26', '2017-05-11 20:53:26', '7d71dca9-8f81-48f0-94c1-e81b56195bc5'),
 ('51', 'Asset', '1', '0', '2017-05-11 20:54:49', '2017-05-11 20:54:49', '4b9b0008-8cd5-492e-874d-a98781f0b3b7'),
 ('55', 'MatrixBlock', '1', '0', '2017-05-11 20:58:06', '2017-05-16 22:35:05', '0e834a4d-77bb-4d19-a54e-0b9f413b36c7'),
 ('56', 'MatrixBlock', '1', '0', '2017-05-11 21:11:33', '2017-05-16 22:35:05', '96834b30-5d59-4898-9e37-3fadf7039dc8'),
 ('57', 'Asset', '1', '0', '2017-05-11 23:11:53', '2017-05-11 23:51:37', '152732cc-7cf0-426a-9d1a-628d6c4722f9'),
 ('58', 'MatrixBlock', '1', '0', '2017-05-11 23:20:27', '2017-05-16 22:35:05', '20f37a64-b610-49aa-ad47-a5ab93a4c7dd'),
 ('59', 'Asset', '1', '0', '2017-05-11 23:51:15', '2017-05-11 23:51:29', 'cacf4b60-0d0c-4584-92b2-4a6b38d26bf2'),
 ('60', 'Asset', '1', '0', '2017-05-11 23:51:16', '2017-05-11 23:52:19', '0c6483d9-ac6c-4e4d-b6b9-19f81aaaaecd'),
 ('61', 'MatrixBlock', '1', '0', '2017-05-11 23:52:43', '2017-05-16 22:35:05', '52fe4af4-7280-4bb8-976e-7a8c468f5431'),
 ('62', 'MatrixBlock', '1', '0', '2017-05-11 23:52:43', '2017-05-16 22:35:05', '1bd81d9c-1c9a-467b-95d3-389a7c92b2c1'),
 ('63', 'MatrixBlock', '1', '0', '2017-05-11 23:52:43', '2017-05-16 22:35:05', '98c27870-963f-47cd-ab0d-50111e8419cd'),
 ('64', 'MatrixBlock', '1', '0', '2017-05-11 23:52:43', '2017-05-16 22:35:05', '8bfe4e8e-5437-46f3-9a4d-cf7ea0b0d292'),
 ('65', 'MatrixBlock', '1', '0', '2017-05-11 23:52:43', '2017-05-16 22:35:05', 'ff325362-9045-42e8-8aaf-86736609c7e2'),
 ('66', 'MatrixBlock', '1', '0', '2017-05-11 23:52:43', '2017-05-16 22:35:05', '2af87dd4-7cdc-4cd6-bc62-47e3f98713cf'),
 ('67', 'MatrixBlock', '1', '0', '2017-05-11 23:52:43', '2017-05-16 22:35:05', 'dfd016f1-f16e-46cc-89d7-76e62b9f6b27'),
 ('68', 'MatrixBlock', '1', '0', '2017-05-11 23:52:43', '2017-05-16 22:35:05', '38f1a68c-93d5-4c99-bb6d-e2c64c568119'),
 ('69', 'MatrixBlock', '1', '0', '2017-05-11 23:52:43', '2017-05-16 22:35:05', 'fdfe246c-ba23-4fa3-9323-ccf4237aa66c'),
 ('70', 'MatrixBlock', '1', '0', '2017-05-11 23:52:43', '2017-05-16 22:35:05', '2b8946e0-704d-42e8-b6be-189319d4f2d9'),
 ('71', 'Asset', '1', '0', '2017-05-11 23:56:57', '2017-05-11 23:56:57', '8fba72f7-0f5f-4801-a467-b82469e55b4a'),
 ('72', 'Asset', '1', '0', '2017-05-11 23:56:57', '2017-05-11 23:56:57', 'a9273e68-004c-47e5-bc25-8d768c085c3a'),
 ('73', 'Asset', '1', '0', '2017-05-11 23:56:58', '2017-05-11 23:56:58', '66182a18-db2d-478a-a744-aad06002cf95'),
 ('74', 'MatrixBlock', '1', '0', '2017-05-11 23:57:27', '2017-05-16 22:35:05', 'b438c290-6089-4591-b9c3-8a70ac699196'),
 ('75', 'Asset', '1', '0', '2017-05-12 00:01:17', '2017-05-12 00:01:17', '9948ad03-7201-4944-8a43-c3d6d1ff54e7'),
 ('76', 'MatrixBlock', '1', '0', '2017-05-12 00:01:25', '2017-05-16 22:35:05', '0227d2e8-9f81-4ce2-8673-b01914e72d39'),
 ('77', 'Asset', '1', '0', '2017-05-12 00:07:11', '2017-05-12 00:07:11', '36b54158-d75d-46cb-935e-ade143634351'),
 ('78', 'MatrixBlock', '1', '0', '2017-05-12 00:07:18', '2017-05-16 22:35:05', 'ad5471c6-8257-4494-9a33-0aa3b5b85226'),
 ('79', 'Asset', '1', '0', '2017-05-12 00:25:46', '2017-05-12 00:27:03', '0e05c459-dfc6-410b-aff6-8699ff671995'),
 ('80', 'Asset', '1', '0', '2017-05-12 00:25:47', '2017-05-12 00:25:47', '6e74440a-bde0-4b10-b48d-798f3530b35f'),
 ('81', 'Asset', '1', '0', '2017-05-12 00:25:47', '2017-05-12 00:25:47', 'aff84a20-aa40-498b-8632-7e731b954e09'),
 ('82', 'Asset', '1', '0', '2017-05-12 00:25:47', '2017-05-12 00:27:04', 'fe584ade-f628-44b5-9e93-af92121e5b3e'),
 ('83', 'Asset', '1', '0', '2017-05-12 00:25:48', '2017-05-12 00:25:48', 'c91b09d0-6b83-46fc-8d80-f654ab5143f9'),
 ('84', 'Asset', '1', '0', '2017-05-12 00:25:48', '2017-05-12 00:25:48', '57acd469-af78-49f6-8062-e2c1000f452a'),
 ('85', 'Asset', '1', '0', '2017-05-12 00:25:49', '2017-05-12 00:25:49', '51c2361b-a64e-4926-afcb-a2f918a272cd'),
 ('86', 'Asset', '1', '0', '2017-05-12 00:25:49', '2017-05-12 00:27:04', '2ea8237b-345b-4925-aae8-1a307c614093'),
 ('87', 'Asset', '1', '0', '2017-05-12 00:26:31', '2017-05-12 00:27:03', 'ed8668ea-f9dc-4f65-b688-378a8d350433'),
 ('88', 'Asset', '1', '0', '2017-05-12 00:26:32', '2017-05-12 00:27:04', 'fdf366bc-f06b-4040-a77b-03ac8cadf100'),
 ('89', 'Asset', '1', '0', '2017-05-12 00:26:32', '2017-05-12 00:26:32', 'e3caab54-b1fc-4337-845c-84466390a6eb'),
 ('90', 'Asset', '1', '0', '2017-05-12 00:32:23', '2017-05-12 00:32:23', '549c7f0f-e0ce-44f0-8beb-da01f7c6ef93'),
 ('91', 'Asset', '1', '0', '2017-05-12 00:32:23', '2017-05-12 00:32:23', '6b445e01-dad9-4c02-9729-bb552b8da6ea'),
 ('92', 'Asset', '1', '0', '2017-05-12 00:32:23', '2017-05-12 00:32:23', '62badea3-ad3d-4e46-8741-0ad8ff8f75ff'),
 ('93', 'Asset', '1', '0', '2017-05-12 00:32:24', '2017-05-12 00:32:24', '8d696909-5506-4b1e-ae8f-75dd6df62be7'),
 ('94', 'Asset', '1', '0', '2017-05-12 00:32:24', '2017-05-12 00:32:24', 'be32be7c-939a-4887-b8ff-1688b484f068'),
 ('95', 'Asset', '1', '0', '2017-05-12 00:32:25', '2017-05-12 00:32:25', '42b6f96c-3499-4d2a-a093-53b62598e299'),
 ('97', 'Asset', '1', '0', '2017-05-12 00:51:31', '2017-05-12 00:51:39', 'e69ad2cd-726e-48be-9557-7be8d7a5b5fc'),
 ('98', 'Asset', '1', '0', '2017-05-12 00:51:31', '2017-05-12 00:51:39', '138431e5-3fa6-4d91-8bac-24f973fdac4f'),
 ('99', 'Asset', '1', '0', '2017-05-12 00:51:31', '2017-05-12 00:51:39', '7b10c0a5-9294-4ed2-b9e3-89e849f0a4cf'),
 ('100', 'Asset', '1', '0', '2017-05-12 00:51:32', '2017-05-12 00:51:39', 'bae18147-2508-47a9-a940-8809bc32c036'),
 ('101', 'Asset', '1', '0', '2017-05-12 00:51:32', '2017-05-12 00:51:39', '0161b706-dc58-4ce7-8dc9-dd37bb1961c4'),
 ('102', 'Asset', '1', '0', '2017-05-12 00:51:33', '2017-05-12 00:51:39', '36d091d3-664a-4097-9c0e-8f5d08e920e3'),
 ('103', 'Asset', '1', '0', '2017-05-12 00:52:08', '2017-05-12 00:52:08', 'c2338382-0473-4aa4-8219-18527726ae10'),
 ('104', 'Asset', '1', '0', '2017-05-12 00:52:09', '2017-05-12 00:52:09', 'de031382-f6c9-499e-80f5-13b50a6fe605'),
 ('105', 'Asset', '1', '0', '2017-05-12 00:52:09', '2017-05-12 00:52:09', '7e6cf77e-56a0-4726-bcbd-27b736202596'),
 ('106', 'Asset', '1', '0', '2017-05-12 00:52:09', '2017-05-12 00:52:09', '90b101d7-de2d-4cc1-85c3-6425ea4dea10'),
 ('107', 'Asset', '1', '0', '2017-05-12 00:52:09', '2017-05-12 00:52:09', '6662913d-0a3c-4f6e-9f55-a1769ddca1a4'),
 ('108', 'MatrixBlock', '1', '0', '2017-05-13 03:30:22', '2017-05-16 22:35:05', '6c6465f8-12b3-4b7d-b63f-09e50aba48c9'),
 ('109', 'MatrixBlock', '1', '0', '2017-05-13 03:51:10', '2017-05-16 21:34:57', 'a7985ed5-fec8-4852-a11d-97c8f0d8d9c0'),
 ('110', 'MatrixBlock', '1', '0', '2017-05-13 03:53:26', '2017-05-13 03:53:26', '8a4772e2-604c-4dc7-8bbf-4172a191cddb'),
 ('111', 'Asset', '1', '0', '2017-05-15 21:16:01', '2017-05-15 21:16:14', '795f1264-bc07-44c9-8631-75321c2a1f1d'),
 ('112', 'Entry', '1', '0', '2017-05-15 21:17:00', '2017-05-16 01:57:27', '04d1b34a-04fc-47bb-8c0c-4ae8b52cb62b'),
 ('113', 'MatrixBlock', '1', '0', '2017-05-15 21:17:00', '2017-05-16 01:57:27', 'd2199912-8331-4dd4-8088-9d6661aae093'),
 ('114', 'MatrixBlock', '1', '0', '2017-05-15 21:46:47', '2017-05-15 22:14:35', '60e4ee63-391c-406d-9abe-98e8e99af112');
INSERT INTO `craft_elements` (`id`, `type`, `enabled`, `archived`, `dateCreated`, `dateUpdated`, `uid`) VALUES
 ('115', 'MatrixBlock', '1', '0', '2017-05-15 21:46:47', '2017-05-15 22:14:35', '9270dad3-b212-4f07-9057-58684dd76a79'),
 ('116', 'Asset', '1', '0', '2017-05-15 21:53:12', '2017-05-15 21:53:24', 'a833be46-51d1-4a5a-bbbe-22dbc56cce5a'),
 ('117', 'Entry', '1', '0', '2017-05-15 21:53:36', '2017-05-16 13:56:06', 'b240dd26-e1e8-4d3a-b557-e295af290e6f'),
 ('118', 'MatrixBlock', '1', '0', '2017-05-15 21:53:36', '2017-05-16 13:56:06', 'ab2c72af-444e-4e60-aaed-7b4cacc3b592'),
 ('119', 'Asset', '1', '0', '2017-05-15 22:11:39', '2017-05-15 22:11:52', '93c1d781-f806-4354-9df9-3d4c9c8ddcca'),
 ('120', 'Entry', '1', '0', '2017-05-15 22:12:06', '2017-05-16 00:28:53', 'b5dd0a37-2837-4668-a6d0-13763c9fd099'),
 ('121', 'MatrixBlock', '1', '0', '2017-05-15 22:12:06', '2017-05-16 00:28:53', '20844685-248e-4712-8415-e37b7e33c07a'),
 ('122', 'Asset', '1', '0', '2017-05-15 22:14:05', '2017-05-15 22:14:15', 'f78b7931-a71e-4176-853a-514f9e958578'),
 ('123', 'Entry', '1', '0', '2017-05-15 22:14:22', '2017-05-16 00:28:43', '69231b60-5762-4b42-9a94-a3a0040c12ef'),
 ('124', 'MatrixBlock', '1', '0', '2017-05-15 22:14:22', '2017-05-16 00:28:43', 'bbd0d48d-a58f-459b-af23-1267d545c1d7'),
 ('125', 'Asset', '1', '0', '2017-05-16 01:52:13', '2017-05-16 01:52:13', '9e981f6f-3e86-495b-90ce-3c9df63c17b3'),
 ('126', 'Asset', '1', '0', '2017-05-16 01:57:02', '2017-05-16 01:57:02', '410b4d88-e39d-44f0-aa34-547539039a15'),
 ('127', 'Asset', '1', '0', '2017-05-16 01:57:03', '2017-05-16 01:57:03', '11b69426-741c-4d97-b5ec-ce2e3e0b8069'),
 ('128', 'Asset', '1', '0', '2017-05-16 02:23:59', '2017-05-16 02:23:59', '24756bfa-f838-499a-bf7d-7a33b89b3446'),
 ('130', 'Asset', '1', '0', '2017-05-16 13:56:01', '2017-05-16 13:56:01', '95c425b6-28a9-4070-a398-15759e115574'),
 ('131', 'Asset', '1', '0', '2017-05-16 21:32:18', '2017-05-16 21:32:27', '70bffad1-dd6d-4a5e-93c0-2c7b68d01601'),
 ('132', 'Entry', '1', '0', '2017-05-16 21:32:54', '2017-05-16 21:32:54', 'e77f7c48-656c-4fdb-9ff1-7bf7f6a749cb'),
 ('133', 'MatrixBlock', '1', '0', '2017-05-16 21:32:54', '2017-05-16 21:32:54', 'f54a062d-c68d-4acc-9465-00e2b0c9a1da'),
 ('134', 'Asset', '1', '0', '2017-05-16 21:33:54', '2017-05-16 21:34:04', 'ff4277a3-cecb-42d8-8773-6b95cf6c1857'),
 ('135', 'Entry', '1', '0', '2017-05-16 21:34:43', '2017-05-16 21:42:15', '914ac9af-d843-47dc-a74d-e4e5859e9bd3'),
 ('136', 'MatrixBlock', '1', '0', '2017-05-16 21:34:43', '2017-05-16 21:42:15', '0641a0c9-2c3c-4e25-a580-624ab3615ecb'),
 ('137', 'Asset', '1', '0', '2017-05-16 22:28:00', '2017-05-16 22:34:58', 'a6246e78-c101-493c-817a-c92e32a5dc7a'),
 ('138', 'MatrixBlock', '1', '0', '2017-05-16 22:28:54', '2017-05-16 22:35:05', '959ad4d4-ec83-4df4-bf77-29ec815036f3'),
 ('139', 'Asset', '1', '0', '2017-05-16 22:33:56', '2017-05-16 22:34:44', 'cf3b9695-681e-4349-ab24-9b0512d92869'),
 ('140', 'MatrixBlock', '1', '0', '2017-05-16 22:35:05', '2017-05-16 22:35:05', 'fd82516b-d735-4194-9d8e-49aaa50b2bd9');



DROP TABLE IF EXISTS `craft_elements_i18n`;


--
-- Schema for table `craft_elements_i18n`
--
CREATE TABLE `craft_elements_i18n` (
  `id` int(11) NOT NULL AUTO_INCREMENT,
  `elementId` int(11) NOT NULL,
  `locale` char(12) COLLATE utf8_unicode_ci NOT NULL,
  `slug` varchar(255) COLLATE utf8_unicode_ci DEFAULT NULL,
  `uri` varchar(255) COLLATE utf8_unicode_ci DEFAULT NULL,
  `enabled` tinyint(1) unsigned NOT NULL DEFAULT '1',
  `dateCreated` datetime NOT NULL,
  `dateUpdated` datetime NOT NULL,
  `uid` char(36) COLLATE utf8_unicode_ci NOT NULL DEFAULT '0',
  PRIMARY KEY (`id`),
  UNIQUE KEY `craft_elements_i18n_elementId_locale_unq_idx` (`elementId`,`locale`),
  UNIQUE KEY `craft_elements_i18n_uri_locale_unq_idx` (`uri`,`locale`),
  KEY `craft_elements_i18n_slug_locale_idx` (`slug`,`locale`),
  KEY `craft_elements_i18n_enabled_idx` (`enabled`),
  KEY `craft_elements_i18n_locale_fk` (`locale`)
) ENGINE=InnoDB AUTO_INCREMENT=141 DEFAULT CHARSET=utf8 COLLATE=utf8_unicode_ci;

--
-- Data for table `craft_elements_i18n`
--

INSERT INTO `craft_elements_i18n` (`id`, `elementId`, `locale`, `slug`, `uri`, `enabled`, `dateCreated`, `dateUpdated`, `uid`) VALUES
 ('1', '1', 'en_us', '', NULL, '1', '2017-04-20 21:01:00', '2017-04-20 21:01:00', 'f2f924de-44f8-4703-aa4a-a4e72410cc0f'),
 ('2', '2', 'en_us', 'homepage', '__home__', '1', '2017-04-20 21:01:02', '2017-05-13 03:53:26', '67ab1e24-0fc8-40f9-a8a9-649e899b205a'),
 ('7', '7', 'en_us', 'jean-marc-indierabbit', 'testimonials/jean-marc-indierabbit', '1', '2017-04-21 23:35:04', '2017-05-10 23:16:36', 'a6033727-9dc2-4836-808a-c16679e518cc'),
 ('8', '8', 'en_us', '', NULL, '1', '2017-04-21 23:35:04', '2017-05-10 23:16:36', '1c19c938-30a6-4b87-b5aa-de210002b252'),
 ('9', '9', 'en_us', 'jean-marc-le-doux-kff', 'testimonials/jean-marc-le-doux-kff', '1', '2017-04-21 23:36:45', '2017-05-10 23:31:11', 'c2e3d520-38b8-44f7-9621-c1aa9209dd55'),
 ('10', '10', 'en_us', '', NULL, '1', '2017-04-21 23:36:45', '2017-05-10 23:31:11', '6c97ae16-1380-4fbd-be9c-60a7d20f8b16'),
 ('11', '11', 'en_us', 'aaron-paulus-flood-creative', 'testimonials/aaron-paulus-flood-creative', '1', '2017-04-21 23:37:55', '2017-05-10 23:30:42', '136b4163-b468-4d45-8be7-2d9b7dace5de'),
 ('12', '12', 'en_us', '', NULL, '1', '2017-04-21 23:37:55', '2017-05-10 23:30:42', 'f7fbaa35-ec59-4aac-84b5-52710169d011'),
 ('15', '15', 'en_us', '', NULL, '1', '2017-05-10 01:16:37', '2017-05-10 01:21:38', '7bd1b9fd-6513-4c9d-b6de-cafb50134ceb'),
 ('16', '16', 'en_us', 'testimony-aaron-paulus', NULL, '1', '2017-05-10 23:13:18', '2017-05-10 23:13:18', '6887b706-9dc5-4afb-b209-2de618559433'),
 ('17', '17', 'en_us', 'testimony-erik-hansen', NULL, '1', '2017-05-10 23:13:18', '2017-05-10 23:13:18', 'eba8a74f-15b9-4554-8c42-0370d06c8a25'),
 ('18', '18', 'en_us', 'testimony-jean-marc-le-doux', NULL, '1', '2017-05-10 23:13:18', '2017-05-10 23:13:18', '9d3ebb38-9f4d-4a7f-b0d4-d37fd75b2a33'),
 ('19', '19', 'en_us', 'testimony-jean-marc-le-doux2', NULL, '1', '2017-05-10 23:13:19', '2017-05-10 23:13:19', 'c8011981-dfd2-4621-bdc7-1e82ce652827'),
 ('20', '20', 'en_us', 'testimony-liza-hartman', NULL, '1', '2017-05-10 23:13:19', '2017-05-10 23:13:19', 'a571095f-6448-4e6d-a7f4-549116548f27'),
 ('21', '21', 'en_us', 'erik-hansen-cls', 'testimonials/erik-hansen-cls', '1', '2017-05-10 23:16:03', '2017-05-10 23:30:06', '4b3642a6-efbb-46cc-8d78-822d2d56cca1'),
 ('22', '22', 'en_us', '', NULL, '1', '2017-05-10 23:16:03', '2017-05-10 23:30:06', '92b94e2b-ac2b-4bad-aba4-5190eb7e9ad8'),
 ('23', '23', 'en_us', 'liza-hartman-life-action', 'testimonials/liza-hartman-life-action', '1', '2017-05-10 23:18:22', '2017-05-10 23:29:14', '144fcbb7-5356-48f0-b7ea-e7915e0eef7c'),
 ('24', '24', 'en_us', '', NULL, '1', '2017-05-10 23:18:22', '2017-05-10 23:29:14', '0621d1dd-416f-4d6d-9492-5672ac86038d'),
 ('25', '25', 'en_us', 'about', 'about', '1', '2017-05-11 01:18:19', '2017-05-11 18:34:29', '159dde5f-5228-438f-94df-fd8b884ae2b9'),
 ('26', '26', 'en_us', 'about-me-header', NULL, '1', '2017-05-11 01:20:34', '2017-05-11 01:20:34', 'a629bda2-03e5-4b91-ab63-f91fbed28a61'),
 ('27', '27', 'en_us', 'about-me-map-2', NULL, '1', '2017-05-11 01:23:34', '2017-05-11 01:23:34', 'd05e9f2b-3b71-4d02-b7dd-a145589dba7c'),
 ('28', '28', 'en_us', '', NULL, '1', '2017-05-11 01:25:31', '2017-05-11 18:34:29', 'b2143bcf-5a35-4ac2-a72f-a9d20522a5bb'),
 ('29', '29', 'en_us', '', NULL, '1', '2017-05-11 01:25:31', '2017-05-11 18:34:29', '4d944218-5bef-45e5-a9c1-f243ff8daecd'),
 ('30', '30', 'en_us', '', NULL, '1', '2017-05-11 01:25:31', '2017-05-11 18:34:29', '150456b6-42fc-4393-ab15-d8931b5866f8'),
 ('31', '31', 'en_us', '', NULL, '1', '2017-05-11 01:25:31', '2017-05-11 18:34:29', '85e9c9d6-b5b6-4c78-9359-23d60a63830d'),
 ('32', '32', 'en_us', '', NULL, '1', '2017-05-11 01:25:31', '2017-05-11 18:34:29', '53327f07-95f3-4b6d-86aa-b58e3168fb28'),
 ('33', '33', 'en_us', '', NULL, '1', '2017-05-11 04:53:23', '2017-05-11 18:34:29', 'c1836250-4168-445c-87c0-f4b9978e9da6'),
 ('34', '34', 'en_us', 'web-development-index', 'web', '1', '2017-05-11 18:23:09', '2017-05-15 22:14:35', '580ee828-0950-4f3e-8305-f93f2383da23'),
 ('35', '35', 'en_us', '', NULL, '1', '2017-05-11 18:34:06', '2017-05-15 22:14:35', '9dbdcc7b-f1f2-4b31-8c28-c2ba2b5efffe'),
 ('37', '37', 'en_us', '', NULL, '1', '2017-05-11 18:34:06', '2017-05-15 22:14:35', 'e079fac0-d87b-421a-b73e-56f00db175b9'),
 ('38', '38', 'en_us', '', NULL, '1', '2017-05-11 18:38:34', '2017-05-13 03:53:26', '501effe6-ffe7-451b-9a89-770037f35183'),
 ('39', '39', 'en_us', '', NULL, '1', '2017-05-11 18:38:34', '2017-05-13 03:53:26', '13702d2c-4feb-4cb8-a30d-9ec33e3bbc2a'),
 ('40', '40', 'en_us', '', NULL, '1', '2017-05-11 18:38:34', '2017-05-13 03:53:26', 'cea63d1f-893e-4008-bd09-0f998a938e66'),
 ('41', '41', 'en_us', 'illustration-index', 'art', '1', '2017-05-11 20:41:16', '2017-05-16 21:34:57', '4e187451-b3cb-413d-a3d8-ea20dca54f05'),
 ('45', '45', 'en_us', '', NULL, '1', '2017-05-11 20:45:57', '2017-05-16 21:34:57', '89fc1430-6925-49f3-b2e3-e4e72d7eab30'),
 ('46', '46', 'en_us', '', NULL, '1', '2017-05-11 20:45:57', '2017-05-16 21:34:57', '1d655512-d108-40ee-adae-20625f39fa79'),
 ('47', '47', 'en_us', '', NULL, '1', '2017-05-11 20:45:57', '2017-05-16 21:34:57', 'ba40f093-6330-4239-869e-432a76b429e0'),
 ('48', '48', 'en_us', 'indierabbit', 'art/indierabbit', '1', '2017-05-11 20:47:10', '2017-05-16 22:35:05', '262e267b-1a91-4c1f-8909-778e559455d1'),
 ('49', '49', 'en_us', 'indie-rabbit-header', NULL, '1', '2017-05-11 20:49:44', '2017-05-11 20:49:44', 'f40cd0fa-a42f-4290-ae9a-3e3d32eaa7e9'),
 ('50', '50', 'en_us', 'indie-rabbit-thumbnail', NULL, '1', '2017-05-11 20:53:26', '2017-05-11 20:53:26', 'b1220a44-a028-4d66-9d9f-84d3fd2a9f6c'),
 ('51', '51', 'en_us', 'indie-rabbit-logo', NULL, '1', '2017-05-11 20:54:49', '2017-05-11 20:54:49', 'e960c3f1-3333-43bf-b3fe-ae3cf2365f1b'),
 ('55', '55', 'en_us', '', NULL, '1', '2017-05-11 20:58:06', '2017-05-16 22:35:05', '4beb9fdf-01fc-428d-88b0-671793ea3fca'),
 ('56', '56', 'en_us', '', NULL, '1', '2017-05-11 21:11:33', '2017-05-16 22:35:05', 'cc427c85-ea6d-4e2f-bb7e-2bce69072c87'),
 ('57', '57', 'en_us', 'indie-rabbit-process', NULL, '1', '2017-05-11 23:11:53', '2017-05-11 23:51:37', '1824e58a-e720-41c6-9776-522f9c494076'),
 ('58', '58', 'en_us', '', NULL, '1', '2017-05-11 23:20:27', '2017-05-16 22:35:05', '390f5b4d-90d5-4ec0-9df3-8457794c9c5a'),
 ('59', '59', 'en_us', 'indie-rabbit-final-pencils', NULL, '1', '2017-05-11 23:51:15', '2017-05-11 23:51:29', 'a94c4353-ec5e-4634-b216-d05629cb5265'),
 ('60', '60', 'en_us', 'indie-rabbit-final', NULL, '1', '2017-05-11 23:51:16', '2017-05-11 23:52:19', '49f2b67a-cf0e-4860-afe8-9b2fb8097863'),
 ('61', '61', 'en_us', '', NULL, '1', '2017-05-11 23:52:43', '2017-05-16 22:35:05', '99080dce-b6e3-4871-8b70-422fd5e2b1d1'),
 ('62', '62', 'en_us', '', NULL, '1', '2017-05-11 23:52:43', '2017-05-16 22:35:05', '72da76c5-41fb-4bf4-ac75-567490117854'),
 ('63', '63', 'en_us', '', NULL, '1', '2017-05-11 23:52:43', '2017-05-16 22:35:05', 'f7717432-2b67-433d-a10c-c2038cef08d2'),
 ('64', '64', 'en_us', '', NULL, '1', '2017-05-11 23:52:43', '2017-05-16 22:35:05', 'a42e884d-1a2b-4b6a-86c3-d56495955ec8'),
 ('65', '65', 'en_us', '', NULL, '1', '2017-05-11 23:52:43', '2017-05-16 22:35:05', 'eb41a518-18af-4fc7-9ff2-ba0e9d7363a0'),
 ('66', '66', 'en_us', '', NULL, '1', '2017-05-11 23:52:43', '2017-05-16 22:35:05', '6d819221-61b0-44a6-b938-bdd9cc790806'),
 ('67', '67', 'en_us', '', NULL, '1', '2017-05-11 23:52:43', '2017-05-16 22:35:05', 'df742e6c-5e3c-4739-ad07-2ced31b79619'),
 ('68', '68', 'en_us', '', NULL, '1', '2017-05-11 23:52:43', '2017-05-16 22:35:05', '845e6ee3-55b2-42ae-9ad7-070a8431a02d'),
 ('69', '69', 'en_us', '', NULL, '1', '2017-05-11 23:52:43', '2017-05-16 22:35:05', '692e38e6-3b1c-4f01-bbab-8079772119a7'),
 ('70', '70', 'en_us', '', NULL, '1', '2017-05-11 23:52:43', '2017-05-16 22:35:05', '42881d5f-89e1-4b83-a44f-bd9ebf195514'),
 ('71', '71', 'en_us', 'indie-rabbit-salespitch1', NULL, '1', '2017-05-11 23:56:57', '2017-05-11 23:56:57', 'e37ff653-c2e0-460e-b06c-566bb73a04b7'),
 ('72', '72', 'en_us', 'indie-rabbit-salespitch2', NULL, '1', '2017-05-11 23:56:57', '2017-05-11 23:56:57', '3d5a9946-8efd-4860-8a30-1fa42917ac01'),
 ('73', '73', 'en_us', 'indie-rabbit-salespitch3', NULL, '1', '2017-05-11 23:56:58', '2017-05-11 23:56:58', '4b30967e-5410-4ebc-8112-b72a55e1e5fc'),
 ('74', '74', 'en_us', '', NULL, '1', '2017-05-11 23:57:27', '2017-05-16 22:35:05', 'fa8b5ba0-8251-4b8e-afe1-634dcaee4be0'),
 ('75', '75', 'en_us', 'indie-rabbit-firstconcept', NULL, '1', '2017-05-12 00:01:17', '2017-05-12 00:01:17', '0271aaca-0c27-45b2-b469-2d2e3c5aae58'),
 ('76', '76', 'en_us', '', NULL, '1', '2017-05-12 00:01:25', '2017-05-16 22:35:05', 'fd41fdb5-2c36-4591-a7a2-150c44b6df8c'),
 ('77', '77', 'en_us', 'indie-rabbit-director', NULL, '1', '2017-05-12 00:07:11', '2017-05-12 00:07:11', '001a7c5b-3d27-4b65-986a-78a644ea7bdb'),
 ('78', '78', 'en_us', '', NULL, '1', '2017-05-12 00:07:18', '2017-05-16 22:35:05', 'f495604f-52b5-4995-aa02-998422c0cc13'),
 ('79', '79', 'en_us', 'tinythumb-bankmart', NULL, '1', '2017-05-12 00:25:46', '2017-05-12 00:27:04', 'f0208947-5780-4044-983b-a4242d05f8e8'),
 ('80', '80', 'en_us', 'tinythumb-chrispine', NULL, '1', '2017-05-12 00:25:47', '2017-05-12 00:25:47', '3aab9910-385e-411c-8601-1a27a4eca2b8'),
 ('81', '81', 'en_us', 'tinythumb-darkwingduck', NULL, '1', '2017-05-12 00:25:47', '2017-05-12 00:25:47', 'ce4f3557-7899-4720-9116-469d92a4b144'),
 ('82', '82', 'en_us', 'tinythumb-davidporter', NULL, '1', '2017-05-12 00:25:47', '2017-05-12 00:27:04', 'e2e77f0a-0dd2-4927-8872-adb134740e46'),
 ('83', '83', 'en_us', 'tinythumb-martinfreeman', NULL, '1', '2017-05-12 00:25:48', '2017-05-12 00:25:48', 'e3cc862f-de16-4a3b-a6eb-5365ac42c3e4'),
 ('84', '84', 'en_us', 'tinythumb-merlin-1', NULL, '1', '2017-05-12 00:25:48', '2017-05-12 00:25:48', 'ab26279f-e288-4077-b1a9-a7c4cda15efb'),
 ('85', '85', 'en_us', 'tinythumb-mikey-wip', NULL, '1', '2017-05-12 00:25:49', '2017-05-12 00:25:49', '0c86b597-8a5b-4b2f-b351-72ce7bf6a981'),
 ('86', '86', 'en_us', 'tinythumb-shanalogic', NULL, '1', '2017-05-12 00:25:49', '2017-05-12 00:27:04', 'd7c45612-4730-48c6-802c-28e6b1938e86'),
 ('87', '87', 'en_us', 'tinythumb-audimute-3', NULL, '1', '2017-05-12 00:26:31', '2017-05-12 00:27:03', '83c11e0a-0873-46fe-99ad-aaeb0c4b72d5'),
 ('88', '88', 'en_us', 'tinythumb-gloprofessional-3', NULL, '1', '2017-05-12 00:26:32', '2017-05-12 00:27:04', 'a4d5abbd-01a6-4cb1-ba4f-b68954a87827'),
 ('89', '89', 'en_us', 'tinythumb-jamiehyneman-2', NULL, '1', '2017-05-12 00:26:32', '2017-05-12 00:26:32', '66a307d2-0acb-4e25-8e94-b5c9c5c6fcce'),
 ('90', '90', 'en_us', 'tinythumb-chrispine', NULL, '1', '2017-05-12 00:32:23', '2017-05-12 00:32:23', 'f39764f0-2bd3-4dd8-b672-dfff612b9b47'),
 ('91', '91', 'en_us', 'tinythumb-darkwingduck', NULL, '1', '2017-05-12 00:32:23', '2017-05-12 00:32:23', 'ec9e0eb6-4115-476a-89ef-1e0ced202f7a'),
 ('92', '92', 'en_us', 'tinythumb-jamiehyneman-2', NULL, '1', '2017-05-12 00:32:23', '2017-05-12 00:32:23', 'a72ae094-89f3-4a89-8362-66386b57b709'),
 ('93', '93', 'en_us', 'tinythumb-martinfreeman', NULL, '1', '2017-05-12 00:32:24', '2017-05-12 00:32:24', 'a9d9453f-54ca-43f4-97bb-905e426f7c9f'),
 ('94', '94', 'en_us', 'tinythumb-merlin-1', NULL, '1', '2017-05-12 00:32:24', '2017-05-12 00:32:24', '25801efd-ce59-4b47-98f5-97b9cd5a2720'),
 ('95', '95', 'en_us', 'tinythumb-mikey-wip', NULL, '1', '2017-05-12 00:32:25', '2017-05-12 00:32:25', '519d6353-83c9-4999-944b-9d1b6b258f17'),
 ('97', '97', 'en_us', 'tinythumb-chrispine', NULL, '1', '2017-05-12 00:51:31', '2017-05-12 00:51:39', 'd9cdce91-6928-445b-9c9a-a5dcafcbc075'),
 ('98', '98', 'en_us', 'tinythumb-darkwingduck', NULL, '1', '2017-05-12 00:51:31', '2017-05-12 00:51:39', 'a5e9b30c-6d3f-4537-b875-f4c5986eb8a8'),
 ('99', '99', 'en_us', 'tinythumb-jamiehyneman-2', NULL, '1', '2017-05-12 00:51:31', '2017-05-12 00:51:39', 'e70d8480-1fb8-4f09-b7d4-5371319aa155'),
 ('100', '100', 'en_us', 'tinythumb-martinfreeman', NULL, '1', '2017-05-12 00:51:32', '2017-05-12 00:51:39', '46540c8a-6129-4b30-a4b1-4250c1af4122'),
 ('101', '101', 'en_us', 'tinythumb-merlin-1', NULL, '1', '2017-05-12 00:51:32', '2017-05-12 00:51:39', '72171a41-c096-431e-8d92-b45d650e92a8'),
 ('102', '102', 'en_us', 'tinythumb-mikey-wip', NULL, '1', '2017-05-12 00:51:33', '2017-05-12 00:51:39', '80bfbc39-7a59-4eda-84c2-8b8a1d0e16d1'),
 ('103', '103', 'en_us', 'tinythumb-audimute-3', NULL, '1', '2017-05-12 00:52:08', '2017-05-12 00:52:08', '8a33518b-a0fc-4ce3-ac45-38b291e29fbf'),
 ('104', '104', 'en_us', 'tinythumb-bankmart', NULL, '1', '2017-05-12 00:52:09', '2017-05-12 00:52:09', 'ce0b7133-8146-431c-9c4c-973437f6d65f'),
 ('105', '105', 'en_us', 'tinythumb-davidporter', NULL, '1', '2017-05-12 00:52:09', '2017-05-12 00:52:09', 'b3881759-1fb6-4c35-bfd2-7ea6553aff37'),
 ('106', '106', 'en_us', 'tinythumb-gloprofessional-3', NULL, '1', '2017-05-12 00:52:09', '2017-05-12 00:52:09', '05e9912c-4605-4346-be9d-4b7456162109'),
 ('107', '107', 'en_us', 'tinythumb-shanalogic', NULL, '1', '2017-05-12 00:52:09', '2017-05-12 00:52:09', '4c6bb0ab-5772-480e-9b2e-cd9c21736fd7'),
 ('108', '108', 'en_us', '', NULL, '1', '2017-05-13 03:30:22', '2017-05-16 22:35:05', 'd24883a8-dd32-4292-9e15-1cf2f2fc04ca'),
 ('109', '109', 'en_us', '', NULL, '1', '2017-05-13 03:51:10', '2017-05-16 21:34:57', 'd2d668ba-b783-468a-8b42-85a598bc7700'),
 ('110', '110', 'en_us', '', NULL, '1', '2017-05-13 03:53:26', '2017-05-13 03:53:26', '0cebdbec-bb0c-41bb-a632-2bf6c7480653'),
 ('111', '111', 'en_us', 'everything-kitchens-thumbnail-3', NULL, '1', '2017-05-15 21:16:01', '2017-05-15 21:16:14', 'b8d6300b-5c7d-4d96-a37e-6dfb641dfb3a'),
 ('112', '112', 'en_us', 'everything-kitchens', 'web/everything-kitchens', '1', '2017-05-15 21:17:00', '2017-05-16 01:57:27', 'c15bf1fb-cef2-45a8-81b3-0014cd1e5b64'),
 ('113', '113', 'en_us', '', NULL, '1', '2017-05-15 21:17:00', '2017-05-16 01:57:27', '05709452-bfbe-453e-9dde-e06a97bcccd9'),
 ('114', '114', 'en_us', '', NULL, '1', '2017-05-15 21:46:47', '2017-05-15 22:14:35', 'c4192816-d373-4f73-b78d-f1320f43c3d1');
INSERT INTO `craft_elements_i18n` (`id`, `elementId`, `locale`, `slug`, `uri`, `enabled`, `dateCreated`, `dateUpdated`, `uid`) VALUES
 ('115', '115', 'en_us', '', NULL, '1', '2017-05-15 21:46:47', '2017-05-15 22:14:35', '6017b02d-534d-47e7-8359-d542fdb31a3f'),
 ('116', '116', 'en_us', 'benham-brothers-thumbnail-1', NULL, '1', '2017-05-15 21:53:12', '2017-05-15 21:53:24', 'ab90f28b-1fda-4dfc-aff2-31500d40a650'),
 ('117', '117', 'en_us', 'benham-brothers', 'web/benham-brothers', '1', '2017-05-15 21:53:36', '2017-05-16 13:56:06', '0b67bcc6-ad92-4110-8f0a-8641b7f4122f'),
 ('118', '118', 'en_us', '', NULL, '1', '2017-05-15 21:53:36', '2017-05-16 13:56:06', '94b869f3-ab51-48fb-99b8-ec27558a714f'),
 ('119', '119', 'en_us', 'bob-hall-thumbnail-1', NULL, '1', '2017-05-15 22:11:39', '2017-05-15 22:11:52', '4967d67c-0cee-479d-8424-8c2f27bf7fe7'),
 ('120', '120', 'en_us', 'senator-bob-hall', 'web/senator-bob-hall', '1', '2017-05-15 22:12:06', '2017-05-16 00:28:53', '90d7e74d-4dea-4909-8c12-bcd80fa6fcc4'),
 ('121', '121', 'en_us', '', NULL, '1', '2017-05-15 22:12:06', '2017-05-16 00:28:54', '67933a59-9e55-4f73-8048-66e297066833'),
 ('122', '122', 'en_us', 'ohio-life-thumbnail-2', NULL, '1', '2017-05-15 22:14:05', '2017-05-15 22:14:15', 'a33fe9b8-804d-4ca1-9292-89ef27256166'),
 ('123', '123', 'en_us', 'ohio-right-to-life', 'web/ohio-right-to-life', '1', '2017-05-15 22:14:22', '2017-05-16 00:28:43', 'a4fb334e-f4be-4f2e-a7a9-1b51be65e71f'),
 ('124', '124', 'en_us', '', NULL, '1', '2017-05-15 22:14:22', '2017-05-16 00:28:43', '99a35f75-6db6-4803-b5f1-1737d9880bb4'),
 ('125', '125', 'en_us', 'everything-kitchens-header', NULL, '1', '2017-05-16 01:52:13', '2017-05-16 01:52:13', '05297c88-5528-48a7-9e2a-278628f7e460'),
 ('126', '126', 'en_us', 'everything-kitchens-logo', NULL, '1', '2017-05-16 01:57:02', '2017-05-16 01:57:02', 'f7f7c2d2-e058-42a3-b1a4-87594126afe8'),
 ('127', '127', 'en_us', 'everything-kitchens-logo-2x', NULL, '1', '2017-05-16 01:57:03', '2017-05-16 01:57:03', '3f200a42-3553-461e-be5c-1e1f7e400d6f'),
 ('128', '128', 'en_us', 'benham-brothers-header', NULL, '1', '2017-05-16 02:23:59', '2017-05-16 02:23:59', 'b63e8987-84d6-429c-a50f-58561849f5ad'),
 ('130', '130', 'en_us', 'benham-brothers-logo', NULL, '1', '2017-05-16 13:56:01', '2017-05-16 13:56:01', '1b0cc55c-494b-447b-a096-4522ecf3db43'),
 ('131', '131', 'en_us', 'revive-magazine-thumbnail-2', NULL, '1', '2017-05-16 21:32:18', '2017-05-16 21:32:27', '583062fa-2ffa-42be-ab90-b4f536025b39'),
 ('132', '132', 'en_us', 'revive-magazine', 'art/revive-magazine', '1', '2017-05-16 21:32:54', '2017-05-16 21:32:55', 'b1378cac-9d68-4f4f-ba57-c891654943b6'),
 ('133', '133', 'en_us', '', NULL, '1', '2017-05-16 21:32:54', '2017-05-16 21:32:54', '7fe8c60b-f905-4bc4-8a93-3ed1b9ebf41d'),
 ('134', '134', 'en_us', 'pastors-guide-thumbnail-2', NULL, '1', '2017-05-16 21:33:54', '2017-05-16 21:34:04', 'e6560b32-e05f-4e23-b729-427c44209b74'),
 ('135', '135', 'en_us', 'made-to-flourish', 'art/made-to-flourish', '1', '2017-05-16 21:34:43', '2017-05-16 21:42:15', '164644f1-6920-4ca5-bcf1-d6454466e499'),
 ('136', '136', 'en_us', '', NULL, '1', '2017-05-16 21:34:43', '2017-05-16 21:42:15', '8b9d431b-3c07-4e78-817e-bdd8b28c0476'),
 ('137', '137', 'en_us', 'indie-rabbit-wardrobe', NULL, '1', '2017-05-16 22:28:00', '2017-05-16 22:34:58', '305c6c5c-9e29-4601-98b5-596b17be33a9'),
 ('138', '138', 'en_us', '', NULL, '1', '2017-05-16 22:28:54', '2017-05-16 22:35:05', '4ea633af-e5a0-4c90-934a-1bc5907133fb'),
 ('139', '139', 'en_us', 'indie-rabbit-character-designs-final', NULL, '1', '2017-05-16 22:33:56', '2017-05-16 22:34:44', '41b88959-5c5d-40a8-b6c7-9675f439a7f0'),
 ('140', '140', 'en_us', '', NULL, '1', '2017-05-16 22:35:05', '2017-05-16 22:35:05', '0cbf8f79-5f5c-4be6-bec9-78e403a05719');



DROP TABLE IF EXISTS `craft_emailmessages`;


--
-- Schema for table `craft_emailmessages`
--
CREATE TABLE `craft_emailmessages` (
  `id` int(11) NOT NULL AUTO_INCREMENT,
  `key` char(150) COLLATE utf8_unicode_ci NOT NULL,
  `locale` char(12) COLLATE utf8_unicode_ci NOT NULL,
  `subject` varchar(1000) COLLATE utf8_unicode_ci NOT NULL,
  `body` text COLLATE utf8_unicode_ci NOT NULL,
  `dateCreated` datetime NOT NULL,
  `dateUpdated` datetime NOT NULL,
  `uid` char(36) COLLATE utf8_unicode_ci NOT NULL DEFAULT '0',
  PRIMARY KEY (`id`),
  UNIQUE KEY `craft_emailmessages_key_locale_unq_idx` (`key`,`locale`),
  KEY `craft_emailmessages_locale_fk` (`locale`)
) ENGINE=InnoDB DEFAULT CHARSET=utf8 COLLATE=utf8_unicode_ci;

DROP TABLE IF EXISTS `craft_entries`;


--
-- Schema for table `craft_entries`
--
CREATE TABLE `craft_entries` (
  `id` int(11) NOT NULL,
  `sectionId` int(11) NOT NULL,
  `typeId` int(11) DEFAULT NULL,
  `authorId` int(11) DEFAULT NULL,
  `postDate` datetime DEFAULT NULL,
  `expiryDate` datetime DEFAULT NULL,
  `dateCreated` datetime NOT NULL,
  `dateUpdated` datetime NOT NULL,
  `uid` char(36) COLLATE utf8_unicode_ci NOT NULL DEFAULT '0',
  PRIMARY KEY (`id`),
  KEY `craft_entries_sectionId_idx` (`sectionId`),
  KEY `craft_entries_typeId_idx` (`typeId`),
  KEY `craft_entries_postDate_idx` (`postDate`),
  KEY `craft_entries_expiryDate_idx` (`expiryDate`),
  KEY `craft_entries_authorId_fk` (`authorId`)
) ENGINE=InnoDB DEFAULT CHARSET=utf8 COLLATE=utf8_unicode_ci;

--
-- Data for table `craft_entries`
--

INSERT INTO `craft_entries` (`id`, `sectionId`, `typeId`, `authorId`, `postDate`, `expiryDate`, `dateCreated`, `dateUpdated`, `uid`) VALUES
 ('2', '1', NULL, NULL, '2017-04-20 21:01:02', NULL, '2017-04-20 21:01:02', '2017-05-13 03:53:26', 'ce761a31-745e-4324-a011-64d197b79804'),
 ('7', '6', '6', '1', '2017-04-21 23:35:00', NULL, '2017-04-21 23:35:04', '2017-05-10 23:16:36', '51e40d3f-e2b7-4086-bfc4-66dd2f5f42eb'),
 ('9', '6', '6', '1', '2017-04-21 23:36:00', NULL, '2017-04-21 23:36:45', '2017-05-10 23:31:11', '68f7e0fd-26d4-40b5-a575-8438b9426271'),
 ('11', '6', '6', '1', '2017-04-21 23:37:00', NULL, '2017-04-21 23:37:55', '2017-05-10 23:30:42', '5d087b17-0d7b-4a89-a0d1-d9b20434c781'),
 ('21', '6', '6', '1', '2017-05-10 23:16:00', NULL, '2017-05-10 23:16:04', '2017-05-10 23:30:06', '270b28ac-fa3c-46b0-91d7-2b5395c56906'),
 ('23', '6', '6', '1', '2017-05-10 23:18:00', NULL, '2017-05-10 23:18:22', '2017-05-10 23:29:14', '1ad9e820-d7d0-4178-85ea-4a37cd79a400'),
 ('25', '7', '7', NULL, '2017-05-11 01:26:26', NULL, '2017-05-11 01:18:19', '2017-05-11 18:34:29', '25d85f9c-f229-4bfd-9d34-c04d9f88d45b'),
 ('34', '9', '9', NULL, '2017-05-11 21:23:23', NULL, '2017-05-11 18:23:09', '2017-05-15 22:14:35', 'b9b35d73-dd75-461e-bf9b-c6ee7e0b495a'),
 ('41', '11', '11', NULL, '2017-05-11 21:23:29', NULL, '2017-05-11 20:41:16', '2017-05-16 21:34:57', 'c55aa6d6-fb82-4ada-b299-e449c44c83a0'),
 ('48', '10', '10', '1', '2017-05-11 20:47:00', NULL, '2017-05-11 20:47:10', '2017-05-16 22:35:05', '9276d24a-fb44-4d8b-b0c2-008a52260e44'),
 ('112', '8', '8', '1', '2017-05-15 21:17:00', NULL, '2017-05-15 21:17:00', '2017-05-16 01:57:27', '33871023-d26f-460e-a3b8-ee51dad4f3f0'),
 ('117', '8', '8', '1', '2017-05-15 21:53:00', NULL, '2017-05-15 21:53:36', '2017-05-16 13:56:06', '37fcedf5-4a78-4aa7-99b1-8aa2010b09f0'),
 ('120', '8', '8', '1', '2017-05-15 22:12:00', NULL, '2017-05-15 22:12:06', '2017-05-16 00:28:54', 'b1d2a082-d4d9-4ded-beec-4386a9da6882'),
 ('123', '8', '8', '1', '2017-05-15 22:14:00', NULL, '2017-05-15 22:14:22', '2017-05-16 00:28:43', 'eced6642-0a8b-4599-8cf4-a58a3e710e46'),
 ('132', '10', '10', '1', '2017-05-16 21:32:54', NULL, '2017-05-16 21:32:54', '2017-05-16 21:32:54', 'af5966f6-1670-46d6-84f9-6b14239fa52a'),
 ('135', '10', '10', '1', '2017-05-16 21:34:00', NULL, '2017-05-16 21:34:43', '2017-05-16 21:42:15', '34e5ba79-d329-4b1e-8c92-c36a6f135df1');



DROP TABLE IF EXISTS `craft_entrydrafts`;


--
-- Schema for table `craft_entrydrafts`
--
CREATE TABLE `craft_entrydrafts` (
  `id` int(11) NOT NULL AUTO_INCREMENT,
  `entryId` int(11) NOT NULL,
  `sectionId` int(11) NOT NULL,
  `creatorId` int(11) NOT NULL,
  `locale` char(12) COLLATE utf8_unicode_ci NOT NULL,
  `name` varchar(255) COLLATE utf8_unicode_ci NOT NULL,
  `notes` tinytext COLLATE utf8_unicode_ci,
  `data` mediumtext COLLATE utf8_unicode_ci NOT NULL,
  `dateCreated` datetime NOT NULL,
  `dateUpdated` datetime NOT NULL,
  `uid` char(36) COLLATE utf8_unicode_ci NOT NULL DEFAULT '0',
  PRIMARY KEY (`id`),
  KEY `craft_entrydrafts_entryId_locale_idx` (`entryId`,`locale`),
  KEY `craft_entrydrafts_sectionId_fk` (`sectionId`),
  KEY `craft_entrydrafts_creatorId_fk` (`creatorId`),
  KEY `craft_entrydrafts_locale_fk` (`locale`)
) ENGINE=InnoDB DEFAULT CHARSET=utf8 COLLATE=utf8_unicode_ci;

DROP TABLE IF EXISTS `craft_entrytypes`;


--
-- Schema for table `craft_entrytypes`
--
CREATE TABLE `craft_entrytypes` (
  `id` int(11) NOT NULL AUTO_INCREMENT,
  `sectionId` int(11) NOT NULL,
  `fieldLayoutId` int(11) DEFAULT NULL,
  `name` varchar(255) COLLATE utf8_unicode_ci NOT NULL,
  `handle` varchar(255) COLLATE utf8_unicode_ci NOT NULL,
  `hasTitleField` tinyint(1) unsigned NOT NULL DEFAULT '1',
  `titleLabel` varchar(255) COLLATE utf8_unicode_ci DEFAULT 'Title',
  `titleFormat` varchar(255) COLLATE utf8_unicode_ci DEFAULT NULL,
  `sortOrder` smallint(6) unsigned DEFAULT NULL,
  `dateCreated` datetime NOT NULL,
  `dateUpdated` datetime NOT NULL,
  `uid` char(36) COLLATE utf8_unicode_ci NOT NULL DEFAULT '0',
  PRIMARY KEY (`id`),
  UNIQUE KEY `craft_entrytypes_name_sectionId_unq_idx` (`name`,`sectionId`),
  UNIQUE KEY `craft_entrytypes_handle_sectionId_unq_idx` (`handle`,`sectionId`),
  KEY `craft_entrytypes_sectionId_fk` (`sectionId`),
  KEY `craft_entrytypes_fieldLayoutId_fk` (`fieldLayoutId`)
) ENGINE=InnoDB AUTO_INCREMENT=12 DEFAULT CHARSET=utf8 COLLATE=utf8_unicode_ci;

--
-- Data for table `craft_entrytypes`
--

INSERT INTO `craft_entrytypes` (`id`, `sectionId`, `fieldLayoutId`, `name`, `handle`, `hasTitleField`, `titleLabel`, `titleFormat`, `sortOrder`, `dateCreated`, `dateUpdated`, `uid`) VALUES
 ('1', '1', '119', 'Homepage', 'homepage', '1', 'Page Title', NULL, '1', '2017-04-20 21:01:02', '2017-05-13 03:47:42', 'c379eaa2-17f9-4b75-ab58-4e02b91ba64c'),
 ('6', '6', '43', 'Testimonials', 'testimonials', '1', 'Title', NULL, '1', '2017-04-21 23:12:00', '2017-05-10 04:17:35', 'b190d281-1d69-4867-86db-94fe4fe60bad'),
 ('7', '7', '75', 'About', 'about', '1', 'Title', NULL, '1', '2017-05-11 01:18:19', '2017-05-11 18:22:11', 'a99fee5d-32c6-4e9b-a2ee-5b59f0bdec0b'),
 ('8', '8', '115', 'Web Development', 'webDevelopment', '1', 'Page Title', NULL, '1', '2017-05-11 18:15:34', '2017-05-13 03:29:13', 'edb2c901-02ed-4fd1-8157-dceebd4a5c1f'),
 ('9', '9', '77', 'Web Development Index', 'webDevelopmentIndex', '1', 'Page Title', NULL, '1', '2017-05-11 18:23:09', '2017-05-11 18:25:42', '37165971-d180-4eef-9820-125d60240063'),
 ('10', '10', '116', 'Illustration', 'illustration', '1', 'Page Title', NULL, '1', '2017-05-11 20:40:56', '2017-05-13 03:29:28', '6d78b970-aa16-4856-9692-b1c2e6ccbe9c'),
 ('11', '11', '120', 'Illustration Index', 'illustrationIndex', '1', 'Page Title', NULL, '1', '2017-05-11 20:41:16', '2017-05-13 03:47:59', 'd6656a54-d4bc-41d6-8548-f529263014d5');



DROP TABLE IF EXISTS `craft_entryversions`;


--
-- Schema for table `craft_entryversions`
--
CREATE TABLE `craft_entryversions` (
  `id` int(11) NOT NULL AUTO_INCREMENT,
  `entryId` int(11) NOT NULL,
  `sectionId` int(11) NOT NULL,
  `creatorId` int(11) DEFAULT NULL,
  `locale` char(12) COLLATE utf8_unicode_ci NOT NULL,
  `num` smallint(6) unsigned NOT NULL,
  `notes` tinytext COLLATE utf8_unicode_ci,
  `data` mediumtext COLLATE utf8_unicode_ci NOT NULL,
  `dateCreated` datetime NOT NULL,
  `dateUpdated` datetime NOT NULL,
  `uid` char(36) COLLATE utf8_unicode_ci NOT NULL DEFAULT '0',
  PRIMARY KEY (`id`),
  KEY `craft_entryversions_entryId_locale_idx` (`entryId`,`locale`),
  KEY `craft_entryversions_sectionId_fk` (`sectionId`),
  KEY `craft_entryversions_creatorId_fk` (`creatorId`),
  KEY `craft_entryversions_locale_fk` (`locale`)
) ENGINE=InnoDB AUTO_INCREMENT=91 DEFAULT CHARSET=utf8 COLLATE=utf8_unicode_ci;

--
-- Data for table `craft_entryversions`
--

INSERT INTO `craft_entryversions` (`id`, `entryId`, `sectionId`, `creatorId`, `locale`, `num`, `notes`, `data`, `dateCreated`, `dateUpdated`, `uid`) VALUES
 ('1', '2', '1', '1', 'en_us', '1', NULL, '{\"typeId\":\"1\",\"authorId\":null,\"title\":\"Homepage\",\"slug\":\"homepage\",\"postDate\":1492722062,\"expiryDate\":null,\"enabled\":1,\"parentId\":null,\"fields\":[]}', '2017-04-20 21:01:02', '2017-04-20 21:01:02', '0e6badcc-e1ea-4834-bd4f-4e10043bc7bf'),
 ('2', '2', '1', '1', 'en_us', '2', NULL, '{\"typeId\":null,\"authorId\":null,\"title\":\"Welcome to Craft.jgwilsondesign.dev!\",\"slug\":\"homepage\",\"postDate\":1492722062,\"expiryDate\":null,\"enabled\":\"1\",\"parentId\":null,\"fields\":{\"1\":\"<p>It\\u2019s true, this site doesn\\u2019t have a whole lot of content yet, but don\\u2019t worry. Our web developers have just installed the CMS, and they\\u2019re setting things up for the content editors this very moment. Soon Craft.jgwilsondesign.dev will be an oasis of fresh perspectives, sharp analyses, and astute opinions that will keep you coming back again and again.<\\/p>\"}}', '2017-04-20 21:01:03', '2017-04-20 21:01:03', 'b81cede1-d76f-4e30-ad4b-580f135bb7ae'),
 ('7', '7', '6', '1', 'en_us', '1', '', '{\"typeId\":null,\"authorId\":\"1\",\"title\":\"Jean-Marc @ IndieRabbit\",\"slug\":\"jean-marc-indierabbit\",\"postDate\":1492817703,\"expiryDate\":null,\"enabled\":1,\"parentId\":\"\",\"fields\":{\"13\":{\"new1\":{\"type\":\"testimonial\",\"enabled\":\"1\",\"fields\":{\"quote\":\"<p>\\u201cI\\u2019m a huge stickler for quality and pixel-perfect detail. Wilson delivers both on the daily. Not only did he design a killer rabbit (no Monty Python joke intended) mascot for our company, but he did so with a dedication to the spirit of our company unparalleled in the design world. He and his work are a treasure and I would without any doubt, recommend him for whatever project is on your mind.\\u201d<\\/p>\",\"cite\":\"Jean-Marc Le Doux\",\"company\":\"IndieRabbit\",\"avatar\":\"\",\"role\":\"Co-founder\"}}}}}', '2017-04-21 23:35:04', '2017-04-21 23:35:04', '4bef162c-512d-480e-bdce-d9e2e9d66118'),
 ('8', '9', '6', '1', 'en_us', '1', '', '{\"typeId\":null,\"authorId\":\"1\",\"title\":\"Jean-Marc Le Doux @ KFF\",\"slug\":\"jean-marc-le-doux-kff\",\"postDate\":1492817805,\"expiryDate\":null,\"enabled\":1,\"parentId\":\"\",\"fields\":{\"13\":{\"new1\":{\"type\":\"testimonial\",\"enabled\":\"1\",\"fields\":{\"quote\":\"<p>\\u201cA master of detail, Wilson brings his all to every project, always looking for new ideas to take a concept deeper and deliver results above and beyond the required. In our case, he crafted a stunning book cover that seamlessly wove together our concepts and copy-heavy title into a visual masterpiece. A stellar designer, illustrator, and creative force, without hesitation I\\u2019ll tell you to book him today!\\u201d<\\/p>\",\"cite\":\"Jean-Marc Le Doux\",\"company\":\"Kern Family Foundation\",\"avatar\":\"\",\"role\":\"\"}}}}}', '2017-04-21 23:36:45', '2017-04-21 23:36:45', '108709b3-b8b0-4616-aec0-e203487eadc8'),
 ('9', '11', '6', '1', 'en_us', '1', '', '{\"typeId\":null,\"authorId\":\"1\",\"title\":\"Aaron Paulus @ Flood Creative\",\"slug\":\"aaron-paulus-flood-creative\",\"postDate\":1492817875,\"expiryDate\":null,\"enabled\":1,\"parentId\":\"\",\"fields\":{\"13\":{\"new1\":{\"type\":\"testimonial\",\"enabled\":\"1\",\"fields\":{\"quote\":\"<p>\\u201cWilson has always been great to work with! His positive can-do attitude coupled with his creativity and rockstar skills has made him the perfect partner for a wide variety of projects including design, illustration, and web development.\\u201d<\\/p>\",\"cite\":\"Aaron Paulus\",\"company\":\"Flood Creative Agency\",\"avatar\":\"\",\"role\":\"\"}}}}}', '2017-04-21 23:37:55', '2017-04-21 23:37:55', 'cbeeec18-2f35-4470-9d2c-4080b05bc133'),
 ('10', '9', '6', '1', 'en_us', '2', '', '{\"typeId\":\"6\",\"authorId\":\"1\",\"title\":\"Jean-Marc @ KFF\",\"slug\":\"jean-marc-le-doux-kff\",\"postDate\":1492817760,\"expiryDate\":null,\"enabled\":1,\"parentId\":\"\",\"fields\":{\"13\":{\"10\":{\"type\":\"testimonial\",\"enabled\":\"1\",\"fields\":{\"quote\":\"<p>\\u201cA master of detail, Wilson brings his all to every project, always looking for new ideas to take a concept deeper and deliver results above and beyond the required. In our case, he crafted a stunning book cover that seamlessly wove together our concepts and copy-heavy title into a visual masterpiece. A stellar designer, illustrator, and creative force, without hesitation I\\u2019ll tell you to book him today!\\u201d<\\/p>\",\"cite\":\"Jean-Marc Le Doux\",\"company\":\"Kern Family Foundation\",\"avatar\":\"\",\"role\":\"\"}}}}}', '2017-04-21 23:38:07', '2017-04-21 23:38:07', '1d4416db-53f6-41ae-bfe2-81a9121917e3'),
 ('11', '7', '6', '1', 'en_us', '2', '', '{\"typeId\":\"6\",\"authorId\":\"1\",\"title\":\"Jean-Marc @ IndieRabbit\",\"slug\":\"jean-marc-indierabbit\",\"postDate\":1492817700,\"expiryDate\":null,\"enabled\":1,\"parentId\":\"\",\"fields\":{\"13\":{\"8\":{\"type\":\"testimonial\",\"enabled\":\"1\",\"fields\":{\"quote\":\"<p>\\u201cI\\u2019m a huge stickler for quality and pixel-perfect detail. Wilson delivers both on the daily. Not only did he design a killer rabbit (no Monty Python joke intended) mascot for our company, but he did so with a dedication to the spirit of our company unparalleled in the design world. He and his work are a treasure and I would without any doubt, recommend him for whatever project is on your mind.\\u201d<\\/p>\",\"cite\":\"Jean-Marc Le Doux\",\"company\":\"IndieRabbit\",\"avatar\":[\"13\"],\"role\":\"Co-founder\"}}}}}', '2017-04-22 22:40:02', '2017-04-22 22:40:02', '5f98eb0f-0c3f-43b6-9c93-24dbaf40278b'),
 ('12', '11', '6', '1', 'en_us', '2', '', '{\"typeId\":\"6\",\"authorId\":\"1\",\"title\":\"Aaron Paulus @ Flood Creative\",\"slug\":\"aaron-paulus-flood-creative\",\"postDate\":1492817820,\"expiryDate\":null,\"enabled\":1,\"parentId\":\"\",\"fields\":{\"13\":{\"12\":{\"type\":\"testimonial\",\"enabled\":\"1\",\"fields\":{\"quote\":\"<p>\\u201cWilson has always been great to work with! His positive can-do attitude coupled with his creativity and rockstar skills has made him the perfect partner for a wide variety of projects including design, illustration, and web development.\\u201d<\\/p>\",\"cite\":\"Aaron Paulus\",\"company\":\"Flood Creative Agency\",\"avatar\":[\"14\"],\"role\":\"\"}}}}}', '2017-04-22 22:40:44', '2017-04-22 22:40:44', 'cc01630a-1820-4af0-8cc1-f57b6d7fb5ad'),
 ('13', '2', '1', '1', 'en_us', '3', '', '{\"typeId\":null,\"authorId\":null,\"title\":\"I\\u2019M WILSON.\",\"slug\":\"homepage\",\"postDate\":1492722062,\"expiryDate\":null,\"enabled\":1,\"parentId\":null,\"fields\":{\"1\":\"<p>I\\u2019m a passionate creative based in Portland, Oregon. I&nbsp;<a href=\\\"http:\\/\\/craft.jgwilsondesign.dev\\/work-index.html\\\">build great experiences for the web<\\/a>&nbsp;and I&nbsp;<a href=\\\"http:\\/\\/craft.jgwilsondesign.dev\\/work-index.html\\\">draw all kinds of things<\\/a>, too!<\\/p>\"}}', '2017-05-10 18:45:40', '2017-05-10 18:45:40', 'b6c80771-fa6b-4834-8818-a801cfc24642'),
 ('14', '2', '1', '1', 'en_us', '4', '', '{\"typeId\":null,\"authorId\":null,\"title\":\"I\\u2019m Wilson.\",\"slug\":\"homepage\",\"postDate\":1492722062,\"expiryDate\":null,\"enabled\":1,\"parentId\":null,\"fields\":{\"1\":\"<p>I\\u2019m a passionate creative based in Portland, Oregon. I&nbsp;<a href=\\\"http:\\/\\/craft.jgwilsondesign.dev\\/work-index.html\\\">build great experiences for the web<\\/a>&nbsp;and I&nbsp;<a href=\\\"http:\\/\\/craft.jgwilsondesign.dev\\/work-index.html\\\">draw all kinds of things<\\/a>, too!<\\/p>\"}}', '2017-05-10 18:45:57', '2017-05-10 18:45:57', '6819704c-79d0-4512-aec2-eda5e5c9fac3'),
 ('15', '21', '6', '1', 'en_us', '1', '', '{\"typeId\":null,\"authorId\":\"1\",\"title\":\"Erik Hansen @ CLS\",\"slug\":\"erik-hansen-cls\",\"postDate\":1494458163,\"expiryDate\":null,\"enabled\":1,\"parentId\":\"\",\"fields\":{\"13\":{\"new1\":{\"type\":\"testimonial\",\"enabled\":\"1\",\"fields\":{\"quote\":\"<p>\\u201cWilson is a really sharp developer. It\'s rare to have a developer who also has strong design skills, but Wilson possesses both of those skills which allows him to approach projects holistically. Over the years of working with him, his attention to detail resulted in many successful projects.\\u201d<\\/p>\",\"cite\":\"Erik Hansen\",\"company\":\"Classy Llama\",\"avatar\":[\"17\"],\"role\":\"\"}}}}}', '2017-05-10 23:16:04', '2017-05-10 23:16:04', '7ee78e34-4bbf-4ff2-a412-436a979db80d'),
 ('16', '7', '6', '1', 'en_us', '3', '', '{\"typeId\":\"6\",\"authorId\":\"1\",\"title\":\"Jean-Marc @ IndieRabbit\",\"slug\":\"jean-marc-indierabbit\",\"postDate\":1492817700,\"expiryDate\":null,\"enabled\":1,\"parentId\":\"\",\"fields\":{\"13\":{\"8\":{\"type\":\"testimonial\",\"enabled\":\"1\",\"fields\":{\"quote\":\"<p>\\u201cI\\u2019m a huge stickler for quality and pixel-perfect detail. Wilson delivers both on the daily. Not only did he design a killer rabbit (no Monty Python joke intended) mascot for our company, but he did so with a dedication to the spirit of our company unparalleled in the design world. He and his work are a treasure and I would without any doubt, recommend him for whatever project is on your mind.\\u201d<\\/p>\",\"cite\":\"Jean-Marc Le Doux\",\"company\":\"IndieRabbit\",\"avatar\":[\"18\"],\"role\":\"Co-founder\"}}}}}', '2017-05-10 23:16:36', '2017-05-10 23:16:36', '6251b63d-9c98-420a-bd96-549c79f11850'),
 ('17', '11', '6', '1', 'en_us', '3', '', '{\"typeId\":\"6\",\"authorId\":\"1\",\"title\":\"Aaron Paulus @ Flood Creative\",\"slug\":\"aaron-paulus-flood-creative\",\"postDate\":1492817820,\"expiryDate\":null,\"enabled\":1,\"parentId\":\"\",\"fields\":{\"13\":{\"12\":{\"type\":\"testimonial\",\"enabled\":\"1\",\"fields\":{\"quote\":\"<p>\\u201cWilson has always been great to work with! His positive can-do attitude coupled with his creativity and rockstar skills has made him the perfect partner for a wide variety of projects including design, illustration, and web development.\\u201d<\\/p>\",\"cite\":\"Aaron Paulus\",\"company\":\"Flood Creative Agency\",\"avatar\":[\"16\"],\"role\":\"\"}}}}}', '2017-05-10 23:16:51', '2017-05-10 23:16:51', '5b533c9c-803d-4fcf-8836-5f4288efb383'),
 ('18', '9', '6', '1', 'en_us', '3', '', '{\"typeId\":\"6\",\"authorId\":\"1\",\"title\":\"Jean-Marc @ KFF\",\"slug\":\"jean-marc-le-doux-kff\",\"postDate\":1492817760,\"expiryDate\":null,\"enabled\":1,\"parentId\":\"\",\"fields\":{\"13\":{\"10\":{\"type\":\"testimonial\",\"enabled\":\"1\",\"fields\":{\"quote\":\"<p>\\u201cA master of detail, Wilson brings his all to every project, always looking for new ideas to take a concept deeper and deliver results above and beyond the required. In our case, he crafted a stunning book cover that seamlessly wove together our concepts and copy-heavy title into a visual masterpiece. A stellar designer, illustrator, and creative force, without hesitation I\\u2019ll tell you to book him today!\\u201d<\\/p>\",\"cite\":\"Jean-Marc Le Doux\",\"company\":\"Kern Family Foundation\",\"avatar\":[\"19\"],\"role\":\"\"}}}}}', '2017-05-10 23:17:10', '2017-05-10 23:17:10', '7a2f0277-7791-49f7-8c3e-0014af212997'),
 ('19', '23', '6', '1', 'en_us', '1', '', '{\"typeId\":null,\"authorId\":\"1\",\"title\":\"Liza Hartman @ Life Action\",\"slug\":\"liza-hartman-life-action\",\"postDate\":1494458302,\"expiryDate\":null,\"enabled\":1,\"parentId\":\"\",\"fields\":{\"13\":{\"new1\":{\"type\":\"testimonial\",\"enabled\":\"1\",\"fields\":{\"quote\":\"<p>\\u201cI\\u2019ve enjoyed working with Wilson for custom illustration because he owns the project and has always delivered above and beyond my expectations. He pays attention to detail and also to the big picture of what the art is meant to communicate.\\u201d<\\/p>\",\"cite\":\"Liza Hartman\",\"company\":\"Life Action Ministries\",\"avatar\":[\"20\"],\"role\":\"\"}}}}}', '2017-05-10 23:18:23', '2017-05-10 23:18:23', '45522839-e735-47c9-aba9-51ded7143f9a'),
 ('20', '21', '6', '1', 'en_us', '2', '', '{\"typeId\":\"6\",\"authorId\":\"1\",\"title\":\"Erik Hansen @ CLS\",\"slug\":\"erik-hansen-cls\",\"postDate\":1494458160,\"expiryDate\":null,\"enabled\":1,\"parentId\":\"\",\"fields\":{\"13\":{\"22\":{\"type\":\"testimonial\",\"enabled\":\"1\",\"fields\":{\"quote\":\"<p>\\u201cWilson is a really sharp developer. It\'s rare to have a developer who also has strong design skills, but Wilson possesses both of those skills which allows him to approach projects holistically. Over the years of working with him, his attention to detail resulted in many successful projects.\\u201d<\\/p>\",\"cite\":\"Erik Hansen\",\"company\":\"Classy Llama\",\"avatar\":[\"17\"],\"role\":\"Lead Engineer\"}}}}}', '2017-05-10 23:27:02', '2017-05-10 23:27:02', 'ef86161b-540d-4ab8-a12a-29fb5d144c81'),
 ('21', '23', '6', '1', 'en_us', '2', '', '{\"typeId\":\"6\",\"authorId\":\"1\",\"title\":\"Liza Hartman @ Life Action\",\"slug\":\"liza-hartman-life-action\",\"postDate\":1494458280,\"expiryDate\":null,\"enabled\":1,\"parentId\":\"\",\"fields\":{\"13\":{\"24\":{\"type\":\"testimonial\",\"enabled\":\"1\",\"fields\":{\"quote\":\"<p>\\u201cI\\u2019ve enjoyed working with Wilson for custom illustration because he owns the project and has always delivered above and beyond my expectations. He pays attention to detail and also to the big picture of what the art is meant to communicate.\\u201d<\\/p>\",\"cite\":\"Liza Hartman\",\"company\":\"Life Action Ministries\",\"avatar\":[\"20\"],\"role\":\"Art Director\"}}}}}', '2017-05-10 23:29:14', '2017-05-10 23:29:14', '07c1f67d-ec99-4a70-8795-19cede5755ff'),
 ('22', '21', '6', '1', 'en_us', '3', '', '{\"typeId\":\"6\",\"authorId\":\"1\",\"title\":\"Erik Hansen @ CLS\",\"slug\":\"erik-hansen-cls\",\"postDate\":1494458160,\"expiryDate\":null,\"enabled\":1,\"parentId\":\"\",\"fields\":{\"13\":{\"22\":{\"type\":\"testimonial\",\"enabled\":\"1\",\"fields\":{\"quote\":\"<p>\\u201cWilson is a really sharp developer. It\\u2019s rare to have a developer who also has strong design skills, but Wilson possesses both of those skills which allows him to approach projects holistically. Over the years of working with him, his attention to detail resulted in many successful projects.\\u201d<\\/p>\",\"cite\":\"Erik Hansen\",\"company\":\"Classy Llama\",\"avatar\":[\"17\"],\"role\":\"Co-founder\"}}}}}', '2017-05-10 23:30:06', '2017-05-10 23:30:06', '1c832ad2-c061-487b-ab09-6376307127a6'),
 ('23', '11', '6', '1', 'en_us', '4', '', '{\"typeId\":\"6\",\"authorId\":\"1\",\"title\":\"Aaron Paulus @ Flood Creative\",\"slug\":\"aaron-paulus-flood-creative\",\"postDate\":1492817820,\"expiryDate\":null,\"enabled\":1,\"parentId\":\"\",\"fields\":{\"13\":{\"12\":{\"type\":\"testimonial\",\"enabled\":\"1\",\"fields\":{\"quote\":\"<p>\\u201cWilson has always been great to work with! His positive can-do attitude coupled with his creativity and rockstar skills has made him the perfect partner for a wide variety of projects including design, illustration, and web development.\\u201d<\\/p>\",\"cite\":\"Aaron Paulus\",\"company\":\"Flood Creative Agency\",\"avatar\":[\"16\"],\"role\":\"Founder\"}}}}}', '2017-05-10 23:30:42', '2017-05-10 23:30:42', '37a3f84e-1603-4178-90b7-676e2b71ffbd'),
 ('24', '9', '6', '1', 'en_us', '4', '', '{\"typeId\":\"6\",\"authorId\":\"1\",\"title\":\"Jean-Marc @ KFF\",\"slug\":\"jean-marc-le-doux-kff\",\"postDate\":1492817760,\"expiryDate\":null,\"enabled\":1,\"parentId\":\"\",\"fields\":{\"13\":{\"10\":{\"type\":\"testimonial\",\"enabled\":\"1\",\"fields\":{\"quote\":\"<p>\\u201cA master of detail, Wilson brings his all to every project, always looking for new ideas to take a concept deeper and deliver results above and beyond the required. In our case, he crafted a stunning book cover that seamlessly wove together our concepts and copy-heavy title into a visual masterpiece. A stellar designer, illustrator, and creative force, without hesitation I\\u2019ll tell you to book him today!\\u201d<\\/p>\",\"cite\":\"Jean-Marc Le Doux\",\"company\":\"Kern Family Foundation\",\"avatar\":[\"19\"],\"role\":\"Project Lead\"}}}}}', '2017-05-10 23:31:11', '2017-05-10 23:31:11', '005693e9-6e99-494b-a90f-11faf59a2e93'),
 ('25', '25', '7', '1', 'en_us', '1', NULL, '{\"typeId\":\"7\",\"authorId\":null,\"title\":\"About\",\"slug\":\"about\",\"postDate\":1494465499,\"expiryDate\":null,\"enabled\":1,\"parentId\":null,\"fields\":[]}', '2017-05-11 01:18:19', '2017-05-11 01:18:19', '12517561-cb97-448a-9689-43df076f9f67'),
 ('26', '25', '7', '1', 'en_us', '2', '', '{\"typeId\":null,\"authorId\":null,\"title\":\"About Me\",\"slug\":\"about\",\"postDate\":1494465499,\"expiryDate\":null,\"enabled\":1,\"parentId\":null,\"fields\":{\"3\":{\"new1\":{\"type\":\"trivia\",\"enabled\":\"1\",\"fields\":{\"triviaHeading\":\"Learner of Things\",\"triviaBody\":\"<p>I\\u2019m almost entirely self-taught in everything I do. Almost. (That means I\\u2019ve consumed a lot of video tutorials on YouTube and articles all across the web.) I have always loved to learn new things and am a self-starter.<\\/p>\",\"triviaImage\":\"\"}},\"new2\":{\"type\":\"trivia\",\"enabled\":\"1\",\"fields\":{\"triviaHeading\":\"Lover of Animation\",\"triviaBody\":\"<p>At the age of 13, I made the decision that I would be a character animator when I grew up. Even though I might not be an animator yet, I figure I\\u2019m still growing up&hellip; So there\\u2019s still a chance.<\\/p>\",\"triviaImage\":\"\"}},\"new3\":{\"type\":\"trivia\",\"enabled\":\"1\",\"fields\":{\"triviaHeading\":\"Reader of Books\",\"triviaBody\":\"<p>I don\\u2019t read as much as I\\u2019d like, but I do seem to collect books so there\\u2019s always something to pick from. My favorite just-for-fun read is still&nbsp;<em>Ender\\u2019s Game<\\/em>, by Orson Scott Card.<\\/p>\",\"triviaImage\":\"\"}},\"new4\":{\"type\":\"trivia\",\"enabled\":\"1\",\"fields\":{\"triviaHeading\":\"Watcher of Great Films\",\"triviaBody\":\"<p>At last count, I own&nbsp;<strong>351<\\/strong>&nbsp;movies. And I\\u2019ve seen far more than that. I love movies. I love the way they combine so many artistic disciplines into one final product. (Bonus fact: I\\u2019ve noticed that I tend to buy more movies when I don\\u2019t have Netflix.)<\\/p>\",\"triviaImage\":\"\"}},\"new5\":{\"type\":\"trivia\",\"enabled\":\"1\",\"fields\":{\"triviaHeading\":\"Traveler of Places\",\"triviaBody\":\"<p>When I was a kid, my dad was in the US Air Force. That means I had the huge privilege of getting to travel the country. I haven\\u2019t done any traveling outside the US, though, except when I was born in Germany while my parents were stationed there.<\\/p>\",\"triviaImage\":[\"27\"]}}},\"1\":\"<p>Ever since I could hold a crayon, I\\u2019ve scribbled, colored, and made things. Today, I scribble and color less, and illustrate, design, and code more.<\\/p>\",\"21\":[\"26\"],\"25\":\"\",\"26\":\"\",\"24\":\"About me: Who IS Joseph Wilson?\"}}', '2017-05-11 01:25:31', '2017-05-11 01:25:31', 'e4e562d3-3433-460e-8f42-324185b43178'),
 ('27', '25', '7', '1', 'en_us', '3', '', '{\"typeId\":\"7\",\"authorId\":null,\"title\":\"About Me\",\"slug\":\"about\",\"postDate\":1494465986,\"expiryDate\":null,\"enabled\":1,\"parentId\":null,\"fields\":{\"27\":\"<p>I like things that look good and work well, and I love to work and play by creating. If you\\u2019re in need of a developer, designer, illustrator, or some combination of the three, email me, and let\\u2019s talk. I\\u2019d love to hear from you!<\\/p>\",\"3\":{\"28\":{\"type\":\"trivia\",\"enabled\":\"1\",\"fields\":{\"triviaHeading\":\"Learner of Things\",\"triviaBody\":\"<p>I\\u2019m almost entirely self-taught in everything I do. Almost. (That means I\\u2019ve consumed a lot of video tutorials on YouTube and articles all across the web.) I have always loved to learn new things and am a self-starter.<\\/p>\",\"triviaImage\":\"\"}},\"29\":{\"type\":\"trivia\",\"enabled\":\"1\",\"fields\":{\"triviaHeading\":\"Lover of Animation\",\"triviaBody\":\"<p>At the age of 13, I made the decision that I would be a character animator when I grew up. Even though I might not be an animator yet, I figure I\\u2019m still growing up&hellip; So there\\u2019s still a chance.<\\/p>\",\"triviaImage\":\"\"}},\"30\":{\"type\":\"trivia\",\"enabled\":\"1\",\"fields\":{\"triviaHeading\":\"Reader of Books\",\"triviaBody\":\"<p>I don\\u2019t read as much as I\\u2019d like, but I do seem to collect books so there\\u2019s always something to pick from. My favorite just-for-fun read is still&nbsp;<em>Ender\\u2019s Game<\\/em>, by Orson Scott Card.<\\/p>\",\"triviaImage\":\"\"}},\"31\":{\"type\":\"trivia\",\"enabled\":\"1\",\"fields\":{\"triviaHeading\":\"Watcher of Great Films\",\"triviaBody\":\"<p>At last count, I own&nbsp;<strong>351<\\/strong>&nbsp;movies. And I\\u2019ve seen far more than that. I love movies. I love the way they combine so many artistic disciplines into one final product. (Bonus fact: I\\u2019ve noticed that I tend to buy more movies when I don\\u2019t have Netflix.)<\\/p>\",\"triviaImage\":\"\"}},\"32\":{\"type\":\"trivia\",\"enabled\":\"1\",\"fields\":{\"triviaHeading\":\"Traveler of Places\",\"triviaBody\":\"<p>When I was a kid, my dad was in the US Air Force. That means I had the huge privilege of getting to travel the country. I haven\\u2019t done any traveling outside the US, though, except when I was born in Germany while my parents were stationed there.<\\/p>\",\"triviaImage\":[\"27\"]}}},\"1\":\"<p>Ever since I could hold a crayon, I\\u2019ve scribbled, colored, and made things. Today, I scribble and color less, and illustrate, design, and code more.<\\/p>\",\"21\":[\"26\"],\"25\":\"\",\"26\":\"\",\"24\":\"About me: Who IS Joseph Wilson?\"}}', '2017-05-11 02:02:00', '2017-05-11 02:02:00', '3996fb52-c18c-40ed-a58a-fd57ce12f30a'),
 ('28', '25', '7', '1', 'en_us', '4', '', '{\"typeId\":\"7\",\"authorId\":null,\"title\":\"About Me\",\"slug\":\"about\",\"postDate\":1494465986,\"expiryDate\":null,\"enabled\":1,\"parentId\":null,\"fields\":{\"27\":\"<p>I like things that look good and work well, and I love to work and play by creating. If you\\u2019re in need of a developer, designer, illustrator, or some combination of the three, email me, and let\\u2019s talk. I\\u2019d love to hear from you!<\\/p>\",\"3\":{\"28\":{\"type\":\"trivia\",\"enabled\":\"1\",\"fields\":{\"triviaHeading\":\"Learner of Things\",\"triviaBody\":\"<p>I\\u2019m almost entirely self-taught in everything I do. Almost. (That means I\\u2019ve consumed a lot of video tutorials on YouTube and articles all across the web.) I have always loved to learn new things and am a self-starter.<\\/p>\",\"triviaImage\":\"\"}},\"29\":{\"type\":\"trivia\",\"enabled\":\"1\",\"fields\":{\"triviaHeading\":\"Lover of Animation\",\"triviaBody\":\"<p>At the age of 13, I made the decision that I would be a character animator when I grew up. Even though I might not be an animator yet, I figure I\\u2019m still growing up&hellip; So there\\u2019s still a chance.<\\/p>\",\"triviaImage\":\"\"}},\"30\":{\"type\":\"trivia\",\"enabled\":\"1\",\"fields\":{\"triviaHeading\":\"Reader of Books\",\"triviaBody\":\"<p>I don\\u2019t read as much as I\\u2019d like, but I do seem to collect books so there\\u2019s always something to pick from. My favorite just-for-fun read is still&nbsp;<em>Ender\\u2019s Game<\\/em>, by Orson Scott Card.<\\/p>\",\"triviaImage\":\"\"}},\"31\":{\"type\":\"trivia\",\"enabled\":\"1\",\"fields\":{\"triviaHeading\":\"Watcher of Great Films\",\"triviaBody\":\"<p>At last count, I own&nbsp;<strong>351<\\/strong>&nbsp;movies. And I\\u2019ve seen far more than that. I love movies. I love the way they combine so many artistic disciplines into one final product. (Bonus fact: I\\u2019ve noticed that I tend to buy more movies when I don\\u2019t have Netflix.)<\\/p>\",\"triviaImage\":\"\"}},\"32\":{\"type\":\"trivia\",\"enabled\":\"1\",\"fields\":{\"triviaHeading\":\"Traveler of Places\",\"triviaBody\":\"<p>When I was a kid, my dad was in the US Air Force. That means I had the huge privilege of getting to travel the country. I haven\\u2019t done any traveling outside the US, though, except when I was born in Germany while my parents were stationed there.<\\/p>\",\"triviaImage\":[\"27\"]}}},\"28\":{\"new1\":{\"type\":\"text\",\"enabled\":\"1\",\"fields\":{\"text\":\"<p>I\\u2019ve always had an eye for design and detail, and that\\u2019s a huge part of what makes me the successful developer and designer that I am today. Surprisingly, it all happened by accident. An entire decade ago, I wanted a website to bring people together to help me work on an animation project I was doing while in high school, so I built it. The animation never really got anywhere, but I learned enough about web development to land my first job. Since that day 10 years ago, I\\u2019ve been using, refining, and growing those skills, continuing to learn and keep pace with the rapidly-changing web and its technologies.<\\/p>\",\"layout\":\"block\",\"newSection\":\"1\"}}},\"1\":\"<p>Ever since I could hold a crayon, I\\u2019ve scribbled, colored, and made things. Today, I scribble and color less, and illustrate, design, and code more.<\\/p>\",\"21\":[\"26\"],\"25\":\"\",\"26\":\"\",\"24\":\"About me: Who IS Joseph Wilson?\"}}', '2017-05-11 04:53:23', '2017-05-11 04:53:23', 'b92cf2d6-242b-4cc6-b3d2-16a1ad81ccae'),
 ('29', '34', '9', '1', 'en_us', '1', NULL, '{\"typeId\":\"9\",\"authorId\":null,\"title\":\"Web Development Index\",\"slug\":\"web-development-index\",\"postDate\":1494526989,\"expiryDate\":null,\"enabled\":1,\"parentId\":null,\"fields\":[]}', '2017-05-11 18:23:09', '2017-05-11 18:23:09', '9c610860-040b-4561-9c79-36dea84f145b'),
 ('30', '34', '9', '1', 'en_us', '2', '', '{\"typeId\":null,\"authorId\":null,\"title\":\"Web Development\",\"slug\":\"web-development-index\",\"postDate\":1494526989,\"expiryDate\":null,\"enabled\":1,\"parentId\":null,\"fields\":{\"28\":\"\",\"40\":{\"new1\":{\"type\":\"footnote\",\"enabled\":\"1\",\"fields\":{\"footnoteId\":\"1\",\"footnoteText\":\"<p>[1]&nbsp;<a href=\\\"https:\\/\\/www.amazon.com\\/Teach-Yourself-Publishing-Professional-Reference\\/dp\\/0672322048\\/\\\" target=\\\"_blank\\\">Sams Teach Yourself Web Publishing With HTML and XHTML in 21 Days, Professional Reference Edition<\\/a><\\/p>\"}}},\"44\":{\"new1\":{\"type\":\"heading\",\"enabled\":\"1\",\"fields\":{\"text\":\"More Web Development Work\"}},\"new2\":{\"type\":\"images\",\"enabled\":\"1\",\"fields\":{\"image\":\"\"}}},\"25\":\"\",\"26\":\"\",\"24\":\"\",\"43\":\"<p>It started 16 years ago with a behemoth of a book<sup><a href=\\\"http:\\/\\/craft.jgwilsondesign.dev\\/admin\\/entries\\/webDevelopmentIndex\\/34-web-development-index#footnotes-1\\\"><\\/a><a href=\\\"#footnotes-1\\\">1<\\/a><\\/sup>&nbsp;my dad purchased on building websites with HTML. Now I build more than just websites. I build&nbsp;<em>experiences<\\/em>.<\\/p>\",\"51\":\"\"}}', '2017-05-11 18:34:06', '2017-05-11 18:34:06', '02922a17-77c5-4f15-b0df-d376a0767cf3'),
 ('31', '25', '7', '1', 'en_us', '5', '', '{\"typeId\":\"7\",\"authorId\":null,\"title\":\"About Me\",\"slug\":\"about\",\"postDate\":1494465986,\"expiryDate\":null,\"enabled\":1,\"parentId\":null,\"fields\":{\"27\":\"<p>I like things that look good and work well, and I love to work and play by creating. If you\\u2019re in need of a developer, designer, illustrator, or some combination of the three, email me, and let\\u2019s talk. I\\u2019d love to hear from you!<\\/p>\",\"3\":{\"28\":{\"type\":\"trivia\",\"enabled\":\"1\",\"fields\":{\"triviaHeading\":\"Learner of Things\",\"triviaBody\":\"<p>I\\u2019m almost entirely self-taught in everything I do. Almost. (That means I\\u2019ve consumed a lot of video tutorials on YouTube and articles all across the web.) I have always loved to learn new things and am a self-starter.<\\/p>\",\"triviaImage\":\"\"}},\"29\":{\"type\":\"trivia\",\"enabled\":\"1\",\"fields\":{\"triviaHeading\":\"Lover of Animation\",\"triviaBody\":\"<p>At the age of 13, I made the decision that I would be a character animator when I grew up. Even though I might not be an animator yet, I figure I\\u2019m still growing up&hellip; So there\\u2019s still a chance.<\\/p>\",\"triviaImage\":\"\"}},\"30\":{\"type\":\"trivia\",\"enabled\":\"1\",\"fields\":{\"triviaHeading\":\"Reader of Books\",\"triviaBody\":\"<p>I don\\u2019t read as much as I\\u2019d like, but I do seem to collect books so there\\u2019s always something to pick from. My favorite just-for-fun read is still&nbsp;<em>Ender\\u2019s Game<\\/em>, by Orson Scott Card.<\\/p>\",\"triviaImage\":\"\"}},\"31\":{\"type\":\"trivia\",\"enabled\":\"1\",\"fields\":{\"triviaHeading\":\"Watcher of Great Films\",\"triviaBody\":\"<p>At last count, I own&nbsp;<strong>351<\\/strong>&nbsp;movies. And I\\u2019ve seen far more than that. I love movies. I love the way they combine so many artistic disciplines into one final product. (Bonus fact: I\\u2019ve noticed that I tend to buy more movies when I don\\u2019t have Netflix.)<\\/p>\",\"triviaImage\":\"\"}},\"32\":{\"type\":\"trivia\",\"enabled\":\"1\",\"fields\":{\"triviaHeading\":\"Traveler of Places\",\"triviaBody\":\"<p>When I was a kid, my dad was in the US Air Force. That means I had the huge privilege of getting to travel the country. I haven\\u2019t done any traveling outside the US, though, except when I was born in Germany while my parents were stationed there.<\\/p>\",\"triviaImage\":[\"27\"]}}},\"28\":{\"33\":{\"type\":\"text\",\"enabled\":\"1\",\"fields\":{\"text\":\"<p>I\\u2019ve always had an eye for design and detail, and that\\u2019s a huge part of what makes me the successful developer and designer that I am today. Surprisingly, it all happened by accident. An entire decade ago, I wanted a website to bring people together to help me work on an animation project I was doing while in high school, so I built it. The animation never really got anywhere, but I learned enough about web development to land my first job. Since that day 10 years ago, I\\u2019ve been using, refining, and growing those skills, continuing to learn and keep pace with the rapidly-changing web and its technologies.<\\/p>\",\"newSection\":\"newSection\"}}},\"21\":[\"26\"],\"25\":\"\",\"26\":\"\",\"24\":\"About me: Who IS Joseph Wilson?\",\"43\":\"<p>Ever since I could hold a crayon, I\\u2019ve scribbled, colored, and made things. Today, I scribble and color less, and illustrate, design, and code more.<\\/p>\"}}', '2017-05-11 18:34:29', '2017-05-11 18:34:29', '416c8d15-5cff-4b7c-9b35-9ce708837cf4'),
 ('32', '2', '1', '1', 'en_us', '5', '', '{\"typeId\":null,\"authorId\":null,\"title\":\"I\\u2019m Wilson.\",\"slug\":\"homepage\",\"postDate\":1492722062,\"expiryDate\":null,\"enabled\":1,\"parentId\":null,\"fields\":{\"28\":{\"new1\":{\"type\":\"text\",\"enabled\":\"1\",\"fields\":{\"text\":\"<p>I\\u2019ve been a professional web designer and front end developer for ten years. And illustration and the art of making things look good have been a passion of mine my entire life!<\\/p>\\r\\n<p>Here are a few of the tools I use to get the job done:<\\/p>\",\"newSection\":\"newSection\"}},\"new2\":{\"type\":\"iconList\",\"enabled\":\"1\",\"fields\":{\"icon\":\"\",\"isNewSection\":\"newSection\"}},\"new3\":{\"type\":\"text\",\"enabled\":\"1\",\"fields\":{\"text\":\"<p>Check out the&nbsp;<a href=\\\"\\/about\\\">About<\\/a>&nbsp;page to learn more.<\\/p>\",\"newSection\":\"newSection\"}}},\"25\":\"\",\"26\":\"\",\"24\":\"\",\"43\":\"<p>I\\u2019m a passionate creative based in Portland, Oregon. I&nbsp;<a href=\\\"\\/web\\\">build great experiences for the web<\\/a>&nbsp;and I&nbsp;<a href=\\\"\\/art\\\">draw all kinds of things<\\/a>, too!<\\/p>\"}}', '2017-05-11 18:38:34', '2017-05-11 18:38:34', '2f918db8-a2bb-419e-b201-d52dc0258082'),
 ('33', '2', '1', '1', 'en_us', '6', '', '{\"typeId\":null,\"authorId\":null,\"title\":\"I\\u2019m Wilson.\",\"slug\":\"homepage\",\"postDate\":1492722062,\"expiryDate\":null,\"enabled\":1,\"parentId\":null,\"fields\":{\"28\":{\"38\":{\"type\":\"text\",\"enabled\":\"1\",\"fields\":{\"text\":\"<p>I\\u2019ve been a professional web designer and front end developer for ten years. And illustration and the art of making things look good have been a passion of mine my entire life!<\\/p>\\r\\n<p>Here are a few of the tools I use to get the job done:<\\/p>\",\"newSection\":\"newSection\"}},\"39\":{\"type\":\"iconList\",\"enabled\":\"1\",\"fields\":{\"icon\":\"\",\"isNewSection\":\"none\"}},\"40\":{\"type\":\"text\",\"enabled\":\"1\",\"fields\":{\"text\":\"<p>Check out the&nbsp;<a href=\\\"\\/about\\\">About<\\/a>&nbsp;page to learn more.<\\/p>\",\"newSection\":\"none\"}}},\"25\":\"\",\"26\":\"\",\"24\":\"\",\"43\":\"<p>I\\u2019m a passionate creative based in Portland, Oregon. I&nbsp;<a href=\\\"\\/web\\\">build great experiences for the web<\\/a>&nbsp;and I&nbsp;<a href=\\\"\\/art\\\">draw all kinds of things<\\/a>, too!<\\/p>\"}}', '2017-05-11 19:05:48', '2017-05-11 19:05:48', 'a1bf844f-b6bf-45a4-a642-edb2c5bc1fc1'),
 ('34', '41', '11', '1', 'en_us', '1', NULL, '{\"typeId\":\"11\",\"authorId\":null,\"title\":\"Illustration Index\",\"slug\":\"illustration-index\",\"postDate\":1494535276,\"expiryDate\":null,\"enabled\":1,\"parentId\":null,\"fields\":[]}', '2017-05-11 20:41:16', '2017-05-11 20:41:16', 'bdea4956-5780-402c-98d4-cfc3194e22c6'),
 ('35', '41', '11', '1', 'en_us', '2', '', '{\"typeId\":null,\"authorId\":null,\"title\":\"Illustration\",\"slug\":\"illustration-index\",\"postDate\":1494535276,\"expiryDate\":null,\"enabled\":1,\"parentId\":null,\"fields\":{\"28\":{\"new1\":{\"type\":\"text\",\"enabled\":\"1\",\"fields\":{\"text\":\"<p>Aside from the occasional use of pencil and paper, I\\u2019m a full-fledged digital artist, producing the bulk of my work on the computer using these programs and tools:<\\/p>\",\"newSection\":\"newSection\"}},\"new2\":{\"type\":\"iconList\",\"enabled\":\"1\",\"fields\":{\"icon\":\"\",\"isNewSection\":\"none\"}}},\"40\":\"\",\"44\":{\"new1\":{\"type\":\"heading\",\"enabled\":\"1\",\"fields\":{\"text\":\"More Sketches and Works-In-Progress\"}}},\"52\":\"\",\"25\":\"\",\"26\":\"\",\"24\":\"\",\"43\":\"<p>As an artist, I\\u2019m mostly inspired by classic Disney animation and comic book art. But I love so many styles and enjoy the challenge of meeting my client\\u2019s needs, no matter the style!<\\/p>\"}}', '2017-05-11 20:45:57', '2017-05-11 20:45:57', '42367476-7adb-4b8a-9713-4316d65983cf'),
 ('36', '41', '11', '1', 'en_us', '3', '', '{\"typeId\":null,\"authorId\":null,\"title\":\"Illustration\",\"slug\":\"illustration-index\",\"postDate\":1494535276,\"expiryDate\":null,\"enabled\":1,\"parentId\":null,\"fields\":{\"28\":{\"new1\":{\"type\":\"text\",\"enabled\":\"1\",\"fields\":{\"text\":\"<p>Aside from the occasional use of pencil and paper, I\\u2019m a full-fledged digital artist, producing the bulk of my work on the computer using these programs and tools:<\\/p>\",\"newSection\":\"newSection\"}},\"new2\":{\"type\":\"iconList\",\"enabled\":\"1\",\"fields\":{\"icon\":\"\",\"isNewSection\":\"none\"}}},\"40\":\"\",\"44\":{\"new1\":{\"type\":\"heading\",\"enabled\":\"1\",\"fields\":{\"text\":\"More Sketches and Works-In-Progress\"}}},\"52\":\"\",\"25\":\"\",\"26\":\"\",\"24\":\"\",\"43\":\"<p>As an artist, I\\u2019m mostly inspired by classic Disney animation and comic book art. But I love so many styles and enjoy the challenge of meeting my client\\u2019s needs, no matter the style!<\\/p>\"}}', '2017-05-11 20:45:57', '2017-05-11 20:45:57', 'c6763e39-cbe6-4f78-824e-aefb1cdd3ee9'),
 ('37', '48', '10', '1', 'en_us', '1', '', '{\"typeId\":null,\"authorId\":\"1\",\"title\":\"IndieRabbit\",\"slug\":\"indierabbit\",\"postDate\":1494535630,\"expiryDate\":null,\"enabled\":1,\"parentId\":\"\",\"fields\":{\"28\":\"\",\"21\":\"\",\"8\":\"\",\"20\":\"\",\"25\":\"\",\"26\":\"\",\"24\":\"\"}}', '2017-05-11 20:47:10', '2017-05-11 20:47:10', 'dc5faaec-afda-4bbf-ab7a-bec0531061ef'),
 ('38', '48', '10', '1', 'en_us', '2', '', '{\"typeId\":\"10\",\"authorId\":\"1\",\"title\":\"IndieRabbit\",\"slug\":\"indierabbit\",\"postDate\":1494535620,\"expiryDate\":null,\"enabled\":1,\"parentId\":\"\",\"fields\":{\"28\":\"\",\"21\":[\"49\"],\"8\":\"\",\"20\":\"\",\"25\":\"\",\"26\":\"\",\"24\":\"\"}}', '2017-05-11 20:51:21', '2017-05-11 20:51:21', '312637dd-92bd-4a63-ab21-ca29b134e425'),
 ('39', '48', '10', '1', 'en_us', '3', '', '{\"typeId\":\"10\",\"authorId\":\"1\",\"title\":\"IndieRabbit\",\"slug\":\"indierabbit\",\"postDate\":1494535620,\"expiryDate\":null,\"enabled\":1,\"parentId\":\"\",\"fields\":{\"28\":{\"new1\":{\"type\":\"text\",\"enabled\":\"1\",\"fields\":{\"text\":\"<h2>Character Design<\\/h2>\\r\\n<p>There is&nbsp;<em>always<\\/em>&nbsp;more to it than what\\u2019s directly on the surface. When designing this character, for example, it\\u2019s not just a matter of drawing a rabbit. You have to understand the personality of the character you\\u2019re trying to create. And in the case of a mascot, that personality becomes or represents the personality of the whole company.<\\/p>\\r\\n<p>Right at the start of the project, the team at&nbsp;<em>IndieRabbit<\\/em>&nbsp;wanted a character that was a \\u201c&hellip;classy, cool, and relatable rabbit that is a bit human&hellip;in a classic\\/graphic cartoon style.\\u201d<\\/p>\",\"newSection\":\"none\"}}},\"21\":[\"49\"],\"8\":{\"new1\":{\"type\":\"company\",\"enabled\":\"1\",\"fields\":{\"companyName\":\"I\",\"logo\":[\"51\"]}},\"new2\":{\"type\":\"projectServices\",\"enabled\":\"1\",\"fields\":{\"servicesList\":[\"characterDesign\",\"illustration\"]}},\"new3\":{\"type\":\"projectShortDescription\",\"enabled\":\"1\",\"fields\":{\"text\":\"<p><em>IndieRabbit<\\/em>&nbsp;was a small web startup that offered a unique distribution platform for independent filmmakers and their audience members. It was my task to design a mascot for the company as well as to produce several illustrations for their marketing materials and site.<\\/p>\"}}},\"20\":[\"50\"],\"25\":\"\",\"26\":\"\",\"24\":\"\"}}', '2017-05-11 20:58:06', '2017-05-11 20:58:06', 'ab4a0283-9df1-4358-9b09-c396830a70a3'),
 ('40', '48', '10', '1', 'en_us', '4', '', '{\"typeId\":\"10\",\"authorId\":\"1\",\"title\":\"IndieRabbit\",\"slug\":\"indierabbit\",\"postDate\":1494535620,\"expiryDate\":null,\"enabled\":1,\"parentId\":\"\",\"fields\":{\"28\":{\"55\":{\"type\":\"text\",\"enabled\":\"1\",\"fields\":{\"text\":\"<h2>Character Design<\\/h2>\\r\\n<p>There is&nbsp;<em>always<\\/em>&nbsp;more to it than what\\u2019s directly on the surface. When designing this character, for example, it\\u2019s not just a matter of drawing a rabbit. You have to understand the personality of the character you\\u2019re trying to create. And in the case of a mascot, that personality becomes or represents the personality of the whole company.<\\/p>\\r\\n<p>Right at the start of the project, the team at&nbsp;<em>IndieRabbit<\\/em>&nbsp;wanted a character that was a \\u201c&hellip;classy, cool, and relatable rabbit that is a bit human&hellip;in a classic\\/graphic cartoon style.\\u201d<\\/p>\",\"newSection\":\"none\"}}},\"21\":[\"49\"],\"8\":{\"52\":{\"type\":\"company\",\"enabled\":\"1\",\"fields\":{\"companyName\":\"IndieRabbit\",\"logo\":[\"51\"]}},\"53\":{\"type\":\"projectServices\",\"enabled\":\"1\",\"fields\":{\"servicesList\":[\"characterDesign\",\"illustration\"]}},\"54\":{\"type\":\"projectShortDescription\",\"enabled\":\"1\",\"fields\":{\"text\":\"<p><em>IndieRabbit<\\/em>&nbsp;was a small web startup that offered a unique distribution platform for independent filmmakers and their audience members. It was my task to design a mascot for the company as well as to produce several illustrations for their marketing materials and site.<\\/p>\"}}},\"20\":[\"50\"],\"25\":\"\",\"26\":\"\",\"24\":\"\"}}', '2017-05-11 20:59:45', '2017-05-11 20:59:45', 'a32e2fb4-669e-4fde-87ef-3add42aa4695'),
 ('41', '41', '11', '1', 'en_us', '4', '', '{\"typeId\":null,\"authorId\":null,\"title\":\"Illustration\",\"slug\":\"illustration-index\",\"postDate\":1494535276,\"expiryDate\":null,\"enabled\":1,\"parentId\":null,\"fields\":{\"28\":{\"45\":{\"type\":\"text\",\"enabled\":\"1\",\"fields\":{\"text\":\"<p>Aside from the occasional use of pencil and paper, I\\u2019m a full-fledged digital artist, producing the bulk of my work on the computer using these programs and tools:<\\/p>\",\"newSection\":\"newSection\"}},\"46\":{\"type\":\"iconList\",\"enabled\":\"1\",\"fields\":{\"icon\":\"\",\"isNewSection\":\"none\"}}},\"40\":\"\",\"44\":{\"47\":{\"type\":\"heading\",\"enabled\":\"1\",\"fields\":{\"text\":\"More Sketches and Works-In-Progress\"}}},\"52\":[\"48\"],\"25\":\"\",\"26\":\"\",\"24\":\"\",\"43\":\"<p>As an artist, I\\u2019m mostly inspired by classic Disney animation and comic book art. But I love so many styles and enjoy the challenge of meeting my client\\u2019s needs, no matter the style!<\\/p>\"}}', '2017-05-11 21:00:37', '2017-05-11 21:00:37', '65568710-6711-489a-ae04-82ae3808ae83'),
 ('42', '48', '10', '1', 'en_us', '5', '', '{\"typeId\":\"10\",\"authorId\":\"1\",\"title\":\"IndieRabbit\",\"slug\":\"indierabbit\",\"postDate\":1494535620,\"expiryDate\":null,\"enabled\":1,\"parentId\":\"\",\"fields\":{\"28\":{\"55\":{\"type\":\"text\",\"enabled\":\"1\",\"fields\":{\"text\":\"<h2>Character Design<\\/h2>\\r\\n<p>There is&nbsp;<em>always<\\/em>&nbsp;more to it than what\\u2019s directly on the surface. When designing this character, for example, it\\u2019s not just a matter of drawing a rabbit. You have to understand the personality of the character you\\u2019re trying to create. And in the case of a mascot, that personality becomes or represents the personality of the whole company.<\\/p>\\r\\n<p>Right at the start of the project, the team at&nbsp;<em>IndieRabbit<\\/em>&nbsp;wanted a character that was a \\u201c&hellip;classy, cool, and relatable rabbit that is a bit human&hellip;in a classic\\/graphic cartoon style.\\u201d<\\/p>\",\"newSection\":\"none\"}},\"new1\":{\"type\":\"testimonial\",\"enabled\":\"1\",\"fields\":{\"testimony\":[\"7\"],\"isNewSection\":\"none\"}}},\"21\":[\"49\"],\"8\":{\"52\":{\"type\":\"company\",\"enabled\":\"1\",\"fields\":{\"companyName\":\"IndieRabbit\",\"logo\":[\"51\"]}},\"53\":{\"type\":\"projectServices\",\"enabled\":\"1\",\"fields\":{\"servicesList\":[\"characterDesign\",\"illustration\"]}},\"54\":{\"type\":\"projectShortDescription\",\"enabled\":\"1\",\"fields\":{\"text\":\"<p><em>IndieRabbit<\\/em>&nbsp;was a small web startup that offered a unique distribution platform for independent filmmakers and their audience members. It was my task to design a mascot for the company as well as to produce several illustrations for their marketing materials and site.<\\/p>\"}}},\"20\":[\"50\"],\"25\":\"\",\"26\":\"\",\"24\":\"\"}}', '2017-05-11 21:11:33', '2017-05-11 21:11:33', '5b544377-b2cb-4e18-9051-105c5634f596'),
 ('43', '48', '10', '1', 'en_us', '6', '', '{\"typeId\":\"10\",\"authorId\":\"1\",\"title\":\"IndieRabbit\",\"slug\":\"indierabbit\",\"postDate\":1494535620,\"expiryDate\":null,\"enabled\":1,\"parentId\":\"\",\"fields\":{\"28\":{\"55\":{\"type\":\"text\",\"enabled\":\"1\",\"fields\":{\"text\":\"<h2>Character Design<\\/h2>\\r\\n<p>There is&nbsp;<em>always<\\/em>&nbsp;more to it than what\\u2019s directly on the surface. When designing this character, for example, it\\u2019s not just a matter of drawing a rabbit. You have to understand the personality of the character you\\u2019re trying to create. And in the case of a mascot, that personality becomes or represents the personality of the whole company.<\\/p>\\r\\n<p>Right at the start of the project, the team at&nbsp;<em>IndieRabbit<\\/em>&nbsp;wanted a character that was a \\u201c&hellip;classy, cool, and relatable rabbit that is a bit human&hellip;in a classic\\/graphic cartoon style.\\u201d<\\/p>\",\"newSection\":\"none\"}},\"56\":{\"type\":\"testimonial\",\"enabled\":\"1\",\"fields\":{\"testimony\":[\"7\"],\"isNewSection\":\"none\"}}},\"54\":[\"51\"],\"53\":\"IndieRabbit\",\"21\":[\"49\"],\"55\":\"<p><em>IndieRabbit<\\/em>&nbsp;was a small web startup that offered a unique distribution platform for independent filmmakers and their audience members. It was my task to design a mascot for the company as well as to produce several illustrations for their marketing materials and site.<\\/p>\",\"20\":[\"50\"],\"56\":[\"characterDesign\",\"illustration\"],\"25\":\"\",\"26\":\"\",\"24\":\"\"}}', '2017-05-11 22:49:34', '2017-05-11 22:49:34', '6f375ea3-d7e0-4289-b4f9-3154cf8e08e6'),
 ('44', '48', '10', '1', 'en_us', '7', '', '{\"typeId\":\"10\",\"authorId\":\"1\",\"title\":\"IndieRabbit\",\"slug\":\"indierabbit\",\"postDate\":1494535620,\"expiryDate\":null,\"enabled\":1,\"parentId\":\"\",\"fields\":{\"28\":{\"55\":{\"type\":\"text\",\"enabled\":\"1\",\"fields\":{\"text\":\"<h2>Character Design<\\/h2>\\r\\n<p>There is&nbsp;<em>always<\\/em>&nbsp;more to it than what\\u2019s directly on the surface. When designing this character, for example, it\\u2019s not just a matter of drawing a rabbit. You have to understand the personality of the character you\\u2019re trying to create. And in the case of a mascot, that personality becomes or represents the personality of the whole company.<\\/p>\\r\\n<p>Right at the start of the project, the team at&nbsp;<em>IndieRabbit<\\/em>&nbsp;wanted a character that was a \\u201c&hellip;classy, cool, and relatable rabbit that is a bit human&hellip;in a classic\\/graphic cartoon style.\\u201d<\\/p>\",\"newSection\":\"none\"}},\"56\":{\"type\":\"testimonial\",\"enabled\":\"1\",\"fields\":{\"testimony\":[\"7\"],\"isNewSection\":\"none\"}},\"new1\":{\"type\":\"image\",\"enabled\":\"1\",\"fields\":{\"image\":[\"57\"],\"layout\":\"block\",\"isNewSection\":\"none\"}}},\"54\":[\"51\"],\"53\":\"IndieRabbit\",\"21\":[\"49\"],\"55\":\"<p><em>IndieRabbit<\\/em>&nbsp;was a small web startup that offered a unique distribution platform for independent filmmakers and their audience members. It was my task to design a mascot for the company as well as to produce several illustrations for their marketing materials and site.<\\/p>\",\"20\":[\"50\"],\"56\":[\"characterDesign\",\"illustration\"],\"25\":\"\",\"26\":\"\",\"24\":\"\"}}', '2017-05-11 23:20:27', '2017-05-11 23:20:27', 'fa1e80d2-986f-4eef-bcd3-8932a718fb3c'),
 ('45', '48', '10', '1', 'en_us', '8', '', '{\"typeId\":\"10\",\"authorId\":\"1\",\"title\":\"IndieRabbit\",\"slug\":\"indierabbit\",\"postDate\":1494535620,\"expiryDate\":null,\"enabled\":1,\"parentId\":\"\",\"fields\":{\"28\":{\"55\":{\"type\":\"text\",\"enabled\":\"1\",\"fields\":{\"text\":\"<h2>Character Design<\\/h2>\\r\\n<p>There is&nbsp;<em>always<\\/em>&nbsp;more to it than what\\u2019s directly on the surface. When designing this character, for example, it\\u2019s not just a matter of drawing a rabbit. You have to understand the personality of the character you\\u2019re trying to create. And in the case of a mascot, that personality becomes or represents the personality of the whole company.<\\/p>\\r\\n<p>Right at the start of the project, the team at&nbsp;<em>IndieRabbit<\\/em>&nbsp;wanted a character that was a \\u201c&hellip;classy, cool, and relatable rabbit that is a bit human&hellip;in a classic\\/graphic cartoon style.\\u201d<\\/p>\",\"newSection\":\"none\"}},\"58\":{\"type\":\"image\",\"enabled\":\"1\",\"fields\":{\"image\":[\"57\"],\"layout\":\"block\",\"isNewSection\":\"none\"}},\"56\":{\"type\":\"testimonial\",\"enabled\":\"1\",\"fields\":{\"testimony\":[\"7\"],\"isNewSection\":\"none\"}}},\"54\":[\"51\"],\"53\":\"IndieRabbit\",\"21\":[\"49\"],\"55\":\"<p><em>IndieRabbit<\\/em>&nbsp;was a small web startup that offered a unique distribution platform for independent filmmakers and their audience members. It was my task to design a mascot for the company as well as to produce several illustrations for their marketing materials and site.<\\/p>\",\"20\":[\"50\"],\"56\":[\"characterDesign\",\"illustration\"],\"25\":\"\",\"26\":\"\",\"24\":\"\"}}', '2017-05-11 23:46:59', '2017-05-11 23:46:59', 'ee3785d7-122e-4821-8a36-3106c844d0eb'),
 ('46', '48', '10', '1', 'en_us', '9', '', '{\"typeId\":\"10\",\"authorId\":\"1\",\"title\":\"IndieRabbit\",\"slug\":\"indierabbit\",\"postDate\":1494535620,\"expiryDate\":null,\"enabled\":1,\"parentId\":\"\",\"fields\":{\"28\":{\"55\":{\"type\":\"text\",\"enabled\":\"1\",\"fields\":{\"text\":\"<h2>Character Design<\\/h2>\\r\\n<p>There is&nbsp;<em>always<\\/em>&nbsp;more to it than what\\u2019s directly on the surface. When designing this character, for example, it\\u2019s not just a matter of drawing a rabbit. You have to understand the personality of the character you\\u2019re trying to create. And in the case of a mascot, that personality becomes or represents the personality of the whole company.<\\/p>\\r\\n<p>Right at the start of the project, the team at&nbsp;<em>IndieRabbit<\\/em>&nbsp;wanted a character that was a \\u201c&hellip;classy, cool, and relatable rabbit that is a bit human&hellip;in a classic\\/graphic cartoon style.\\u201d<\\/p>\",\"newSection\":\"none\"}},\"new1\":{\"type\":\"text\",\"enabled\":\"1\",\"fields\":{\"text\":\"<p>Even with all of the concept sketches I did, I still hadn\\u2019t quite figured out the character (who we officially named Indy Rabbit). It wasn\\u2019t until I started experimenting with facial expressions and refining from there that I really got a feel for \\u201cwho he is\\u201d.<\\/p>\",\"newSection\":\"none\"}},\"new2\":{\"type\":\"text\",\"enabled\":\"1\",\"fields\":{\"text\":\"<p>Once I had the face, it\\u2019s like the body naturally drew itself from there. After a few minor tweaks, it was time to start creating some costumes&hellip;<\\/p>\",\"newSection\":\"none\"}},\"new3\":{\"type\":\"text\",\"enabled\":\"1\",\"fields\":{\"text\":\"<p>&hellip;before landing on a living, breathing character with life and personality!<\\/p>\",\"newSection\":\"none\"}},\"new4\":{\"type\":\"text\",\"enabled\":\"1\",\"fields\":{\"text\":\"<h2>Website Illustrations<\\/h2>\\r\\n<p>Obviously, the goal in designing Indy was to use him in marketing and that meant illustrations!<\\/p>\",\"newSection\":\"none\"}},\"new5\":{\"type\":\"text\",\"enabled\":\"1\",\"fields\":{\"text\":\"<p>But not all illustrations are created equal. The final illustration I completed was a large banner that they wanted to use as the first thing people saw when visiting the site. This single piece was really the culmination of everything I had done leading up to it. So I started it off with a teeny tiny thumbnail based on the direction I had received. (Fortunately for me, Jean-Marc, the co-founder and president of the company, was fantastic at giving direction. He knew what he wanted and gave me just enough freedom to make this one of my favorite projects of all time. So far.)<\\/p>\",\"newSection\":\"none\"}},\"new6\":{\"type\":\"text\",\"enabled\":\"1\",\"fields\":{\"text\":\"<p>From there it was on to the illustration.<\\/p>\",\"newSection\":\"none\"}},\"58\":{\"type\":\"image\",\"enabled\":\"1\",\"fields\":{\"image\":[\"57\"],\"layout\":\"block\",\"isNewSection\":\"none\"}},\"new7\":{\"type\":\"text\",\"enabled\":\"1\",\"fields\":{\"text\":\"<p>The process was grueling. The tassels and carrots took what seemed an eternity to finish. And while the pencil stage is my favorite, I will never forget how sore my hand was from the endless hours of thoughtfully placing each line.<\\/p>\\r\\n<p>But the results were worth every effort.<\\/p>\",\"newSection\":\"none\"}},\"new8\":{\"type\":\"image\",\"enabled\":\"1\",\"fields\":{\"image\":[\"59\"],\"layout\":\"full\",\"isNewSection\":\"none\"}},\"new9\":{\"type\":\"image\",\"enabled\":\"1\",\"fields\":{\"image\":[\"60\"],\"layout\":\"block\",\"isNewSection\":\"none\"}},\"new10\":{\"type\":\"text\",\"enabled\":\"1\",\"fields\":{\"text\":\"<p>It took several weeks to create this one piece, from start to finish. Good thing I did it digitally or else I would have been waiting for paint to dry and who knows how long that would have taken! All in all, this was an amazing project and I feel so privileged and blessed to have worked with such awesome people.<\\/p>\",\"newSection\":\"none\"}},\"56\":{\"type\":\"testimonial\",\"enabled\":\"1\",\"fields\":{\"testimony\":[\"7\"],\"isNewSection\":\"none\"}}},\"54\":[\"51\"],\"53\":\"IndieRabbit\",\"21\":[\"49\"],\"55\":\"<p><em>IndieRabbit<\\/em>&nbsp;was a small web startup that offered a unique distribution platform for independent filmmakers and their audience members. It was my task to design a mascot for the company as well as to produce several illustrations for their marketing materials and site.<\\/p>\",\"20\":[\"50\"],\"56\":[\"characterDesign\",\"illustration\"],\"25\":\"\",\"26\":\"\",\"24\":\"\"}}', '2017-05-11 23:52:43', '2017-05-11 23:52:43', 'e5a39909-5c59-4bde-88e8-ef2be72320bf'),
 ('47', '48', '10', '1', 'en_us', '10', '', '{\"typeId\":\"10\",\"authorId\":\"1\",\"title\":\"IndieRabbit\",\"slug\":\"indierabbit\",\"postDate\":1494535620,\"expiryDate\":null,\"enabled\":1,\"parentId\":\"\",\"fields\":{\"28\":{\"55\":{\"type\":\"text\",\"enabled\":\"1\",\"fields\":{\"text\":\"<h2>Character Design<\\/h2>\\r\\n<p>There is&nbsp;<em>always<\\/em>&nbsp;more to it than what\\u2019s directly on the surface. When designing this character, for example, it\\u2019s not just a matter of drawing a rabbit. You have to understand the personality of the character you\\u2019re trying to create. And in the case of a mascot, that personality becomes or represents the personality of the whole company.<\\/p>\\r\\n<p>Right at the start of the project, the team at&nbsp;<em>IndieRabbit<\\/em>&nbsp;wanted a character that was a \\u201c&hellip;classy, cool, and relatable rabbit that is a bit human&hellip;in a classic\\/graphic cartoon style.\\u201d<\\/p>\",\"newSection\":\"none\"}},\"61\":{\"type\":\"text\",\"enabled\":\"1\",\"fields\":{\"text\":\"<p>Even with all of the concept sketches I did, I still hadn\\u2019t quite figured out the character (who we officially named Indy Rabbit). It wasn\\u2019t until I started experimenting with facial expressions and refining from there that I really got a feel for \\u201cwho he is\\u201d.<\\/p>\",\"newSection\":\"none\"}},\"62\":{\"type\":\"text\",\"enabled\":\"1\",\"fields\":{\"text\":\"<p>Once I had the face, it\\u2019s like the body naturally drew itself from there. After a few minor tweaks, it was time to start creating some costumes&hellip;<\\/p>\",\"newSection\":\"none\"}},\"63\":{\"type\":\"text\",\"enabled\":\"1\",\"fields\":{\"text\":\"<p>&hellip;before landing on a living, breathing character with life and personality!<\\/p>\",\"newSection\":\"none\"}},\"64\":{\"type\":\"text\",\"enabled\":\"1\",\"fields\":{\"text\":\"<h2>Website Illustrations<\\/h2>\\r\\n<p>Obviously, the goal in designing Indy was to use him in marketing and that meant illustrations!<\\/p>\",\"newSection\":\"none\"}},\"65\":{\"type\":\"text\",\"enabled\":\"1\",\"fields\":{\"text\":\"<p>But not all illustrations are created equal. The final illustration I completed was a large banner that they wanted to use as the first thing people saw when visiting the site. This single piece was really the culmination of everything I had done leading up to it. So I started it off with a teeny tiny thumbnail based on the direction I had received. (Fortunately for me, Jean-Marc, the co-founder and president of the company, was fantastic at giving direction. He knew what he wanted and gave me just enough freedom to make this one of my favorite projects of all time. So far.)<\\/p>\",\"newSection\":\"none\"}},\"66\":{\"type\":\"text\",\"enabled\":\"1\",\"fields\":{\"text\":\"<p>From there it was on to the illustration.<\\/p>\",\"newSection\":\"none\"}},\"58\":{\"type\":\"image\",\"enabled\":\"1\",\"fields\":{\"image\":[\"57\"],\"layout\":\"block\",\"isNewSection\":\"none\"}},\"67\":{\"type\":\"text\",\"enabled\":\"1\",\"fields\":{\"text\":\"<p>The process was grueling. The tassels and carrots took what seemed an eternity to finish. And while the pencil stage is my favorite, I will never forget how sore my hand was from the endless hours of thoughtfully placing each line.<\\/p>\\r\\n<p>But the results were worth every effort.<\\/p>\",\"newSection\":\"none\"}},\"68\":{\"type\":\"image\",\"enabled\":\"1\",\"fields\":{\"image\":[\"59\"],\"layout\":\"full\",\"isNewSection\":\"none\"}},\"69\":{\"type\":\"image\",\"enabled\":\"1\",\"fields\":{\"image\":[\"60\"],\"layout\":\"wide\",\"isNewSection\":\"none\"}},\"70\":{\"type\":\"text\",\"enabled\":\"1\",\"fields\":{\"text\":\"<p>It took several weeks to create this one piece, from start to finish. Good thing I did it digitally or else I would have been waiting for paint to dry and who knows how long that would have taken! All in all, this was an amazing project and I feel so privileged and blessed to have worked with such awesome people.<\\/p>\",\"newSection\":\"none\"}},\"56\":{\"type\":\"testimonial\",\"enabled\":\"1\",\"fields\":{\"testimony\":[\"7\"],\"isNewSection\":\"none\"}}},\"54\":[\"51\"],\"53\":\"IndieRabbit\",\"21\":[\"49\"],\"55\":\"<p><em>IndieRabbit<\\/em>&nbsp;was a small web startup that offered a unique distribution platform for independent filmmakers and their audience members. It was my task to design a mascot for the company as well as to produce several illustrations for their marketing materials and site.<\\/p>\",\"20\":[\"50\"],\"56\":[\"characterDesign\",\"illustration\"],\"25\":\"\",\"26\":\"\",\"24\":\"\"}}', '2017-05-11 23:53:15', '2017-05-11 23:53:15', 'd195d93f-e1ad-4e38-859d-08c617b2fb5e'),
 ('48', '48', '10', '1', 'en_us', '11', '', '{\"typeId\":\"10\",\"authorId\":\"1\",\"title\":\"IndieRabbit\",\"slug\":\"indierabbit\",\"postDate\":1494535620,\"expiryDate\":null,\"enabled\":1,\"parentId\":\"\",\"fields\":{\"28\":{\"55\":{\"type\":\"text\",\"enabled\":\"1\",\"fields\":{\"text\":\"<h2>Character Design<\\/h2>\\r\\n<p>There is&nbsp;<em>always<\\/em>&nbsp;more to it than what\\u2019s directly on the surface. When designing this character, for example, it\\u2019s not just a matter of drawing a rabbit. You have to understand the personality of the character you\\u2019re trying to create. And in the case of a mascot, that personality becomes or represents the personality of the whole company.<\\/p>\\r\\n<p>Right at the start of the project, the team at&nbsp;<em>IndieRabbit<\\/em>&nbsp;wanted a character that was a \\u201c&hellip;classy, cool, and relatable rabbit that is a bit human&hellip;in a classic\\/graphic cartoon style.\\u201d<\\/p>\",\"newSection\":\"none\"}},\"61\":{\"type\":\"text\",\"enabled\":\"1\",\"fields\":{\"text\":\"<p>Even with all of the concept sketches I did, I still hadn\\u2019t quite figured out the character (who we officially named Indy Rabbit). It wasn\\u2019t until I started experimenting with facial expressions and refining from there that I really got a feel for \\u201cwho he is\\u201d.<\\/p>\",\"newSection\":\"none\"}},\"62\":{\"type\":\"text\",\"enabled\":\"1\",\"fields\":{\"text\":\"<p>Once I had the face, it\\u2019s like the body naturally drew itself from there. After a few minor tweaks, it was time to start creating some costumes&hellip;<\\/p>\",\"newSection\":\"none\"}},\"63\":{\"type\":\"text\",\"enabled\":\"1\",\"fields\":{\"text\":\"<p>&hellip;before landing on a living, breathing character with life and personality!<\\/p>\",\"newSection\":\"none\"}},\"64\":{\"type\":\"text\",\"enabled\":\"1\",\"fields\":{\"text\":\"<h2>Website Illustrations<\\/h2>\\r\\n<p>Obviously, the goal in designing Indy was to use him in marketing and that meant illustrations!<\\/p>\",\"newSection\":\"none\"}},\"65\":{\"type\":\"text\",\"enabled\":\"1\",\"fields\":{\"text\":\"<p>But not all illustrations are created equal. The final illustration I completed was a large banner that they wanted to use as the first thing people saw when visiting the site. This single piece was really the culmination of everything I had done leading up to it. So I started it off with a teeny tiny thumbnail based on the direction I had received. (Fortunately for me, Jean-Marc, the co-founder and president of the company, was fantastic at giving direction. He knew what he wanted and gave me just enough freedom to make this one of my favorite projects of all time. So far.)<\\/p>\",\"newSection\":\"none\"}},\"66\":{\"type\":\"text\",\"enabled\":\"1\",\"fields\":{\"text\":\"<p>From there it was on to the illustration.<\\/p>\",\"newSection\":\"none\"}},\"58\":{\"type\":\"image\",\"enabled\":\"1\",\"fields\":{\"image\":[\"57\"],\"layout\":\"block\",\"isNewSection\":\"none\"}},\"67\":{\"type\":\"text\",\"enabled\":\"1\",\"fields\":{\"text\":\"<p>The process was grueling. The tassels and carrots took what seemed an eternity to finish. And while the pencil stage is my favorite, I will never forget how sore my hand was from the endless hours of thoughtfully placing each line.<\\/p>\\r\\n<p>But the results were worth every effort.<\\/p>\",\"newSection\":\"none\"}},\"68\":{\"type\":\"image\",\"enabled\":\"1\",\"fields\":{\"image\":[\"59\"],\"layout\":\"full\",\"isNewSection\":\"none\"}},\"69\":{\"type\":\"image\",\"enabled\":\"1\",\"fields\":{\"image\":[\"60\"],\"layout\":\"full\",\"isNewSection\":\"none\"}},\"70\":{\"type\":\"text\",\"enabled\":\"1\",\"fields\":{\"text\":\"<p>It took several weeks to create this one piece, from start to finish. Good thing I did it digitally or else I would have been waiting for paint to dry and who knows how long that would have taken! All in all, this was an amazing project and I feel so privileged and blessed to have worked with such awesome people.<\\/p>\",\"newSection\":\"none\"}},\"56\":{\"type\":\"testimonial\",\"enabled\":\"1\",\"fields\":{\"testimony\":[\"7\"],\"isNewSection\":\"none\"}}},\"54\":[\"51\"],\"53\":\"IndieRabbit\",\"21\":[\"49\"],\"55\":\"<p><em>IndieRabbit<\\/em>&nbsp;was a small web startup that offered a unique distribution platform for independent filmmakers and their audience members. It was my task to design a mascot for the company as well as to produce several illustrations for their marketing materials and site.<\\/p>\",\"20\":[\"50\"],\"56\":[\"characterDesign\",\"illustration\"],\"25\":\"\",\"26\":\"\",\"24\":\"\"}}', '2017-05-11 23:53:30', '2017-05-11 23:53:30', '84ed0d22-7ed6-4254-b1f4-3ab5a37c1c65'),
 ('49', '48', '10', '1', 'en_us', '12', '', '{\"typeId\":\"10\",\"authorId\":\"1\",\"title\":\"IndieRabbit\",\"slug\":\"indierabbit\",\"postDate\":1494535620,\"expiryDate\":null,\"enabled\":1,\"parentId\":\"\",\"fields\":{\"28\":{\"55\":{\"type\":\"text\",\"enabled\":\"1\",\"fields\":{\"text\":\"<h2>Character Design<\\/h2>\\r\\n<p>There is&nbsp;<em>always<\\/em>&nbsp;more to it than what\\u2019s directly on the surface. When designing this character, for example, it\\u2019s not just a matter of drawing a rabbit. You have to understand the personality of the character you\\u2019re trying to create. And in the case of a mascot, that personality becomes or represents the personality of the whole company.<\\/p>\\r\\n<p>Right at the start of the project, the team at&nbsp;<em>IndieRabbit<\\/em>&nbsp;wanted a character that was a \\u201c&hellip;classy, cool, and relatable rabbit that is a bit human&hellip;in a classic\\/graphic cartoon style.\\u201d<\\/p>\",\"newSection\":\"none\"}},\"61\":{\"type\":\"text\",\"enabled\":\"1\",\"fields\":{\"text\":\"<p>Even with all of the concept sketches I did, I still hadn\\u2019t quite figured out the character (who we officially named Indy Rabbit). It wasn\\u2019t until I started experimenting with facial expressions and refining from there that I really got a feel for \\u201cwho he is\\u201d.<\\/p>\",\"newSection\":\"none\"}},\"62\":{\"type\":\"text\",\"enabled\":\"1\",\"fields\":{\"text\":\"<p>Once I had the face, it\\u2019s like the body naturally drew itself from there. After a few minor tweaks, it was time to start creating some costumes&hellip;<\\/p>\",\"newSection\":\"none\"}},\"63\":{\"type\":\"text\",\"enabled\":\"1\",\"fields\":{\"text\":\"<p>&hellip;before landing on a living, breathing character with life and personality!<\\/p>\",\"newSection\":\"none\"}},\"64\":{\"type\":\"text\",\"enabled\":\"1\",\"fields\":{\"text\":\"<h2>Website Illustrations<\\/h2>\\r\\n<p>Obviously, the goal in designing Indy was to use him in marketing and that meant illustrations!<\\/p>\",\"newSection\":\"none\"}},\"new1\":{\"type\":\"image\",\"enabled\":\"1\",\"fields\":{\"image\":[\"72\",\"73\",\"71\"],\"layout\":\"wide\",\"isNewSection\":\"none\"}},\"65\":{\"type\":\"text\",\"enabled\":\"1\",\"fields\":{\"text\":\"<p>But not all illustrations are created equal. The final illustration I completed was a large banner that they wanted to use as the first thing people saw when visiting the site. This single piece was really the culmination of everything I had done leading up to it. So I started it off with a teeny tiny thumbnail based on the direction I had received. (Fortunately for me, Jean-Marc, the co-founder and president of the company, was fantastic at giving direction. He knew what he wanted and gave me just enough freedom to make this one of my favorite projects of all time. So far.)<\\/p>\",\"newSection\":\"none\"}},\"66\":{\"type\":\"text\",\"enabled\":\"1\",\"fields\":{\"text\":\"<p>From there it was on to the illustration.<\\/p>\",\"newSection\":\"none\"}},\"58\":{\"type\":\"image\",\"enabled\":\"1\",\"fields\":{\"image\":[\"57\"],\"layout\":\"block\",\"isNewSection\":\"none\"}},\"67\":{\"type\":\"text\",\"enabled\":\"1\",\"fields\":{\"text\":\"<p>The process was grueling. The tassels and carrots took what seemed an eternity to finish. And while the pencil stage is my favorite, I will never forget how sore my hand was from the endless hours of thoughtfully placing each line.<\\/p>\\r\\n<p>But the results were worth every effort.<\\/p>\",\"newSection\":\"none\"}},\"68\":{\"type\":\"image\",\"enabled\":\"1\",\"fields\":{\"image\":[\"59\"],\"layout\":\"full\",\"isNewSection\":\"none\"}},\"69\":{\"type\":\"image\",\"enabled\":\"1\",\"fields\":{\"image\":[\"60\"],\"layout\":\"full\",\"isNewSection\":\"none\"}},\"70\":{\"type\":\"text\",\"enabled\":\"1\",\"fields\":{\"text\":\"<p>It took several weeks to create this one piece, from start to finish. Good thing I did it digitally or else I would have been waiting for paint to dry and who knows how long that would have taken! All in all, this was an amazing project and I feel so privileged and blessed to have worked with such awesome people.<\\/p>\",\"newSection\":\"none\"}},\"56\":{\"type\":\"testimonial\",\"enabled\":\"1\",\"fields\":{\"testimony\":[\"7\"],\"isNewSection\":\"none\"}}},\"54\":[\"51\"],\"53\":\"IndieRabbit\",\"21\":[\"49\"],\"55\":\"<p><em>IndieRabbit<\\/em>&nbsp;was a small web startup that offered a unique distribution platform for independent filmmakers and their audience members. It was my task to design a mascot for the company as well as to produce several illustrations for their marketing materials and site.<\\/p>\",\"20\":[\"50\"],\"56\":[\"characterDesign\",\"illustration\"],\"25\":\"\",\"26\":\"\",\"24\":\"\"}}', '2017-05-11 23:57:27', '2017-05-11 23:57:27', 'be2d0cb3-1edc-43e2-933b-2ab24052dac1'),
 ('50', '48', '10', '1', 'en_us', '13', '', '{\"typeId\":\"10\",\"authorId\":\"1\",\"title\":\"IndieRabbit\",\"slug\":\"indierabbit\",\"postDate\":1494535620,\"expiryDate\":null,\"enabled\":1,\"parentId\":\"\",\"fields\":{\"28\":{\"55\":{\"type\":\"text\",\"enabled\":\"1\",\"fields\":{\"text\":\"<h2>Character Design<\\/h2>\\r\\n<p>There is&nbsp;<em>always<\\/em>&nbsp;more to it than what\\u2019s directly on the surface. When designing this character, for example, it\\u2019s not just a matter of drawing a rabbit. You have to understand the personality of the character you\\u2019re trying to create. And in the case of a mascot, that personality becomes or represents the personality of the whole company.<\\/p>\\r\\n<p>Right at the start of the project, the team at&nbsp;<em>IndieRabbit<\\/em>&nbsp;wanted a character that was a \\u201c&hellip;classy, cool, and relatable rabbit that is a bit human&hellip;in a classic\\/graphic cartoon style.\\u201d<\\/p>\",\"newSection\":\"none\"}},\"61\":{\"type\":\"text\",\"enabled\":\"1\",\"fields\":{\"text\":\"<p>Even with all of the concept sketches I did, I still hadn\\u2019t quite figured out the character (who we officially named Indy Rabbit). It wasn\\u2019t until I started experimenting with facial expressions and refining from there that I really got a feel for \\u201cwho he is\\u201d.<\\/p>\",\"newSection\":\"none\"}},\"62\":{\"type\":\"text\",\"enabled\":\"1\",\"fields\":{\"text\":\"<p>Once I had the face, it\\u2019s like the body naturally drew itself from there. After a few minor tweaks, it was time to start creating some costumes&hellip;<\\/p>\",\"newSection\":\"none\"}},\"63\":{\"type\":\"text\",\"enabled\":\"1\",\"fields\":{\"text\":\"<p>&hellip;before landing on a living, breathing character with life and personality!<\\/p>\",\"newSection\":\"none\"}},\"64\":{\"type\":\"text\",\"enabled\":\"1\",\"fields\":{\"text\":\"<h2>Website Illustrations<\\/h2>\\r\\n<p>Obviously, the goal in designing Indy was to use him in marketing and that meant illustrations!<\\/p>\",\"newSection\":\"none\"}},\"74\":{\"type\":\"image\",\"enabled\":\"1\",\"fields\":{\"image\":[\"72\",\"73\",\"71\"],\"layout\":\"wide\",\"isNewSection\":\"none\"}},\"65\":{\"type\":\"text\",\"enabled\":\"1\",\"fields\":{\"text\":\"<p>But not all illustrations are created equal. The final illustration I completed was a large banner that they wanted to use as the first thing people saw when visiting the site. This single piece was really the culmination of everything I had done leading up to it. So I started it off with a teeny tiny thumbnail based on the direction I had received. (Fortunately for me, Jean-Marc, the co-founder and president of the company, was fantastic at giving direction. He knew what he wanted and gave me just enough freedom to make this one of my favorite projects of all time. So far.)<\\/p>\",\"newSection\":\"none\"}},\"new1\":{\"type\":\"image\",\"enabled\":\"1\",\"fields\":{\"image\":[\"75\"],\"layout\":\"block\",\"isNewSection\":\"none\"}},\"66\":{\"type\":\"text\",\"enabled\":\"1\",\"fields\":{\"text\":\"<p>From there it was on to the illustration.<\\/p>\",\"newSection\":\"none\"}},\"58\":{\"type\":\"image\",\"enabled\":\"1\",\"fields\":{\"image\":[\"57\"],\"layout\":\"block\",\"isNewSection\":\"none\"}},\"67\":{\"type\":\"text\",\"enabled\":\"1\",\"fields\":{\"text\":\"<p>The process was grueling. The tassels and carrots took what seemed an eternity to finish. And while the pencil stage is my favorite, I will never forget how sore my hand was from the endless hours of thoughtfully placing each line.<\\/p>\\r\\n<p>But the results were worth every effort.<\\/p>\",\"newSection\":\"none\"}},\"68\":{\"type\":\"image\",\"enabled\":\"1\",\"fields\":{\"image\":[\"59\"],\"layout\":\"full\",\"isNewSection\":\"none\"}},\"69\":{\"type\":\"image\",\"enabled\":\"1\",\"fields\":{\"image\":[\"60\"],\"layout\":\"full\",\"isNewSection\":\"none\"}},\"70\":{\"type\":\"text\",\"enabled\":\"1\",\"fields\":{\"text\":\"<p>It took several weeks to create this one piece, from start to finish. Good thing I did it digitally or else I would have been waiting for paint to dry and who knows how long that would have taken! All in all, this was an amazing project and I feel so privileged and blessed to have worked with such awesome people.<\\/p>\",\"newSection\":\"none\"}},\"56\":{\"type\":\"testimonial\",\"enabled\":\"1\",\"fields\":{\"testimony\":[\"7\"],\"isNewSection\":\"none\"}}},\"54\":[\"51\"],\"53\":\"IndieRabbit\",\"21\":[\"49\"],\"55\":\"<p><em>IndieRabbit<\\/em>&nbsp;was a small web startup that offered a unique distribution platform for independent filmmakers and their audience members. It was my task to design a mascot for the company as well as to produce several illustrations for their marketing materials and site.<\\/p>\",\"20\":[\"50\"],\"56\":[\"characterDesign\",\"illustration\"],\"25\":\"\",\"26\":\"\",\"24\":\"\"}}', '2017-05-12 00:01:25', '2017-05-12 00:01:25', 'ab80c40f-0f42-4ed6-8248-49180d2b12c4'),
 ('51', '48', '10', '1', 'en_us', '14', '', '{\"typeId\":\"10\",\"authorId\":\"1\",\"title\":\"IndieRabbit\",\"slug\":\"indierabbit\",\"postDate\":1494535620,\"expiryDate\":null,\"enabled\":1,\"parentId\":\"\",\"fields\":{\"28\":{\"55\":{\"type\":\"text\",\"enabled\":\"1\",\"fields\":{\"text\":\"<h2>Character Design<\\/h2>\\r\\n<p>There is&nbsp;<em>always<\\/em>&nbsp;more to it than what\\u2019s directly on the surface. When designing this character, for example, it\\u2019s not just a matter of drawing a rabbit. You have to understand the personality of the character you\\u2019re trying to create. And in the case of a mascot, that personality becomes or represents the personality of the whole company.<\\/p>\\r\\n<p>Right at the start of the project, the team at&nbsp;<em>IndieRabbit<\\/em>&nbsp;wanted a character that was a \\u201c&hellip;classy, cool, and relatable rabbit that is a bit human&hellip;in a classic\\/graphic cartoon style.\\u201d<\\/p>\",\"newSection\":\"none\"}},\"61\":{\"type\":\"text\",\"enabled\":\"1\",\"fields\":{\"text\":\"<p>Even with all of the concept sketches I did, I still hadn\\u2019t quite figured out the character (who we officially named Indy Rabbit). It wasn\\u2019t until I started experimenting with facial expressions and refining from there that I really got a feel for \\u201cwho he is\\u201d.<\\/p>\",\"newSection\":\"none\"}},\"62\":{\"type\":\"text\",\"enabled\":\"1\",\"fields\":{\"text\":\"<p>Once I had the face, it\\u2019s like the body naturally drew itself from there. After a few minor tweaks, it was time to start creating some costumes&hellip;<\\/p>\",\"newSection\":\"none\"}},\"63\":{\"type\":\"text\",\"enabled\":\"1\",\"fields\":{\"text\":\"<p>&hellip;before landing on a living, breathing character with life and personality!<\\/p>\",\"newSection\":\"none\"}},\"64\":{\"type\":\"text\",\"enabled\":\"1\",\"fields\":{\"text\":\"<h2>Website Illustrations<\\/h2>\\r\\n<p>Obviously, the goal in designing Indy was to use him in marketing and that meant illustrations!<\\/p>\",\"newSection\":\"none\"}},\"new1\":{\"type\":\"image\",\"enabled\":\"1\",\"fields\":{\"image\":[\"77\"],\"layout\":\"block\",\"isNewSection\":\"none\"}},\"74\":{\"type\":\"image\",\"enabled\":\"1\",\"fields\":{\"image\":[\"72\",\"73\",\"71\"],\"layout\":\"wide\",\"isNewSection\":\"none\"}},\"65\":{\"type\":\"text\",\"enabled\":\"1\",\"fields\":{\"text\":\"<p>But not all illustrations are created equal. The final illustration I completed was a large banner that they wanted to use as the first thing people saw when visiting the site. This single piece was really the culmination of everything I had done leading up to it. So I started it off with a teeny tiny thumbnail based on the direction I had received. (Fortunately for me, Jean-Marc, the co-founder and president of the company, was fantastic at giving direction. He knew what he wanted and gave me just enough freedom to make this one of my favorite projects of all time. So far.)<\\/p>\",\"newSection\":\"none\"}},\"76\":{\"type\":\"image\",\"enabled\":\"1\",\"fields\":{\"image\":[\"75\"],\"layout\":\"block\",\"isNewSection\":\"none\"}},\"66\":{\"type\":\"text\",\"enabled\":\"1\",\"fields\":{\"text\":\"<p>From there it was on to the illustration.<\\/p>\",\"newSection\":\"none\"}},\"58\":{\"type\":\"image\",\"enabled\":\"1\",\"fields\":{\"image\":[\"57\"],\"layout\":\"block\",\"isNewSection\":\"none\"}},\"67\":{\"type\":\"text\",\"enabled\":\"1\",\"fields\":{\"text\":\"<p>The process was grueling. The tassels and carrots took what seemed an eternity to finish. And while the pencil stage is my favorite, I will never forget how sore my hand was from the endless hours of thoughtfully placing each line.<\\/p>\\r\\n<p>But the results were worth every effort.<\\/p>\",\"newSection\":\"none\"}},\"68\":{\"type\":\"image\",\"enabled\":\"1\",\"fields\":{\"image\":[\"59\"],\"layout\":\"full\",\"isNewSection\":\"none\"}},\"69\":{\"type\":\"image\",\"enabled\":\"1\",\"fields\":{\"image\":[\"60\"],\"layout\":\"full\",\"isNewSection\":\"none\"}},\"70\":{\"type\":\"text\",\"enabled\":\"1\",\"fields\":{\"text\":\"<p>It took several weeks to create this one piece, from start to finish. Good thing I did it digitally or else I would have been waiting for paint to dry and who knows how long that would have taken! All in all, this was an amazing project and I feel so privileged and blessed to have worked with such awesome people.<\\/p>\",\"newSection\":\"none\"}},\"56\":{\"type\":\"testimonial\",\"enabled\":\"1\",\"fields\":{\"testimony\":[\"7\"],\"isNewSection\":\"none\"}}},\"54\":[\"51\"],\"53\":\"IndieRabbit\",\"21\":[\"49\"],\"55\":\"<p><em>IndieRabbit<\\/em>&nbsp;was a small web startup that offered a unique distribution platform for independent filmmakers and their audience members. It was my task to design a mascot for the company as well as to produce several illustrations for their marketing materials and site.<\\/p>\",\"20\":[\"50\"],\"56\":[\"characterDesign\",\"illustration\"],\"25\":\"\",\"26\":\"\",\"24\":\"\"}}', '2017-05-12 00:07:18', '2017-05-12 00:07:18', 'cc6b28d9-9dc9-475a-95f0-ec171136484d'),
 ('52', '34', '9', '1', 'en_us', '3', '', '{\"typeId\":\"9\",\"authorId\":null,\"title\":\"Web Development\",\"slug\":\"web-development-index\",\"postDate\":1494537803,\"expiryDate\":null,\"enabled\":1,\"parentId\":null,\"fields\":{\"28\":\"\",\"40\":{\"37\":{\"type\":\"footnote\",\"enabled\":\"1\",\"fields\":{\"footnoteId\":\"1\",\"footnoteText\":\"<p>[1]&nbsp;<a href=\\\"https:\\/\\/www.amazon.com\\/Teach-Yourself-Publishing-Professional-Reference\\/dp\\/0672322048\\/\\\" target=\\\"_blank\\\" rel=\\\"noreferrer noopener\\\">Sams Teach Yourself Web Publishing With HTML and XHTML in 21 Days, Professional Reference Edition<\\/a><\\/p>\"}}},\"44\":{\"35\":{\"type\":\"heading\",\"enabled\":\"1\",\"fields\":{\"text\":\"More Web Development Work\"}},\"36\":{\"type\":\"images\",\"enabled\":\"1\",\"fields\":{\"image\":[\"87\",\"79\",\"82\",\"88\",\"86\"]}}},\"25\":\"\",\"26\":\"\",\"24\":\"\",\"43\":\"<p>It started 16 years ago with a behemoth of a book<sup><a href=\\\"http:\\/\\/craft.jgwilsondesign.dev\\/admin\\/entries\\/webDevelopmentIndex\\/34-web-development-index#footnotes-1\\\"><\\/a><a href=\\\"#footnotes-1\\\">1<\\/a><\\/sup>&nbsp;my dad purchased on building websites with HTML. Now I build more than just websites. I build&nbsp;<em>experiences<\\/em>.<\\/p>\",\"51\":\"\"}}', '2017-05-12 00:27:04', '2017-05-12 00:27:04', '6882a5ad-09c6-40de-8f96-7bf827de4750'),
 ('53', '41', '11', '1', 'en_us', '5', '', '{\"typeId\":\"11\",\"authorId\":null,\"title\":\"Illustration\",\"slug\":\"illustration-index\",\"postDate\":1494537809,\"expiryDate\":null,\"enabled\":1,\"parentId\":null,\"fields\":{\"28\":{\"45\":{\"type\":\"text\",\"enabled\":\"1\",\"fields\":{\"text\":\"<p>Aside from the occasional use of pencil and paper, I\\u2019m a full-fledged digital artist, producing the bulk of my work on the computer using these programs and tools:<\\/p>\",\"newSection\":\"newSection\"}},\"46\":{\"type\":\"iconList\",\"enabled\":\"1\",\"fields\":{\"icon\":\"\",\"isNewSection\":\"none\"}}},\"40\":\"\",\"44\":{\"47\":{\"type\":\"heading\",\"enabled\":\"1\",\"fields\":{\"text\":\"More Sketches and Works-In-Progress\"}},\"new1\":{\"type\":\"images\",\"enabled\":\"1\",\"fields\":{\"image\":[\"90\",\"91\",\"92\",\"93\",\"94\",\"95\"]}}},\"52\":[\"48\"],\"25\":\"\",\"26\":\"\",\"24\":\"\",\"43\":\"<p>As an artist, I\\u2019m mostly inspired by classic Disney animation and comic book art. But I love so many styles and enjoy the challenge of meeting my client\\u2019s needs, no matter the style!<\\/p>\"}}', '2017-05-12 00:32:38', '2017-05-12 00:32:38', '1b238cae-429a-46c6-8271-cfeb52c2b9a6'),
 ('54', '41', '11', '1', 'en_us', '6', '', '{\"typeId\":\"11\",\"authorId\":null,\"title\":\"Illustration\",\"slug\":\"illustration-index\",\"postDate\":1494537809,\"expiryDate\":null,\"enabled\":1,\"parentId\":null,\"fields\":{\"28\":{\"45\":{\"type\":\"text\",\"enabled\":\"1\",\"fields\":{\"text\":\"<p>Aside from the occasional use of pencil and paper, I\\u2019m a full-fledged digital artist, producing the bulk of my work on the computer using these programs and tools:<\\/p>\",\"newSection\":\"newSection\"}},\"46\":{\"type\":\"iconList\",\"enabled\":\"1\",\"fields\":{\"icon\":\"\",\"isNewSection\":\"none\"}}},\"40\":\"\",\"44\":{\"47\":{\"type\":\"gallery\",\"enabled\":\"1\",\"fields\":{\"heading\":\"More Sketches and Works-In-Progress\",\"image\":[\"97\",\"98\",\"99\",\"100\",\"101\",\"102\"]}}},\"52\":[\"48\"],\"25\":\"\",\"26\":\"\",\"24\":\"\",\"43\":\"<p>As an artist, I\\u2019m mostly inspired by classic Disney animation and comic book art. But I love so many styles and enjoy the challenge of meeting my client\\u2019s needs, no matter the style!<\\/p>\"}}', '2017-05-12 00:51:39', '2017-05-12 00:51:39', 'b55385dd-d655-4d16-b83b-a9aea996b68d'),
 ('55', '34', '9', '1', 'en_us', '4', '', '{\"typeId\":\"9\",\"authorId\":null,\"title\":\"Web Development\",\"slug\":\"web-development-index\",\"postDate\":1494537803,\"expiryDate\":null,\"enabled\":1,\"parentId\":null,\"fields\":{\"28\":\"\",\"40\":{\"37\":{\"type\":\"footnote\",\"enabled\":\"1\",\"fields\":{\"footnoteId\":\"1\",\"footnoteText\":\"<p>[1]&nbsp;<a href=\\\"https:\\/\\/www.amazon.com\\/Teach-Yourself-Publishing-Professional-Reference\\/dp\\/0672322048\\/\\\" target=\\\"_blank\\\" rel=\\\"noreferrer noopener\\\">Sams Teach Yourself Web Publishing With HTML and XHTML in 21 Days, Professional Reference Edition<\\/a><\\/p>\"}}},\"44\":{\"35\":{\"type\":\"gallery\",\"enabled\":\"1\",\"fields\":{\"heading\":\"More Web Development Work\",\"image\":[\"103\",\"104\",\"105\",\"106\",\"107\"]}}},\"25\":\"\",\"26\":\"\",\"24\":\"\",\"43\":\"<p>It started 16 years ago with a behemoth of a book<sup><a href=\\\"http:\\/\\/craft.jgwilsondesign.dev\\/admin\\/entries\\/webDevelopmentIndex\\/34-web-development-index#footnotes-1\\\"><\\/a><a href=\\\"#footnotes-1\\\">1<\\/a><\\/sup>&nbsp;my dad purchased on building websites with HTML. Now I build more than just websites. I build&nbsp;<em>experiences<\\/em>.<\\/p>\",\"51\":\"\"}}', '2017-05-12 00:52:15', '2017-05-12 00:52:15', '048b3cd8-8516-41f0-9526-958195c1def6'),
 ('56', '48', '10', '1', 'en_us', '15', '', '{\"typeId\":\"10\",\"authorId\":\"1\",\"title\":\"IndieRabbit\",\"slug\":\"indierabbit\",\"postDate\":1494535620,\"expiryDate\":null,\"enabled\":1,\"parentId\":\"\",\"fields\":{\"28\":{\"55\":{\"type\":\"text\",\"enabled\":\"1\",\"fields\":{\"text\":\"<h2>Character Design<\\/h2>\\r\\n<p>There is&nbsp;<em>always<\\/em>&nbsp;more to it than what\\u2019s directly on the surface. When designing this character, for example, it\\u2019s not just a matter of drawing a rabbit. You have to understand the personality of the character you\\u2019re trying to create. And in the case of a mascot, that personality becomes or represents the personality of the whole company.<\\/p>\\r\\n<p>Right at the start of the project, the team at&nbsp;<em>IndieRabbit<\\/em>&nbsp;wanted a character that was a \\u201c&hellip;classy, cool, and relatable rabbit that is a bit human&hellip;in a classic\\/graphic cartoon style.\\u201d<\\/p>\",\"isNewSection\":\"none\"}},\"61\":{\"type\":\"text\",\"enabled\":\"1\",\"fields\":{\"text\":\"<p>Even with all of the concept sketches I did, I still hadn\\u2019t quite figured out the character (who we officially named Indy Rabbit). It wasn\\u2019t until I started experimenting with facial expressions and refining from there that I really got a feel for \\u201cwho he is\\u201d.<\\/p>\",\"isNewSection\":\"none\"}},\"62\":{\"type\":\"text\",\"enabled\":\"1\",\"fields\":{\"text\":\"<p>Once I had the face, it\\u2019s like the body naturally drew itself from there. After a few minor tweaks, it was time to start creating some costumes&hellip;<\\/p>\",\"isNewSection\":\"none\"}},\"63\":{\"type\":\"text\",\"enabled\":\"1\",\"fields\":{\"text\":\"<p>&hellip;before landing on a living, breathing character with life and personality!<\\/p>\",\"isNewSection\":\"none\"}},\"64\":{\"type\":\"text\",\"enabled\":\"1\",\"fields\":{\"text\":\"<h2>Website Illustrations<\\/h2>\\r\\n<p>Obviously, the goal in designing Indy was to use him in marketing and that meant illustrations!<\\/p>\",\"isNewSection\":\"none\"}},\"78\":{\"type\":\"image\",\"enabled\":\"1\",\"fields\":{\"image\":[\"77\"],\"layout\":\"block\",\"isNewSection\":\"none\"}},\"74\":{\"type\":\"image\",\"enabled\":\"1\",\"fields\":{\"image\":[\"72\",\"73\",\"71\"],\"layout\":\"wide\",\"isNewSection\":\"none\"}},\"65\":{\"type\":\"text\",\"enabled\":\"1\",\"fields\":{\"text\":\"<p>But not all illustrations are created equal. The final illustration I completed was a large banner that they wanted to use as the first thing people saw when visiting the site. This single piece was really the culmination of everything I had done leading up to it. So I started it off with a teeny tiny thumbnail based on the direction I had received. (Fortunately for me, Jean-Marc, the co-founder and president of the company, was fantastic at giving direction. He knew what he wanted and gave me just enough freedom to make this one of my favorite projects of all time. So far.)<\\/p>\",\"isNewSection\":\"none\"}},\"76\":{\"type\":\"image\",\"enabled\":\"1\",\"fields\":{\"image\":[\"75\"],\"layout\":\"block\",\"isNewSection\":\"none\"}},\"66\":{\"type\":\"text\",\"enabled\":\"1\",\"fields\":{\"text\":\"<p>From there it was on to the illustration.<\\/p>\",\"isNewSection\":\"none\"}},\"58\":{\"type\":\"image\",\"enabled\":\"1\",\"fields\":{\"image\":[\"57\"],\"layout\":\"block\",\"isNewSection\":\"none\"}},\"67\":{\"type\":\"text\",\"enabled\":\"1\",\"fields\":{\"text\":\"<p>The process was grueling. The tassels and carrots took what seemed an eternity to finish. And while the pencil stage is my favorite, I will never forget how sore my hand was from the endless hours of thoughtfully placing each line.<\\/p>\\r\\n<p>But the results were worth every effort.<\\/p>\",\"isNewSection\":\"none\"}},\"68\":{\"type\":\"image\",\"enabled\":\"1\",\"fields\":{\"image\":[\"59\"],\"layout\":\"full\",\"isNewSection\":\"none\"}},\"69\":{\"type\":\"image\",\"enabled\":\"1\",\"fields\":{\"image\":[\"60\"],\"layout\":\"full\",\"isNewSection\":\"none\"}},\"70\":{\"type\":\"text\",\"enabled\":\"1\",\"fields\":{\"text\":\"<p>It took several weeks to create this one piece, from start to finish. Good thing I did it digitally or else I would have been waiting for paint to dry and who knows how long that would have taken! All in all, this was an amazing project and I feel so privileged and blessed to have worked with such awesome people.<\\/p>\",\"isNewSection\":\"none\"}},\"56\":{\"type\":\"testimonial\",\"enabled\":\"1\",\"fields\":{\"testimony\":[\"7\"],\"isNewSection\":\"none\"}}},\"21\":[\"49\"],\"59\":{\"new1\":{\"type\":\"projectDetails\",\"enabled\":\"1\",\"fields\":{\"clientName\":\"IndieRabbit\",\"clientLogo\":[\"51\"],\"services\":[\"characterDesign\",\"illustration\"],\"shortDescription\":\"<p><em>IndieRabbit<\\/em>&nbsp;was a small web startup that offered a unique distribution platform for independent filmmakers and their audience members. It was my task to design a mascot for the company as well as to produce several illustrations for their marketing materials and site.<\\/p>\"}}},\"20\":[\"50\"],\"25\":\"\",\"26\":\"\",\"24\":\"\"}}', '2017-05-13 03:30:22', '2017-05-13 03:30:22', '5294d36b-4ca8-43e8-80e7-13bf1cae65bb'),
 ('57', '48', '10', '1', 'en_us', '16', '', '{\"typeId\":\"10\",\"authorId\":\"1\",\"title\":\"IndieRabbit\",\"slug\":\"indierabbit\",\"postDate\":1494535620,\"expiryDate\":null,\"enabled\":1,\"parentId\":\"\",\"fields\":{\"28\":{\"55\":{\"type\":\"text\",\"enabled\":\"1\",\"fields\":{\"text\":\"<h2>Character Design<\\/h2>\\r\\n<p>There is&nbsp;<em>always<\\/em>&nbsp;more to it than what\\u2019s directly on the surface. When designing this character, for example, it\\u2019s not just a matter of drawing a rabbit. You have to understand the personality of the character you\\u2019re trying to create. And in the case of a mascot, that personality becomes or represents the personality of the whole company.<\\/p>\\r\\n<p>Right at the start of the project, the team at&nbsp;<em>IndieRabbit<\\/em>&nbsp;wanted a character that was a \\u201c&hellip;classy, cool, and relatable rabbit that is a bit human&hellip;in a classic\\/graphic cartoon style.\\u201d<\\/p>\",\"isNewSection\":\"none\"}},\"61\":{\"type\":\"text\",\"enabled\":\"1\",\"fields\":{\"text\":\"<p>Even with all of the concept sketches I did, I still hadn\\u2019t quite figured out the character (who we officially named Indy Rabbit). It wasn\\u2019t until I started experimenting with facial expressions and refining from there that I really got a feel for \\u201cwho he is\\u201d.<\\/p>\",\"isNewSection\":\"none\"}},\"62\":{\"type\":\"text\",\"enabled\":\"1\",\"fields\":{\"text\":\"<p>Once I had the face, it\\u2019s like the body naturally drew itself from there. After a few minor tweaks, it was time to start creating some costumes&hellip;<\\/p>\",\"isNewSection\":\"none\"}},\"63\":{\"type\":\"text\",\"enabled\":\"1\",\"fields\":{\"text\":\"<p>&hellip;before landing on a living, breathing character with life and personality!<\\/p>\",\"isNewSection\":\"none\"}},\"64\":{\"type\":\"text\",\"enabled\":\"1\",\"fields\":{\"text\":\"<h2>Website Illustrations<\\/h2>\\r\\n<p>Obviously, the goal in designing Indy was to use him in marketing and that meant illustrations!<\\/p>\",\"isNewSection\":\"newSectionTopMarginOnly\"}},\"78\":{\"type\":\"image\",\"enabled\":\"1\",\"fields\":{\"image\":[\"77\"],\"layout\":\"block\",\"isNewSection\":\"none\"}},\"74\":{\"type\":\"image\",\"enabled\":\"1\",\"fields\":{\"image\":[\"72\",\"73\",\"71\"],\"layout\":\"wide\",\"isNewSection\":\"none\"}},\"65\":{\"type\":\"text\",\"enabled\":\"1\",\"fields\":{\"text\":\"<p>But not all illustrations are created equal. The final illustration I completed was a large banner that they wanted to use as the first thing people saw when visiting the site. This single piece was really the culmination of everything I had done leading up to it. So I started it off with a teeny tiny thumbnail based on the direction I had received. (Fortunately for me, Jean-Marc, the co-founder and president of the company, was fantastic at giving direction. He knew what he wanted and gave me just enough freedom to make this one of my favorite projects of all time. So far.)<\\/p>\",\"isNewSection\":\"none\"}},\"76\":{\"type\":\"image\",\"enabled\":\"1\",\"fields\":{\"image\":[\"75\"],\"layout\":\"block\",\"isNewSection\":\"none\"}},\"66\":{\"type\":\"text\",\"enabled\":\"1\",\"fields\":{\"text\":\"<p>From there it was on to the illustration.<\\/p>\",\"isNewSection\":\"none\"}},\"58\":{\"type\":\"image\",\"enabled\":\"1\",\"fields\":{\"image\":[\"57\"],\"layout\":\"block\",\"isNewSection\":\"none\"}},\"67\":{\"type\":\"text\",\"enabled\":\"1\",\"fields\":{\"text\":\"<p>The process was grueling. The tassels and carrots took what seemed an eternity to finish. And while the pencil stage is my favorite, I will never forget how sore my hand was from the endless hours of thoughtfully placing each line.<\\/p>\\r\\n<p>But the results were worth every effort.<\\/p>\",\"isNewSection\":\"none\"}},\"68\":{\"type\":\"image\",\"enabled\":\"1\",\"fields\":{\"image\":[\"59\"],\"layout\":\"full\",\"isNewSection\":\"none\"}},\"69\":{\"type\":\"image\",\"enabled\":\"1\",\"fields\":{\"image\":[\"60\"],\"layout\":\"full\",\"isNewSection\":\"none\"}},\"70\":{\"type\":\"text\",\"enabled\":\"1\",\"fields\":{\"text\":\"<p>It took several weeks to create this one piece, from start to finish. Good thing I did it digitally or else I would have been waiting for paint to dry and who knows how long that would have taken! All in all, this was an amazing project and I feel so privileged and blessed to have worked with such awesome people.<\\/p>\",\"isNewSection\":\"none\"}},\"56\":{\"type\":\"testimonial\",\"enabled\":\"1\",\"fields\":{\"testimony\":[\"7\"],\"isNewSection\":\"none\"}}},\"21\":[\"49\"],\"59\":{\"108\":{\"type\":\"projectDetails\",\"enabled\":\"1\",\"fields\":{\"clientName\":\"IndieRabbit\",\"clientLogo\":[\"51\"],\"services\":[\"characterDesign\",\"illustration\"],\"shortDescription\":\"<p><em>IndieRabbit<\\/em>&nbsp;was a small web startup that offered a unique distribution platform for independent filmmakers and their audience members. It was my task to design a mascot for the company as well as to produce several illustrations for their marketing materials and site.<\\/p>\"}}},\"20\":[\"50\"],\"25\":\"\",\"26\":\"\",\"24\":\"\"}}', '2017-05-13 03:43:14', '2017-05-13 03:43:14', 'e5c18540-823f-4562-b585-3521e6051208'),
 ('58', '48', '10', '1', 'en_us', '17', '', '{\"typeId\":\"10\",\"authorId\":\"1\",\"title\":\"IndieRabbit\",\"slug\":\"indierabbit\",\"postDate\":1494535620,\"expiryDate\":null,\"enabled\":1,\"parentId\":\"\",\"fields\":{\"28\":{\"55\":{\"type\":\"text\",\"enabled\":\"1\",\"fields\":{\"text\":\"<h2>Character Design<\\/h2>\\r\\n<p>There is&nbsp;<em>always<\\/em>&nbsp;more to it than what\\u2019s directly on the surface. When designing this character, for example, it\\u2019s not just a matter of drawing a rabbit. You have to understand the personality of the character you\\u2019re trying to create. And in the case of a mascot, that personality becomes or represents the personality of the whole company.<\\/p>\\r\\n<p>Right at the start of the project, the team at&nbsp;<em>IndieRabbit<\\/em>&nbsp;wanted a character that was a \\u201c&hellip;classy, cool, and relatable rabbit that is a bit human&hellip;in a classic\\/graphic cartoon style.\\u201d<\\/p>\",\"isNewSection\":\"none\"}},\"61\":{\"type\":\"text\",\"enabled\":\"1\",\"fields\":{\"text\":\"<p>Even with all of the concept sketches I did, I still hadn\\u2019t quite figured out the character (who we officially named Indy Rabbit). It wasn\\u2019t until I started experimenting with facial expressions and refining from there that I really got a feel for \\u201cwho he is\\u201d.<\\/p>\",\"isNewSection\":\"none\"}},\"62\":{\"type\":\"text\",\"enabled\":\"1\",\"fields\":{\"text\":\"<p>Once I had the face, it\\u2019s like the body naturally drew itself from there. After a few minor tweaks, it was time to start creating some costumes&hellip;<\\/p>\",\"isNewSection\":\"none\"}},\"63\":{\"type\":\"text\",\"enabled\":\"1\",\"fields\":{\"text\":\"<p>&hellip;before landing on a living, breathing character with life and personality!<\\/p>\",\"isNewSection\":\"none\"}},\"64\":{\"type\":\"text\",\"enabled\":\"1\",\"fields\":{\"text\":\"<h2>Website Illustrations<\\/h2>\\r\\n<p>Obviously, the goal in designing Indy was to use him in marketing and that meant illustrations!<\\/p>\",\"isNewSection\":\"none\"}},\"78\":{\"type\":\"image\",\"enabled\":\"1\",\"fields\":{\"image\":[\"77\"],\"layout\":\"block\",\"isNewSection\":\"none\"}},\"74\":{\"type\":\"image\",\"enabled\":\"1\",\"fields\":{\"image\":[\"72\",\"73\",\"71\"],\"layout\":\"wide\",\"isNewSection\":\"none\"}},\"65\":{\"type\":\"text\",\"enabled\":\"1\",\"fields\":{\"text\":\"<p>But not all illustrations are created equal. The final illustration I completed was a large banner that they wanted to use as the first thing people saw when visiting the site. This single piece was really the culmination of everything I had done leading up to it. So I started it off with a teeny tiny thumbnail based on the direction I had received. (Fortunately for me, Jean-Marc, the co-founder and president of the company, was fantastic at giving direction. He knew what he wanted and gave me just enough freedom to make this one of my favorite projects of all time. So far.)<\\/p>\",\"isNewSection\":\"none\"}},\"76\":{\"type\":\"image\",\"enabled\":\"1\",\"fields\":{\"image\":[\"75\"],\"layout\":\"block\",\"isNewSection\":\"none\"}},\"66\":{\"type\":\"text\",\"enabled\":\"1\",\"fields\":{\"text\":\"<p>From there it was on to the illustration.<\\/p>\",\"isNewSection\":\"none\"}},\"58\":{\"type\":\"image\",\"enabled\":\"1\",\"fields\":{\"image\":[\"57\"],\"layout\":\"block\",\"isNewSection\":\"none\"}},\"67\":{\"type\":\"text\",\"enabled\":\"1\",\"fields\":{\"text\":\"<p>The process was grueling. The tassels and carrots took what seemed an eternity to finish. And while the pencil stage is my favorite, I will never forget how sore my hand was from the endless hours of thoughtfully placing each line.<\\/p>\\r\\n<p>But the results were worth every effort.<\\/p>\",\"isNewSection\":\"none\"}},\"68\":{\"type\":\"image\",\"enabled\":\"1\",\"fields\":{\"image\":[\"59\"],\"layout\":\"full\",\"isNewSection\":\"none\"}},\"69\":{\"type\":\"image\",\"enabled\":\"1\",\"fields\":{\"image\":[\"60\"],\"layout\":\"full\",\"isNewSection\":\"none\"}},\"70\":{\"type\":\"text\",\"enabled\":\"1\",\"fields\":{\"text\":\"<p>It took several weeks to create this one piece, from start to finish. Good thing I did it digitally or else I would have been waiting for paint to dry and who knows how long that would have taken! All in all, this was an amazing project and I feel so privileged and blessed to have worked with such awesome people.<\\/p>\",\"isNewSection\":\"none\"}},\"56\":{\"type\":\"testimonial\",\"enabled\":\"1\",\"fields\":{\"testimony\":[\"7\"],\"isNewSection\":\"none\"}}},\"21\":[\"49\"],\"59\":{\"108\":{\"type\":\"projectDetails\",\"enabled\":\"1\",\"fields\":{\"clientName\":\"IndieRabbit\",\"clientLogo\":[\"51\"],\"services\":[\"characterDesign\",\"illustration\"],\"shortDescription\":\"<p><em>IndieRabbit<\\/em>&nbsp;was a small web startup that offered a unique distribution platform for independent filmmakers and their audience members. It was my task to design a mascot for the company as well as to produce several illustrations for their marketing materials and site.<\\/p>\"}}},\"20\":[\"50\"],\"25\":\"\",\"26\":\"\",\"24\":\"\"}}', '2017-05-13 03:45:16', '2017-05-13 03:45:16', '2f2571a0-e83f-4292-be62-38ebe0994df5'),
 ('59', '41', '11', '1', 'en_us', '7', '', '{\"typeId\":\"11\",\"authorId\":null,\"title\":\"Illustration\",\"slug\":\"illustration-index\",\"postDate\":1494537809,\"expiryDate\":null,\"enabled\":1,\"parentId\":null,\"fields\":{\"28\":{\"45\":{\"type\":\"text\",\"enabled\":\"1\",\"fields\":{\"text\":\"<p>Aside from the occasional use of pencil and paper, I\\u2019m a full-fledged digital artist, producing the bulk of my work on the computer using these programs and tools:<\\/p>\",\"isNewSection\":\"newSection\"}},\"46\":{\"type\":\"iconList\",\"enabled\":\"1\",\"fields\":{\"icon\":\"\",\"isNewSection\":\"none\"}}},\"40\":\"\",\"44\":{\"47\":{\"type\":\"gallery\",\"enabled\":\"1\",\"fields\":{\"heading\":\"More Sketches and Works-In-Progress\",\"image\":[\"97\",\"98\",\"99\",\"100\",\"101\",\"102\"]}}},\"52\":[\"48\"],\"64\":{\"new1\":{\"type\":\"instagramBlock\",\"enabled\":\"1\",\"fields\":{\"heading\":\"Find my Latest Doodles, Drawings, & Designs on Instagram\",\"showInstagramBlock\":\"\"}}},\"25\":\"\",\"26\":\"\",\"24\":\"\",\"43\":\"<p>As an artist, I\\u2019m mostly inspired by classic Disney animation and comic book art. But I love so many styles and enjoy the challenge of meeting my client\\u2019s needs, no matter the style!<\\/p>\"}}', '2017-05-13 03:51:10', '2017-05-13 03:51:10', '97c7161e-4dbb-42c2-9d5a-8051e83277be'),
 ('60', '41', '11', '1', 'en_us', '8', '', '{\"typeId\":\"11\",\"authorId\":null,\"title\":\"Illustration\",\"slug\":\"illustration-index\",\"postDate\":1494537809,\"expiryDate\":null,\"enabled\":1,\"parentId\":null,\"fields\":{\"28\":{\"45\":{\"type\":\"text\",\"enabled\":\"1\",\"fields\":{\"text\":\"<p>Aside from the occasional use of pencil and paper, I\\u2019m a full-fledged digital artist, producing the bulk of my work on the computer using these programs and tools:<\\/p>\",\"isNewSection\":\"newSection\"}},\"46\":{\"type\":\"iconList\",\"enabled\":\"1\",\"fields\":{\"icon\":\"\",\"isNewSection\":\"none\"}}},\"40\":\"\",\"44\":{\"47\":{\"type\":\"gallery\",\"enabled\":\"1\",\"fields\":{\"heading\":\"More Sketches and Works-In-Progress\",\"image\":[\"97\",\"98\",\"99\",\"100\",\"101\",\"102\"]}}},\"52\":[\"48\"],\"64\":{\"109\":{\"type\":\"instagramBlock\",\"enabled\":\"1\",\"fields\":{\"heading\":\"Find my Latest Doodles, Drawings, & Designs on Instagram\",\"showInstagramBlock\":\"1\"}}},\"25\":\"\",\"26\":\"\",\"24\":\"\",\"43\":\"<p>As an artist, I\\u2019m mostly inspired by classic Disney animation and comic book art. But I love so many styles and enjoy the challenge of meeting my client\\u2019s needs, no matter the style!<\\/p>\"}}', '2017-05-13 03:52:25', '2017-05-13 03:52:25', 'f6ecac6f-77c2-49d2-aa9c-2242b4eed268'),
 ('61', '2', '1', '1', 'en_us', '7', '', '{\"typeId\":null,\"authorId\":null,\"title\":\"I\\u2019m Wilson.\",\"slug\":\"homepage\",\"postDate\":1492722062,\"expiryDate\":null,\"enabled\":1,\"parentId\":null,\"fields\":{\"28\":{\"38\":{\"type\":\"text\",\"enabled\":\"1\",\"fields\":{\"text\":\"<p>I\\u2019ve been a professional web designer and front end developer for ten years. And illustration and the art of making things look good have been a passion of mine my entire life!<\\/p>\\r\\n<p>Here are a few of the tools I use to get the job done:<\\/p>\",\"isNewSection\":\"newSection\"}},\"39\":{\"type\":\"iconList\",\"enabled\":\"1\",\"fields\":{\"icon\":\"\",\"isNewSection\":\"none\"}},\"40\":{\"type\":\"text\",\"enabled\":\"1\",\"fields\":{\"text\":\"<p>Check out the&nbsp;<a href=\\\"\\/about\\\">About<\\/a>&nbsp;page to learn more.<\\/p>\",\"isNewSection\":\"none\"}}},\"64\":{\"new1\":{\"type\":\"instagramBlock\",\"enabled\":\"1\",\"fields\":{\"heading\":\"My Latest Adventures on Instagram\",\"showInstagramBlock\":\"1\"}}},\"25\":\"\",\"26\":\"\",\"24\":\"\",\"43\":\"<p>I\\u2019m a passionate creative based in Portland, Oregon. I&nbsp;<a href=\\\"\\/web\\\">build great experiences for the web<\\/a>&nbsp;and I&nbsp;<a href=\\\"\\/art\\\">draw all kinds of things<\\/a>, too!<\\/p>\"}}', '2017-05-13 03:53:26', '2017-05-13 03:53:26', 'cd0d574a-4892-47f1-a972-0ee07d5b8ff5'),
 ('62', '34', '9', '1', 'en_us', '5', '', '{\"typeId\":\"9\",\"authorId\":null,\"title\":\"Web Development\",\"slug\":\"web-development-index\",\"postDate\":1494537803,\"expiryDate\":null,\"enabled\":1,\"parentId\":null,\"fields\":{\"28\":\"\",\"40\":{\"37\":{\"type\":\"footnote\",\"enabled\":\"1\",\"fields\":{\"footnoteId\":\"1\",\"footnoteText\":\"<p>[1]&nbsp;<a href=\\\"https:\\/\\/www.amazon.com\\/Teach-Yourself-Publishing-Professional-Reference\\/dp\\/0672322048\\/\\\" target=\\\"_blank\\\" rel=\\\"noreferrer noopener\\\">Sams Teach Yourself Web Publishing With HTML and XHTML in 21 Days, Professional Reference Edition<\\/a><\\/p>\"}}},\"44\":{\"35\":{\"type\":\"gallery\",\"enabled\":\"1\",\"fields\":{\"heading\":\"More Web Development Work\",\"image\":[\"103\",\"104\",\"105\",\"106\",\"107\"]}}},\"25\":\"\",\"26\":\"\",\"24\":\"\",\"43\":\"<p>It started 16 years ago with a behemoth of a book<sup><a href=\\\"http:\\/\\/craft.jgwilsondesign.dev\\/admin\\/entries\\/webDevelopmentIndex\\/34-web-development-index#footnotes-1\\\"><\\/a><a href=\\\"#footnotes-1\\\"><\\/a><a href=\\\"#footnotes-1\\\">1<\\/a><\\/sup>&nbsp;my dad purchased on building websites with HTML. Now I build more than just websites. I build&nbsp;<em>experiences<\\/em>.<\\/p>\",\"51\":\"\"}}', '2017-05-14 01:08:26', '2017-05-14 01:08:26', '4a0b4316-780f-4334-abb5-ba07ccd55a80'),
 ('63', '34', '9', '1', 'en_us', '6', '', '{\"typeId\":\"9\",\"authorId\":null,\"title\":\"Web Development\",\"slug\":\"web-development-index\",\"postDate\":1494537803,\"expiryDate\":null,\"enabled\":1,\"parentId\":null,\"fields\":{\"28\":\"\",\"40\":{\"37\":{\"type\":\"footnote\",\"enabled\":\"1\",\"fields\":{\"footnoteId\":\"1\",\"footnoteText\":\"<p>[1]&nbsp;<a href=\\\"https:\\/\\/www.amazon.com\\/Teach-Yourself-Publishing-Professional-Reference\\/dp\\/0672322048\\/\\\" target=\\\"_blank\\\" rel=\\\"noreferrer noopener\\\">Sams Teach Yourself Web Publishing With HTML and XHTML in 21 Days, Professional Reference Edition<\\/a><\\/p>\"}}},\"44\":{\"35\":{\"type\":\"gallery\",\"enabled\":\"1\",\"fields\":{\"heading\":\"More Web Development Work\",\"image\":[\"103\",\"104\",\"105\",\"106\",\"107\"]}}},\"25\":\"\",\"26\":\"\",\"24\":\"\",\"43\":\"<p>It started 16 years ago with a behemoth of a book<sup><a href=\\\"http:\\/\\/craft.jgwilsondesign.dev\\/admin\\/entries\\/webDevelopmentIndex\\/34-web-development-index#footnotes-1\\\"><\\/a><a href=\\\"#footnotes-1\\\"><\\/a><a href=\\\"#footnotes-1\\\"><\\/a><a href=\\\"#footnotes-1\\\">1<\\/a><\\/sup>&nbsp;my dad purchased on building websites with HTML. Now I build more than just websites. I build&nbsp;<em>experiences<\\/em>.<\\/p>\",\"51\":\"\"}}', '2017-05-14 01:10:17', '2017-05-14 01:10:17', 'ef7fce79-72a6-468f-afb6-55f53721fc70'),
 ('64', '112', '8', '1', 'en_us', '1', '', '{\"typeId\":null,\"authorId\":\"1\",\"title\":\"Everything Kitchens\",\"slug\":\"everything-kitchens\",\"postDate\":1494883020,\"expiryDate\":null,\"enabled\":1,\"parentId\":\"\",\"fields\":{\"28\":\"\",\"21\":\"\",\"59\":{\"new1\":{\"type\":\"projectDetails\",\"enabled\":\"1\",\"fields\":{\"clientName\":\"Everything Kitchens\",\"clientLogo\":\"\",\"services\":[\"frontEndDevelopment\",\"magento\",\"eCommerce\"],\"shortDescription\":\"\"}}},\"20\":[\"111\"],\"25\":\"\",\"26\":\"\",\"24\":\"\"}}', '2017-05-15 21:17:00', '2017-05-15 21:17:00', 'f698abc5-e00c-44d6-8eb6-f93b713f49fe'),
 ('65', '34', '9', '1', 'en_us', '7', '', '{\"typeId\":\"9\",\"authorId\":null,\"title\":\"Web Development\",\"slug\":\"web-development-index\",\"postDate\":1494537803,\"expiryDate\":null,\"enabled\":1,\"parentId\":null,\"fields\":{\"28\":\"\",\"40\":{\"37\":{\"type\":\"footnote\",\"enabled\":\"1\",\"fields\":{\"footnoteId\":\"1\",\"footnoteText\":\"<p>[1]&nbsp;<a href=\\\"https:\\/\\/www.amazon.com\\/Teach-Yourself-Publishing-Professional-Reference\\/dp\\/0672322048\\/\\\" target=\\\"_blank\\\" rel=\\\"noreferrer noopener\\\">Sams Teach Yourself Web Publishing With HTML and XHTML in 21 Days, Professional Reference Edition<\\/a><\\/p>\"}}},\"44\":{\"35\":{\"type\":\"gallery\",\"enabled\":\"1\",\"fields\":{\"heading\":\"More Web Development Work\",\"image\":[\"103\",\"104\",\"105\",\"106\",\"107\"]}}},\"25\":\"\",\"26\":\"\",\"24\":\"\",\"43\":\"<p>It started 16 years ago with a behemoth of a book<sup><a href=\\\"http:\\/\\/craft.jgwilsondesign.dev\\/admin\\/entries\\/webDevelopmentIndex\\/34-web-development-index#footnotes-1\\\"><\\/a><a href=\\\"#footnotes-1\\\"><\\/a><a href=\\\"#footnotes-1\\\"><\\/a><a href=\\\"#footnotes-1\\\">1<\\/a><\\/sup>&nbsp;my dad purchased on building websites with HTML. Now I build more than just websites. I build&nbsp;<em>experiences<\\/em>.<\\/p>\",\"51\":[\"112\"]}}', '2017-05-15 21:17:34', '2017-05-15 21:17:34', 'bed4bc20-d0e2-413f-865c-36cdc932fbd4'),
 ('66', '34', '9', '1', 'en_us', '8', '', '{\"typeId\":\"9\",\"authorId\":null,\"title\":\"Web Development\",\"slug\":\"web-development-index\",\"postDate\":1494537803,\"expiryDate\":null,\"enabled\":1,\"parentId\":null,\"fields\":{\"28\":{\"new1\":{\"type\":\"text\",\"enabled\":\"1\",\"fields\":{\"text\":\"<p>While I always love the challenge of learning new technologies, here are the tools that I use most to develop my web projects:<\\/p>\",\"isNewSection\":\"newSection\"}},\"new2\":{\"type\":\"iconList\",\"enabled\":\"1\",\"fields\":{\"icon\":\"\",\"isNewSection\":\"none\"}}},\"40\":{\"37\":{\"type\":\"footnote\",\"enabled\":\"1\",\"fields\":{\"footnoteId\":\"1\",\"footnoteText\":\"<p>[1]&nbsp;<a href=\\\"https:\\/\\/www.amazon.com\\/Teach-Yourself-Publishing-Professional-Reference\\/dp\\/0672322048\\/\\\" target=\\\"_blank\\\" rel=\\\"noreferrer noopener\\\">Sams Teach Yourself Web Publishing With HTML and XHTML in 21 Days, Professional Reference Edition<\\/a><\\/p>\"}}},\"44\":{\"35\":{\"type\":\"gallery\",\"enabled\":\"1\",\"fields\":{\"heading\":\"More Web Development Work\",\"image\":[\"103\",\"104\",\"105\",\"106\",\"107\"]}}},\"25\":\"\",\"26\":\"\",\"24\":\"\",\"43\":\"<p>It started 16 years ago with a behemoth of a book<sup><a href=\\\"http:\\/\\/craft.jgwilsondesign.dev\\/admin\\/entries\\/webDevelopmentIndex\\/34-web-development-index#footnotes-1\\\"><\\/a><a href=\\\"#footnotes-1\\\"><\\/a><a href=\\\"#footnotes-1\\\"><\\/a><a href=\\\"#footnotes-1\\\">1<\\/a><\\/sup>&nbsp;my dad purchased on building websites with HTML. Now I build more than just websites. I build&nbsp;<em>experiences<\\/em>.<\\/p>\",\"51\":[\"112\"]}}', '2017-05-15 21:46:47', '2017-05-15 21:46:47', '2b739712-0e72-4e23-b5e7-32e629a49e7c'),
 ('67', '117', '8', '1', 'en_us', '1', '', '{\"typeId\":null,\"authorId\":\"1\",\"title\":\"Benham Brothers\",\"slug\":\"benham-brothers\",\"postDate\":1494885216,\"expiryDate\":null,\"enabled\":1,\"parentId\":\"\",\"fields\":{\"28\":\"\",\"21\":\"\",\"59\":{\"new1\":{\"type\":\"projectDetails\",\"enabled\":\"1\",\"fields\":{\"clientName\":\"Benham Brothers\",\"clientLogo\":\"\",\"services\":[\"frontEndDevelopment\",\"wordpress\"],\"shortDescription\":\"\"}}},\"20\":[\"116\"],\"25\":\"\",\"26\":\"\",\"24\":\"\"}}', '2017-05-15 21:53:36', '2017-05-15 21:53:36', 'da916969-c8dd-49b3-a1a8-6ddbdd1fb26f'),
 ('68', '117', '8', '1', 'en_us', '2', '', '{\"typeId\":\"8\",\"authorId\":\"1\",\"title\":\"Benham Brothers\",\"slug\":\"benham-brothers\",\"postDate\":1494885180,\"expiryDate\":null,\"enabled\":1,\"parentId\":\"\",\"fields\":{\"28\":\"\",\"21\":\"\",\"59\":{\"118\":{\"type\":\"projectDetails\",\"enabled\":\"1\",\"fields\":{\"clientName\":\"Benham Brothers\",\"websiteUrl\":\"http:\\/\\/benhambrothers.com\\/\",\"clientLogo\":\"\",\"services\":[\"frontEndDevelopment\",\"wordpress\"],\"shortDescription\":\"\"}}},\"20\":[\"116\"],\"25\":\"\",\"26\":\"\",\"24\":\"\"}}', '2017-05-15 21:57:45', '2017-05-15 21:57:45', 'bfbc4d31-c48f-43d8-906c-5c68fd814153'),
 ('69', '112', '8', '1', 'en_us', '2', '', '{\"typeId\":\"8\",\"authorId\":\"1\",\"title\":\"Everything Kitchens\",\"slug\":\"everything-kitchens\",\"postDate\":1494883020,\"expiryDate\":null,\"enabled\":1,\"parentId\":\"\",\"fields\":{\"28\":\"\",\"21\":\"\",\"59\":{\"113\":{\"type\":\"projectDetails\",\"enabled\":\"1\",\"fields\":{\"clientName\":\"Everything Kitchens\",\"websiteUrl\":\"https:\\/\\/www.everythingkitchens.com\\/\",\"clientLogo\":\"\",\"services\":[\"frontEndDevelopment\",\"magento\",\"eCommerce\"],\"shortDescription\":\"<p>This project is the largest Magento e-commerce build of my career so far. With an offering of over 200 different brands and thousands of products already in their inventory, the <em>Everything&nbsp;Kitchens<\\/em> site&nbsp;took almost an entire year to complete simply because of its scale.<\\/p>\"}}},\"20\":[\"111\"],\"25\":\"\",\"26\":\"\",\"24\":\"\"}}', '2017-05-15 21:59:02', '2017-05-15 21:59:02', '395562a4-f28a-475c-a98b-539fefbb74ab'),
 ('70', '34', '9', '1', 'en_us', '9', '', '{\"typeId\":\"9\",\"authorId\":null,\"title\":\"Web Development\",\"slug\":\"web-development-index\",\"postDate\":1494537803,\"expiryDate\":null,\"enabled\":1,\"parentId\":null,\"fields\":{\"28\":{\"114\":{\"type\":\"text\",\"enabled\":\"1\",\"fields\":{\"text\":\"<p>While I always love the challenge of learning new technologies, here are the tools that I use most to develop my web projects:<\\/p>\",\"isNewSection\":\"newSection\"}},\"115\":{\"type\":\"iconList\",\"enabled\":\"1\",\"fields\":{\"icon\":\"\",\"isNewSection\":\"none\"}}},\"40\":{\"37\":{\"type\":\"footnote\",\"enabled\":\"1\",\"fields\":{\"footnoteId\":\"1\",\"footnoteText\":\"<p>[1]&nbsp;<a href=\\\"https:\\/\\/www.amazon.com\\/Teach-Yourself-Publishing-Professional-Reference\\/dp\\/0672322048\\/\\\" target=\\\"_blank\\\" rel=\\\"noreferrer noopener\\\">Sams Teach Yourself Web Publishing With HTML and XHTML in 21 Days, Professional Reference Edition<\\/a><\\/p>\"}}},\"44\":{\"35\":{\"type\":\"gallery\",\"enabled\":\"1\",\"fields\":{\"heading\":\"More Web Development Work\",\"image\":[\"103\",\"104\",\"105\",\"106\",\"107\"]}}},\"25\":\"\",\"26\":\"\",\"24\":\"\",\"43\":\"<p>It started 16 years ago with a behemoth of a book<sup><a href=\\\"http:\\/\\/craft.jgwilsondesign.dev\\/admin\\/entries\\/webDevelopmentIndex\\/34-web-development-index#footnotes-1\\\"><\\/a><a href=\\\"#footnotes-1\\\"><\\/a><a href=\\\"#footnotes-1\\\"><\\/a><a href=\\\"#footnotes-1\\\">1<\\/a><\\/sup>&nbsp;my dad purchased on building websites with HTML. Now I build more than just websites. I build&nbsp;<em>experiences<\\/em>.<\\/p>\",\"51\":[\"112\",\"117\"]}}', '2017-05-15 22:00:24', '2017-05-15 22:00:24', 'b4bca93e-b137-4622-afe1-d197feda9f79'),
 ('71', '120', '8', '1', 'en_us', '1', '', '{\"typeId\":null,\"authorId\":\"1\",\"title\":\"Senator Bob Hall\",\"slug\":\"senator-bob-hall\",\"postDate\":1494886326,\"expiryDate\":null,\"enabled\":1,\"parentId\":\"\",\"fields\":{\"28\":\"\",\"21\":\"\",\"59\":{\"new1\":{\"type\":\"projectDetails\",\"enabled\":\"1\",\"fields\":{\"clientName\":\"Senator Bob Hall\",\"websiteUrl\":\"http:\\/\\/senatorbobhall.com\\/\",\"clientLogo\":\"\",\"services\":[\"frontEndDevelopment\",\"wordpress\"],\"shortDescription\":\"\"}}},\"20\":[\"119\"],\"25\":\"\",\"26\":\"\",\"24\":\"\"}}', '2017-05-15 22:12:06', '2017-05-15 22:12:06', '5b9d132c-9135-48cd-adbd-168f272c1dd3'),
 ('72', '123', '8', '1', 'en_us', '1', '', '{\"typeId\":null,\"authorId\":\"1\",\"title\":\"Ohio Right to Life\",\"slug\":\"ohio-right-to-life\",\"postDate\":1494886462,\"expiryDate\":null,\"enabled\":1,\"parentId\":\"\",\"fields\":{\"28\":\"\",\"21\":\"\",\"59\":{\"new1\":{\"type\":\"projectDetails\",\"enabled\":\"1\",\"fields\":{\"clientName\":\"Ohio Right to Life\",\"websiteUrl\":\"http:\\/\\/www.ohiolife.org\\/\",\"clientLogo\":\"\",\"services\":\"\",\"shortDescription\":\"\"}}},\"20\":[\"122\"],\"25\":\"\",\"26\":\"\",\"24\":\"\"}}', '2017-05-15 22:14:22', '2017-05-15 22:14:22', 'd6d4ea56-9a9b-47ea-ae0e-592800acc5aa'),
 ('73', '34', '9', '1', 'en_us', '10', '', '{\"typeId\":\"9\",\"authorId\":null,\"title\":\"Web Development\",\"slug\":\"web-development-index\",\"postDate\":1494537803,\"expiryDate\":null,\"enabled\":1,\"parentId\":null,\"fields\":{\"28\":{\"114\":{\"type\":\"text\",\"enabled\":\"1\",\"fields\":{\"text\":\"<p>While I always love the challenge of learning new technologies, here are the tools that I use most to develop my web projects:<\\/p>\",\"isNewSection\":\"newSection\"}},\"115\":{\"type\":\"iconList\",\"enabled\":\"1\",\"fields\":{\"icon\":\"\",\"isNewSection\":\"none\"}}},\"40\":{\"37\":{\"type\":\"footnote\",\"enabled\":\"1\",\"fields\":{\"footnoteId\":\"1\",\"footnoteText\":\"<p>[1]&nbsp;<a href=\\\"https:\\/\\/www.amazon.com\\/Teach-Yourself-Publishing-Professional-Reference\\/dp\\/0672322048\\/\\\" target=\\\"_blank\\\" rel=\\\"noreferrer noopener\\\">Sams Teach Yourself Web Publishing With HTML and XHTML in 21 Days, Professional Reference Edition<\\/a><\\/p>\"}}},\"44\":{\"35\":{\"type\":\"gallery\",\"enabled\":\"1\",\"fields\":{\"heading\":\"More Web Development Work\",\"image\":[\"103\",\"104\",\"105\",\"106\",\"107\"]}}},\"25\":\"\",\"26\":\"\",\"24\":\"\",\"43\":\"<p>It started 16 years ago with a behemoth of a book<sup><a href=\\\"http:\\/\\/craft.jgwilsondesign.dev\\/admin\\/entries\\/webDevelopmentIndex\\/34-web-development-index#footnotes-1\\\"><\\/a><a href=\\\"#footnotes-1\\\"><\\/a><a href=\\\"#footnotes-1\\\"><\\/a><a href=\\\"#footnotes-1\\\">1<\\/a><\\/sup>&nbsp;my dad purchased on building websites with HTML. Now I build more than just websites. I build&nbsp;<em>experiences<\\/em>.<\\/p>\",\"51\":[\"112\",\"117\",\"120\",\"123\"]}}', '2017-05-15 22:14:35', '2017-05-15 22:14:35', 'f207db6c-0cb9-4ddd-b2fd-d1d2d970882e'),
 ('74', '123', '8', '1', 'en_us', '2', '', '{\"typeId\":\"8\",\"authorId\":\"1\",\"title\":\"Ohio Right to Life\",\"slug\":\"ohio-right-to-life\",\"postDate\":1494886440,\"expiryDate\":null,\"enabled\":1,\"parentId\":\"\",\"fields\":{\"28\":\"\",\"21\":\"\",\"59\":{\"124\":{\"type\":\"projectDetails\",\"enabled\":\"1\",\"fields\":{\"clientName\":\"Ohio Right to Life\",\"websiteUrl\":\"http:\\/\\/www.ohiolife.org\\/\",\"clientLogo\":\"\",\"services\":[\"frontEndDevelopment\"],\"shortDescription\":\"\"}}},\"20\":[\"122\"],\"25\":\"\",\"26\":\"\",\"24\":\"\"}}', '2017-05-16 00:27:05', '2017-05-16 00:27:05', 'e1c41922-7e80-4bec-a222-04986bf2e4e9'),
 ('75', '123', '8', '1', 'en_us', '3', '', '{\"typeId\":\"8\",\"authorId\":\"1\",\"title\":\"Ohio Right to Life\",\"slug\":\"ohiolife\",\"postDate\":1494886440,\"expiryDate\":null,\"enabled\":1,\"parentId\":\"\",\"fields\":{\"28\":\"\",\"21\":\"\",\"59\":{\"124\":{\"type\":\"projectDetails\",\"enabled\":\"1\",\"fields\":{\"clientName\":\"Ohio Right to Life\",\"websiteUrl\":\"http:\\/\\/www.ohiolife.org\\/\",\"clientLogo\":\"\",\"services\":[\"frontEndDevelopment\"],\"shortDescription\":\"\"}}},\"20\":[\"122\"],\"25\":\"\",\"26\":\"\",\"24\":\"\"}}', '2017-05-16 00:27:40', '2017-05-16 00:27:40', '6869a86a-0582-4857-956f-91c36a2a04f4'),
 ('76', '120', '8', '1', 'en_us', '2', '', '{\"typeId\":\"8\",\"authorId\":\"1\",\"title\":\"Senator Bob Hall\",\"slug\":\"bobhall\",\"postDate\":1494886320,\"expiryDate\":null,\"enabled\":1,\"parentId\":\"\",\"fields\":{\"28\":\"\",\"21\":\"\",\"59\":{\"121\":{\"type\":\"projectDetails\",\"enabled\":\"1\",\"fields\":{\"clientName\":\"Senator Bob Hall\",\"websiteUrl\":\"http:\\/\\/senatorbobhall.com\\/\",\"clientLogo\":\"\",\"services\":[\"frontEndDevelopment\",\"wordpress\"],\"shortDescription\":\"\"}}},\"20\":[\"119\"],\"25\":\"\",\"26\":\"\",\"24\":\"\"}}', '2017-05-16 00:28:04', '2017-05-16 00:28:04', '17f88a33-79b6-4aaa-998f-aabb91ff9b88'),
 ('77', '123', '8', '1', 'en_us', '4', '', '{\"typeId\":\"8\",\"authorId\":\"1\",\"title\":\"Ohio Right to Life\",\"slug\":\"ohio-right-to-life\",\"postDate\":1494886440,\"expiryDate\":null,\"enabled\":1,\"parentId\":\"\",\"fields\":{\"28\":\"\",\"21\":\"\",\"59\":{\"124\":{\"type\":\"projectDetails\",\"enabled\":\"1\",\"fields\":{\"clientName\":\"Ohio Right to Life\",\"websiteUrl\":\"http:\\/\\/www.ohiolife.org\\/\",\"clientLogo\":\"\",\"services\":[\"frontEndDevelopment\"],\"shortDescription\":\"\"}}},\"20\":[\"122\"],\"25\":\"\",\"26\":\"\",\"24\":\"\"}}', '2017-05-16 00:28:43', '2017-05-16 00:28:43', '72ee2a0b-186a-47e8-ae56-4670ce44efef'),
 ('78', '120', '8', '1', 'en_us', '3', '', '{\"typeId\":\"8\",\"authorId\":\"1\",\"title\":\"Senator Bob Hall\",\"slug\":\"senator-bob-hall\",\"postDate\":1494886320,\"expiryDate\":null,\"enabled\":1,\"parentId\":\"\",\"fields\":{\"28\":\"\",\"21\":\"\",\"59\":{\"121\":{\"type\":\"projectDetails\",\"enabled\":\"1\",\"fields\":{\"clientName\":\"Senator Bob Hall\",\"websiteUrl\":\"http:\\/\\/senatorbobhall.com\\/\",\"clientLogo\":\"\",\"services\":[\"frontEndDevelopment\",\"wordpress\"],\"shortDescription\":\"\"}}},\"20\":[\"119\"],\"25\":\"\",\"26\":\"\",\"24\":\"\"}}', '2017-05-16 00:28:54', '2017-05-16 00:28:54', '5c0ddd5f-8cb6-4ce8-8392-475f29bd0750'),
 ('79', '112', '8', '1', 'en_us', '3', '', '{\"typeId\":\"8\",\"authorId\":\"1\",\"title\":\"Everything Kitchens\",\"slug\":\"everything-kitchens\",\"postDate\":1494883020,\"expiryDate\":null,\"enabled\":1,\"parentId\":\"\",\"fields\":{\"28\":\"\",\"21\":[\"125\"],\"59\":{\"113\":{\"type\":\"projectDetails\",\"enabled\":\"1\",\"fields\":{\"clientName\":\"Everything Kitchens\",\"websiteUrl\":\"https:\\/\\/www.everythingkitchens.com\\/\",\"clientLogo\":\"\",\"services\":[\"frontEndDevelopment\",\"magento\",\"eCommerce\"],\"shortDescription\":\"<p>This project is the largest Magento e-commerce build of my career so far. With an offering of over 200 different brands and thousands of products already in their inventory, the <em>Everything&nbsp;Kitchens<\\/em> site&nbsp;took almost an entire year to complete simply because of its scale.<\\/p>\"}}},\"20\":[\"111\"],\"25\":\"\",\"26\":\"\",\"24\":\"\"}}', '2017-05-16 01:52:18', '2017-05-16 01:52:18', 'd63f394a-b96b-49e1-951d-f616989d0c5a'),
 ('80', '112', '8', '1', 'en_us', '4', '', '{\"typeId\":\"8\",\"authorId\":\"1\",\"title\":\"Everything Kitchens\",\"slug\":\"everything-kitchens\",\"postDate\":1494883020,\"expiryDate\":null,\"enabled\":1,\"parentId\":\"\",\"fields\":{\"28\":\"\",\"21\":[\"125\"],\"59\":{\"113\":{\"type\":\"projectDetails\",\"enabled\":\"1\",\"fields\":{\"clientName\":\"Everything Kitchens\",\"websiteUrl\":\"https:\\/\\/www.everythingkitchens.com\\/\",\"clientLogo\":[\"126\",\"127\"],\"services\":[\"frontEndDevelopment\",\"magento\",\"eCommerce\"],\"shortDescription\":\"<p>This project is the largest Magento e-commerce build of my career so far. With an offering of over 200 different brands and thousands of products already in their inventory, the <em>Everything&nbsp;Kitchens<\\/em> site&nbsp;took almost an entire year to complete simply because of its scale.<\\/p>\"}}},\"20\":[\"111\"],\"25\":\"\",\"26\":\"\",\"24\":\"\"}}', '2017-05-16 01:57:27', '2017-05-16 01:57:27', '6700e909-6784-4282-963e-6de3d1f199ba'),
 ('81', '117', '8', '1', 'en_us', '3', '', '{\"typeId\":\"8\",\"authorId\":\"1\",\"title\":\"Benham Brothers\",\"slug\":\"benham-brothers\",\"postDate\":1494885180,\"expiryDate\":null,\"enabled\":1,\"parentId\":\"\",\"fields\":{\"28\":\"\",\"21\":[\"128\"],\"59\":{\"118\":{\"type\":\"projectDetails\",\"enabled\":\"1\",\"fields\":{\"clientName\":\"Benham Brothers\",\"websiteUrl\":\"http:\\/\\/benhambrothers.com\\/\",\"clientLogo\":\"\",\"services\":[\"frontEndDevelopment\",\"wordpress\"],\"shortDescription\":\"\"}}},\"20\":[\"116\"],\"25\":\"\",\"26\":\"\",\"24\":\"\"}}', '2017-05-16 02:24:07', '2017-05-16 02:24:07', 'f84fc691-b78e-49cb-9cb3-5ffcbcc4de4c'),
 ('82', '117', '8', '1', 'en_us', '4', '', '{\"typeId\":\"8\",\"authorId\":\"1\",\"title\":\"Benham Brothers\",\"slug\":\"benham-brothers\",\"postDate\":1494885180,\"expiryDate\":null,\"enabled\":1,\"parentId\":\"\",\"fields\":{\"28\":\"\",\"21\":[\"128\"],\"59\":{\"118\":{\"type\":\"projectDetails\",\"enabled\":\"1\",\"fields\":{\"clientName\":\"Benham Brothers\",\"websiteUrl\":\"http:\\/\\/benhambrothers.com\\/\",\"clientLogo\":[\"129\"],\"services\":[\"frontEndDevelopment\",\"wordpress\"],\"shortDescription\":\"\"}}},\"20\":[\"116\"],\"25\":\"\",\"26\":\"\",\"24\":\"\"}}', '2017-05-16 04:33:25', '2017-05-16 04:33:25', '53fe45cb-4ab2-4af4-888e-b23ea849398e'),
 ('83', '117', '8', '1', 'en_us', '5', '', '{\"typeId\":\"8\",\"authorId\":\"1\",\"title\":\"Benham Brothers\",\"slug\":\"benham-brothers\",\"postDate\":1494885180,\"expiryDate\":null,\"enabled\":1,\"parentId\":\"\",\"fields\":{\"28\":\"\",\"21\":[\"128\"],\"59\":{\"118\":{\"type\":\"projectDetails\",\"enabled\":\"1\",\"fields\":{\"clientName\":\"Benham Brothers\",\"websiteUrl\":\"http:\\/\\/benhambrothers.com\\/\",\"clientLogo\":\"\",\"services\":[\"frontEndDevelopment\",\"wordpress\"],\"shortDescription\":\"\"}}},\"20\":[\"116\"],\"25\":\"\",\"26\":\"\",\"24\":\"\"}}', '2017-05-16 13:55:20', '2017-05-16 13:55:20', '2fc38e93-bf69-47e6-84b4-684185898c04'),
 ('84', '117', '8', '1', 'en_us', '6', '', '{\"typeId\":\"8\",\"authorId\":\"1\",\"title\":\"Benham Brothers\",\"slug\":\"benham-brothers\",\"postDate\":1494885180,\"expiryDate\":null,\"enabled\":1,\"parentId\":\"\",\"fields\":{\"28\":\"\",\"21\":[\"128\"],\"59\":{\"118\":{\"type\":\"projectDetails\",\"enabled\":\"1\",\"fields\":{\"clientName\":\"Benham Brothers\",\"websiteUrl\":\"http:\\/\\/benhambrothers.com\\/\",\"clientLogo\":[\"130\"],\"services\":[\"frontEndDevelopment\",\"wordpress\"],\"shortDescription\":\"\"}}},\"20\":[\"116\"],\"25\":\"\",\"26\":\"\",\"24\":\"\"}}', '2017-05-16 13:56:06', '2017-05-16 13:56:06', '1908575e-93d3-4dc3-a354-580bfbfd975e'),
 ('85', '132', '10', '1', 'en_us', '1', '', '{\"typeId\":null,\"authorId\":\"1\",\"title\":\"Revive Magazine\",\"slug\":\"revive-magazine\",\"postDate\":1494970374,\"expiryDate\":null,\"enabled\":1,\"parentId\":\"\",\"fields\":{\"28\":\"\",\"21\":\"\",\"59\":{\"new1\":{\"type\":\"projectDetails\",\"enabled\":\"1\",\"fields\":{\"clientName\":\"Revive Magazine\",\"websiteUrl\":\"\",\"clientLogo\":\"\",\"services\":[\"graphicDesign\",\"illustration\"],\"shortDescription\":\"\"}}},\"20\":[\"131\"],\"25\":\"\",\"26\":\"\",\"24\":\"\"}}', '2017-05-16 21:32:54', '2017-05-16 21:32:54', '798ed491-a847-467f-8d4d-0072b7aece3e'),
 ('86', '135', '10', '1', 'en_us', '1', '', '{\"typeId\":null,\"authorId\":\"1\",\"title\":\"Made to Flourish\",\"slug\":\"made-to-flourish\",\"postDate\":1494970483,\"expiryDate\":null,\"enabled\":1,\"parentId\":\"\",\"fields\":{\"28\":\"\",\"21\":\"\",\"59\":{\"new1\":{\"type\":\"projectDetails\",\"enabled\":\"1\",\"fields\":{\"clientName\":\"Made to Flourish\",\"websiteUrl\":\"\",\"clientLogo\":\"\",\"services\":[\"branding\",\"graphicDesign\",\"illustration\"],\"shortDescription\":\"\"}}},\"20\":[\"134\"],\"25\":\"\",\"26\":\"\",\"24\":\"\"}}', '2017-05-16 21:34:44', '2017-05-16 21:34:44', '73fbadf4-60ab-476e-80df-8a0d304790f8'),
 ('87', '41', '11', '1', 'en_us', '9', '', '{\"typeId\":\"11\",\"authorId\":null,\"title\":\"Illustration\",\"slug\":\"illustration-index\",\"postDate\":1494537809,\"expiryDate\":null,\"enabled\":1,\"parentId\":null,\"fields\":{\"28\":{\"45\":{\"type\":\"text\",\"enabled\":\"1\",\"fields\":{\"text\":\"<p>Aside from the occasional use of pencil and paper, I\\u2019m a full-fledged digital artist, producing the bulk of my work on the computer using these programs and tools:<\\/p>\",\"isNewSection\":\"newSection\"}},\"46\":{\"type\":\"iconList\",\"enabled\":\"1\",\"fields\":{\"icon\":\"\",\"isNewSection\":\"none\"}}},\"40\":\"\",\"44\":{\"47\":{\"type\":\"gallery\",\"enabled\":\"1\",\"fields\":{\"heading\":\"More Sketches and Works-In-Progress\",\"image\":[\"97\",\"98\",\"99\",\"100\",\"101\",\"102\"]}}},\"52\":[\"132\",\"48\",\"135\"],\"64\":{\"109\":{\"type\":\"instagramBlock\",\"enabled\":\"1\",\"fields\":{\"heading\":\"Find my Latest Doodles, Drawings, & Designs on Instagram\",\"showInstagramBlock\":\"1\"}}},\"25\":\"\",\"26\":\"\",\"24\":\"\",\"43\":\"<p>As an artist, I\\u2019m mostly inspired by classic Disney animation and comic book art. But I love so many styles and enjoy the challenge of meeting my client\\u2019s needs, no matter the style!<\\/p>\"}}', '2017-05-16 21:34:57', '2017-05-16 21:34:57', '0c436a3c-7d3a-46aa-a805-b24347cf80f1'),
 ('88', '135', '10', '1', 'en_us', '2', '', '{\"typeId\":\"10\",\"authorId\":\"1\",\"title\":\"Made to Flourish\",\"slug\":\"made-to-flourish\",\"postDate\":1494970440,\"expiryDate\":null,\"enabled\":1,\"parentId\":\"\",\"fields\":{\"28\":\"\",\"21\":\"\",\"59\":{\"136\":{\"type\":\"projectDetails\",\"enabled\":\"1\",\"fields\":{\"clientName\":\"Made to Flourish\",\"websiteUrl\":\"https:\\/\\/www.madetoflourish.org\\/\",\"clientLogo\":\"\",\"services\":[\"branding\",\"graphicDesign\",\"illustration\"],\"shortDescription\":\"\"}}},\"20\":[\"134\"],\"25\":\"\",\"26\":\"\",\"24\":\"\"}}', '2017-05-16 21:42:15', '2017-05-16 21:42:15', 'edefd2a3-6508-4e17-8d9a-9e5aaa23b48c'),
 ('89', '48', '10', '1', 'en_us', '18', '', '{\"typeId\":\"10\",\"authorId\":\"1\",\"title\":\"IndieRabbit\",\"slug\":\"indierabbit\",\"postDate\":1494535620,\"expiryDate\":null,\"enabled\":1,\"parentId\":\"\",\"fields\":{\"28\":{\"55\":{\"type\":\"text\",\"enabled\":\"1\",\"fields\":{\"text\":\"<h2>Character Design<\\/h2>\\r\\n<p>There is&nbsp;<em>always<\\/em>&nbsp;more to it than what\\u2019s directly on the surface. When designing this character, for example, it\\u2019s not just a matter of drawing a rabbit. You have to understand the personality of the character you\\u2019re trying to create. And in the case of a mascot, that personality becomes or represents the personality of the whole company.<\\/p>\\r\\n<p>Right at the start of the project, the team at&nbsp;<em>IndieRabbit<\\/em>&nbsp;wanted a character that was a \\u201c&hellip;classy, cool, and relatable rabbit that is a bit human&hellip;in a classic\\/graphic cartoon style.\\u201d<\\/p>\",\"isNewSection\":\"none\"}},\"61\":{\"type\":\"text\",\"enabled\":\"1\",\"fields\":{\"text\":\"<p>Even with all of the concept sketches I did, I still hadn\\u2019t quite figured out the character (who we officially named Indy Rabbit). It wasn\\u2019t until I started experimenting with facial expressions and refining from there that I really got a feel for \\u201cwho he is\\u201d.<\\/p>\",\"isNewSection\":\"none\"}},\"62\":{\"type\":\"text\",\"enabled\":\"1\",\"fields\":{\"text\":\"<p>Once I had the face, it\\u2019s like the body naturally drew itself from there. After a few minor tweaks, it was time to start creating some costumes&hellip;<\\/p>\",\"isNewSection\":\"none\"}},\"63\":{\"type\":\"text\",\"enabled\":\"1\",\"fields\":{\"text\":\"<p>&hellip;before landing on a living, breathing character with life and personality!<\\/p>\",\"isNewSection\":\"none\"}},\"new1\":{\"type\":\"image\",\"enabled\":\"1\",\"fields\":{\"image\":[\"137\"],\"layout\":\"block\",\"isNewSection\":\"none\"}},\"64\":{\"type\":\"text\",\"enabled\":\"1\",\"fields\":{\"text\":\"<h2>Website Illustrations<\\/h2>\\r\\n<p>Obviously, the goal in designing Indy was to use him in marketing and that meant illustrations!<\\/p>\",\"isNewSection\":\"none\"}},\"78\":{\"type\":\"image\",\"enabled\":\"1\",\"fields\":{\"image\":[\"77\"],\"layout\":\"block\",\"isNewSection\":\"none\"}},\"74\":{\"type\":\"image\",\"enabled\":\"1\",\"fields\":{\"image\":[\"72\",\"73\",\"71\"],\"layout\":\"wide\",\"isNewSection\":\"none\"}},\"65\":{\"type\":\"text\",\"enabled\":\"1\",\"fields\":{\"text\":\"<p>But not all illustrations are created equal. The final illustration I completed was a large banner that they wanted to use as the first thing people saw when visiting the site. This single piece was really the culmination of everything I had done leading up to it. So I started it off with a teeny tiny thumbnail based on the direction I had received. (Fortunately for me, Jean-Marc, the co-founder and president of the company, was fantastic at giving direction. He knew what he wanted and gave me just enough freedom to make this one of my favorite projects of all time. So far.)<\\/p>\",\"isNewSection\":\"none\"}},\"76\":{\"type\":\"image\",\"enabled\":\"1\",\"fields\":{\"image\":[\"75\"],\"layout\":\"block\",\"isNewSection\":\"none\"}},\"66\":{\"type\":\"text\",\"enabled\":\"1\",\"fields\":{\"text\":\"<p>From there it was on to the illustration.<\\/p>\",\"isNewSection\":\"none\"}},\"58\":{\"type\":\"image\",\"enabled\":\"1\",\"fields\":{\"image\":[\"57\"],\"layout\":\"block\",\"isNewSection\":\"none\"}},\"67\":{\"type\":\"text\",\"enabled\":\"1\",\"fields\":{\"text\":\"<p>The process was grueling. The tassels and carrots took what seemed an eternity to finish. And while the pencil stage is my favorite, I will never forget how sore my hand was from the endless hours of thoughtfully placing each line.<\\/p>\\r\\n<p>But the results were worth every effort.<\\/p>\",\"isNewSection\":\"none\"}},\"68\":{\"type\":\"image\",\"enabled\":\"1\",\"fields\":{\"image\":[\"59\"],\"layout\":\"full\",\"isNewSection\":\"none\"}},\"69\":{\"type\":\"image\",\"enabled\":\"1\",\"fields\":{\"image\":[\"60\"],\"layout\":\"full\",\"isNewSection\":\"none\"}},\"70\":{\"type\":\"text\",\"enabled\":\"1\",\"fields\":{\"text\":\"<p>It took several weeks to create this one piece, from start to finish. Good thing I did it digitally or else I would have been waiting for paint to dry and who knows how long that would have taken! All in all, this was an amazing project and I feel so privileged and blessed to have worked with such awesome people.<\\/p>\",\"isNewSection\":\"none\"}},\"56\":{\"type\":\"testimonial\",\"enabled\":\"1\",\"fields\":{\"testimony\":[\"7\"],\"isNewSection\":\"none\"}}},\"21\":[\"49\"],\"59\":{\"108\":{\"type\":\"projectDetails\",\"enabled\":\"1\",\"fields\":{\"clientName\":\"IndieRabbit\",\"websiteUrl\":\"\",\"clientLogo\":[\"51\"],\"services\":[\"characterDesign\",\"illustration\"],\"shortDescription\":\"<p><em>IndieRabbit<\\/em>&nbsp;was a small web startup that offered a unique distribution platform for independent filmmakers and their audience members. It was my task to design a mascot for the company as well as to produce several illustrations for their marketing materials and site.<\\/p>\"}}},\"20\":[\"50\"],\"25\":\"\",\"26\":\"\",\"24\":\"\"}}', '2017-05-16 22:28:54', '2017-05-16 22:28:54', '37ce851d-d847-4e33-b8ff-f230c447d8a6'),
 ('90', '48', '10', '1', 'en_us', '19', '', '{\"typeId\":\"10\",\"authorId\":\"1\",\"title\":\"IndieRabbit\",\"slug\":\"indierabbit\",\"postDate\":1494535620,\"expiryDate\":null,\"enabled\":1,\"parentId\":\"\",\"fields\":{\"28\":{\"55\":{\"type\":\"text\",\"enabled\":\"1\",\"fields\":{\"text\":\"<h2>Character Design<\\/h2>\\r\\n<p>There is&nbsp;<em>always<\\/em>&nbsp;more to it than what\\u2019s directly on the surface. When designing this character, for example, it\\u2019s not just a matter of drawing a rabbit. You have to understand the personality of the character you\\u2019re trying to create. And in the case of a mascot, that personality becomes or represents the personality of the whole company.<\\/p>\\r\\n<p>Right at the start of the project, the team at&nbsp;<em>IndieRabbit<\\/em>&nbsp;wanted a character that was a \\u201c&hellip;classy, cool, and relatable rabbit that is a bit human&hellip;in a classic\\/graphic cartoon style.\\u201d<\\/p>\",\"isNewSection\":\"none\"}},\"61\":{\"type\":\"text\",\"enabled\":\"1\",\"fields\":{\"text\":\"<p>Even with all of the concept sketches I did, I still hadn\\u2019t quite figured out the character (who we officially named Indy Rabbit). It wasn\\u2019t until I started experimenting with facial expressions and refining from there that I really got a feel for \\u201cwho he is\\u201d.<\\/p>\",\"isNewSection\":\"none\"}},\"62\":{\"type\":\"text\",\"enabled\":\"1\",\"fields\":{\"text\":\"<p>Once I had the face, it\\u2019s like the body naturally drew itself from there. After a few minor tweaks, it was time to start creating some costumes&hellip;<\\/p>\",\"isNewSection\":\"none\"}},\"new1\":{\"type\":\"image\",\"enabled\":\"1\",\"fields\":{\"image\":[\"139\"],\"layout\":\"wide\",\"isNewSection\":\"none\"}},\"63\":{\"type\":\"text\",\"enabled\":\"1\",\"fields\":{\"text\":\"<p>&hellip;before landing on a living, breathing character with life and personality!<\\/p>\",\"isNewSection\":\"none\"}},\"138\":{\"type\":\"image\",\"enabled\":\"1\",\"fields\":{\"image\":[\"137\"],\"layout\":\"block\",\"isNewSection\":\"none\"}},\"64\":{\"type\":\"text\",\"enabled\":\"1\",\"fields\":{\"text\":\"<h2>Website Illustrations<\\/h2>\\r\\n<p>Obviously, the goal in designing Indy was to use him in marketing and that meant illustrations!<\\/p>\",\"isNewSection\":\"none\"}},\"78\":{\"type\":\"image\",\"enabled\":\"1\",\"fields\":{\"image\":[\"77\"],\"layout\":\"block\",\"isNewSection\":\"none\"}},\"74\":{\"type\":\"image\",\"enabled\":\"1\",\"fields\":{\"image\":[\"72\",\"73\",\"71\"],\"layout\":\"wide\",\"isNewSection\":\"none\"}},\"65\":{\"type\":\"text\",\"enabled\":\"1\",\"fields\":{\"text\":\"<p>But not all illustrations are created equal. The final illustration I completed was a large banner that they wanted to use as the first thing people saw when visiting the site. This single piece was really the culmination of everything I had done leading up to it. So I started it off with a teeny tiny thumbnail based on the direction I had received. (Fortunately for me, Jean-Marc, the co-founder and president of the company, was fantastic at giving direction. He knew what he wanted and gave me just enough freedom to make this one of my favorite projects of all time. So far.)<\\/p>\",\"isNewSection\":\"none\"}},\"76\":{\"type\":\"image\",\"enabled\":\"1\",\"fields\":{\"image\":[\"75\"],\"layout\":\"block\",\"isNewSection\":\"none\"}},\"66\":{\"type\":\"text\",\"enabled\":\"1\",\"fields\":{\"text\":\"<p>From there it was on to the illustration.<\\/p>\",\"isNewSection\":\"none\"}},\"58\":{\"type\":\"image\",\"enabled\":\"1\",\"fields\":{\"image\":[\"57\"],\"layout\":\"block\",\"isNewSection\":\"none\"}},\"67\":{\"type\":\"text\",\"enabled\":\"1\",\"fields\":{\"text\":\"<p>The process was grueling. The tassels and carrots took what seemed an eternity to finish. And while the pencil stage is my favorite, I will never forget how sore my hand was from the endless hours of thoughtfully placing each line.<\\/p>\\r\\n<p>But the results were worth every effort.<\\/p>\",\"isNewSection\":\"none\"}},\"68\":{\"type\":\"image\",\"enabled\":\"1\",\"fields\":{\"image\":[\"59\"],\"layout\":\"full\",\"isNewSection\":\"none\"}},\"69\":{\"type\":\"image\",\"enabled\":\"1\",\"fields\":{\"image\":[\"60\"],\"layout\":\"full\",\"isNewSection\":\"none\"}},\"70\":{\"type\":\"text\",\"enabled\":\"1\",\"fields\":{\"text\":\"<p>It took several weeks to create this one piece, from start to finish. Good thing I did it digitally or else I would have been waiting for paint to dry and who knows how long that would have taken! All in all, this was an amazing project and I feel so privileged and blessed to have worked with such awesome people.<\\/p>\",\"isNewSection\":\"none\"}},\"56\":{\"type\":\"testimonial\",\"enabled\":\"1\",\"fields\":{\"testimony\":[\"7\"],\"isNewSection\":\"none\"}}},\"21\":[\"49\"],\"59\":{\"108\":{\"type\":\"projectDetails\",\"enabled\":\"1\",\"fields\":{\"clientName\":\"IndieRabbit\",\"websiteUrl\":\"\",\"clientLogo\":[\"51\"],\"services\":[\"characterDesign\",\"illustration\"],\"shortDescription\":\"<p><em>IndieRabbit<\\/em>&nbsp;was a small web startup that offered a unique distribution platform for independent filmmakers and their audience members. It was my task to design a mascot for the company as well as to produce several illustrations for their marketing materials and site.<\\/p>\"}}},\"20\":[\"50\"],\"25\":\"\",\"26\":\"\",\"24\":\"\"}}', '2017-05-16 22:35:05', '2017-05-16 22:35:05', 'ed812c39-4fc4-4851-9601-de621fc23810');



DROP TABLE IF EXISTS `craft_fieldgroups`;


--
-- Schema for table `craft_fieldgroups`
--
CREATE TABLE `craft_fieldgroups` (
  `id` int(11) NOT NULL AUTO_INCREMENT,
  `name` varchar(255) COLLATE utf8_unicode_ci NOT NULL,
  `dateCreated` datetime NOT NULL,
  `dateUpdated` datetime NOT NULL,
  `uid` char(36) COLLATE utf8_unicode_ci NOT NULL DEFAULT '0',
  PRIMARY KEY (`id`),
  UNIQUE KEY `craft_fieldgroups_name_unq_idx` (`name`)
) ENGINE=InnoDB AUTO_INCREMENT=5 DEFAULT CHARSET=utf8 COLLATE=utf8_unicode_ci;

--
-- Data for table `craft_fieldgroups`
--

INSERT INTO `craft_fieldgroups` (`id`, `name`, `dateCreated`, `dateUpdated`, `uid`) VALUES
 ('1', 'General', '2017-04-20 21:01:02', '2017-04-21 22:27:23', '4fa15a9a-b275-430e-909b-9aa03a3cbd3d'),
 ('2', 'Projects', '2017-04-21 01:01:48', '2017-04-21 23:46:30', 'ecc07e83-636b-4ffc-b66d-f937c845b078'),
 ('3', 'Footer', '2017-05-10 01:17:12', '2017-05-10 01:17:12', 'd58832ac-c7a2-4fa4-a4f3-44373827177b'),
 ('4', 'Social Meta', '2017-05-11 00:01:34', '2017-05-11 00:01:34', '84501711-672a-4fa1-96fa-d4fffd2cb2b6');



DROP TABLE IF EXISTS `craft_fieldlayoutfields`;


--
-- Schema for table `craft_fieldlayoutfields`
--
CREATE TABLE `craft_fieldlayoutfields` (
  `id` int(11) NOT NULL AUTO_INCREMENT,
  `layoutId` int(11) NOT NULL,
  `tabId` int(11) NOT NULL,
  `fieldId` int(11) NOT NULL,
  `required` tinyint(1) unsigned NOT NULL DEFAULT '0',
  `sortOrder` smallint(6) unsigned DEFAULT NULL,
  `dateCreated` datetime NOT NULL,
  `dateUpdated` datetime NOT NULL,
  `uid` char(36) COLLATE utf8_unicode_ci NOT NULL DEFAULT '0',
  PRIMARY KEY (`id`),
  UNIQUE KEY `craft_fieldlayoutfields_layoutId_fieldId_unq_idx` (`layoutId`,`fieldId`),
  KEY `craft_fieldlayoutfields_sortOrder_idx` (`sortOrder`),
  KEY `craft_fieldlayoutfields_tabId_fk` (`tabId`),
  KEY `craft_fieldlayoutfields_fieldId_fk` (`fieldId`)
) ENGINE=InnoDB AUTO_INCREMENT=321 DEFAULT CHARSET=utf8 COLLATE=utf8_unicode_ci;

--
-- Data for table `craft_fieldlayoutfields`
--

INSERT INTO `craft_fieldlayoutfields` (`id`, `layoutId`, `tabId`, `fieldId`, `required`, `sortOrder`, `dateCreated`, `dateUpdated`, `uid`) VALUES
 ('41', '32', '17', '4', '0', '1', '2017-04-21 23:55:36', '2017-04-21 23:55:36', '50f0af87-c3ac-4fa7-9303-95e4a0c2d9fe'),
 ('42', '32', '17', '5', '0', '2', '2017-04-21 23:55:36', '2017-04-21 23:55:36', '6551dd62-defe-4e38-a9f8-8c3642d95d38'),
 ('43', '32', '17', '6', '0', '3', '2017-04-21 23:55:36', '2017-04-21 23:55:36', 'ecd986fb-7e69-40d9-b501-3ee4268d79aa'),
 ('57', '42', '23', '23', '0', '2', '2017-05-10 01:19:59', '2017-05-10 01:19:59', 'bd443916-1205-4271-b4a3-3e922fca93a6'),
 ('58', '43', '24', '13', '1', '1', '2017-05-10 04:17:35', '2017-05-10 04:17:35', '6b47b993-fb22-4cef-a0d2-445dd70f3fcb'),
 ('59', '44', '25', '14', '1', '1', '2017-05-10 04:18:03', '2017-05-10 04:18:03', '1c2d9742-88ff-4388-afee-65d97ab43ed1'),
 ('60', '44', '25', '15', '1', '2', '2017-05-10 04:18:03', '2017-05-10 04:18:03', 'c95a6630-e31d-4504-b8cc-ea61030023a8'),
 ('61', '44', '25', '16', '0', '3', '2017-05-10 04:18:03', '2017-05-10 04:18:03', '7fd069cc-13ec-4c96-b901-a03860799200'),
 ('62', '44', '25', '17', '0', '4', '2017-05-10 04:18:03', '2017-05-10 04:18:03', '9e4d2cd3-9891-4ac0-9d95-02f53cf26616'),
 ('63', '44', '25', '18', '0', '5', '2017-05-10 04:18:03', '2017-05-10 04:18:03', '316aedaa-e94f-4b03-98c2-36943641be59'),
 ('102', '56', '39', '41', '0', '1', '2017-05-11 18:09:09', '2017-05-11 18:09:09', '7314395a-0438-483b-a9d8-790d0bbb5cf6'),
 ('103', '56', '39', '42', '0', '2', '2017-05-11 18:09:09', '2017-05-11 18:09:09', '21ea6b56-395f-471e-8353-6ed8c08d75cc'),
 ('149', '75', '58', '21', '0', '1', '2017-05-11 18:22:11', '2017-05-11 18:22:11', 'e00505a4-474c-4b0f-b75f-0eed700d6117'),
 ('150', '75', '58', '43', '0', '2', '2017-05-11 18:22:11', '2017-05-11 18:22:11', 'b125caa1-83c7-4ba9-8f8e-a7645a465714'),
 ('151', '75', '58', '3', '0', '3', '2017-05-11 18:22:11', '2017-05-11 18:22:11', '4b73c8f1-6e48-4c39-89a4-9426de0d52e3'),
 ('152', '75', '58', '28', '0', '4', '2017-05-11 18:22:11', '2017-05-11 18:22:11', '4f2b58c6-cc9a-409d-88c4-191949a2bcd0'),
 ('153', '75', '58', '27', '0', '5', '2017-05-11 18:22:11', '2017-05-11 18:22:11', '2581c4c2-07fd-41d5-b907-3d485d2a4812'),
 ('154', '75', '59', '24', '0', '1', '2017-05-11 18:22:11', '2017-05-11 18:22:11', '4691f19d-1d2b-427e-a261-1fba10652b94'),
 ('155', '75', '59', '25', '0', '2', '2017-05-11 18:22:11', '2017-05-11 18:22:11', '5082cd34-e0ea-4204-b708-e1b82c98f5d4'),
 ('156', '75', '59', '26', '0', '3', '2017-05-11 18:22:11', '2017-05-11 18:22:11', '972c14b4-f0b1-4576-ad15-6063c29ebfc8'),
 ('157', '77', '60', '43', '0', '1', '2017-05-11 18:25:42', '2017-05-11 18:25:42', 'd42240be-2c60-46a9-8ee2-33f98f5432ed'),
 ('158', '77', '60', '51', '0', '2', '2017-05-11 18:25:42', '2017-05-11 18:25:42', 'bf53669c-c9a3-43db-a96b-3b7e3a9c7dea'),
 ('159', '77', '60', '28', '0', '3', '2017-05-11 18:25:42', '2017-05-11 18:25:42', '965278ba-b2e2-4330-bdb9-54f60f804d44'),
 ('160', '77', '60', '44', '0', '4', '2017-05-11 18:25:42', '2017-05-11 18:25:42', 'eec54a5d-58ef-479d-bf8b-fdd12a2d5dc5'),
 ('161', '77', '60', '40', '0', '5', '2017-05-11 18:25:42', '2017-05-11 18:25:42', '131749d8-7df5-415e-9c93-b0b9b88d33f2'),
 ('162', '77', '61', '24', '0', '1', '2017-05-11 18:25:42', '2017-05-11 18:25:42', '777c459c-6c5a-4a3d-9815-9524360e2391'),
 ('163', '77', '61', '25', '0', '2', '2017-05-11 18:25:42', '2017-05-11 18:25:42', 'dbce3252-6230-421f-815a-38829403113f'),
 ('164', '77', '61', '26', '0', '3', '2017-05-11 18:25:42', '2017-05-11 18:25:42', 'b73f4690-92ad-4537-8f53-be1a3179921b'),
 ('259', '106', '95', '57', '0', '1', '2017-05-11 23:19:38', '2017-05-11 23:19:38', 'a5bc5eb9-3999-4dfa-9833-ac4e17ffbd8c'),
 ('260', '107', '96', '57', '0', '1', '2017-05-11 23:19:45', '2017-05-11 23:19:45', '95f390de-370e-4f30-9ba7-215f2e7f104d'),
 ('261', '108', '97', '45', '0', '1', '2017-05-12 00:50:48', '2017-05-12 00:50:48', 'e695e60b-423c-486b-89b0-5d9421ac9c2d'),
 ('262', '108', '97', '58', '0', '2', '2017-05-12 00:50:48', '2017-05-12 00:50:48', '47172b8f-e85c-470c-937c-3a4ba8385ca0'),
 ('263', '109', '98', '29', '0', '1', '2017-05-12 20:14:26', '2017-05-12 20:14:26', '272072ad-bcd4-44ec-b8a2-1b9e791cea8b'),
 ('264', '109', '98', '31', '0', '2', '2017-05-12 20:14:26', '2017-05-12 20:14:26', '463b0bcc-5e1d-4786-8e94-82a32f294590'),
 ('265', '110', '99', '32', '0', '1', '2017-05-12 20:14:26', '2017-05-12 20:14:26', '5c27557b-245d-459b-b88c-3c0fa5aea738'),
 ('266', '110', '99', '33', '0', '2', '2017-05-12 20:14:26', '2017-05-12 20:14:26', '495514f9-90f7-4e17-ac56-39fe8bd03c53'),
 ('267', '110', '99', '34', '0', '3', '2017-05-12 20:14:26', '2017-05-12 20:14:26', '5f60afe3-e785-4ad6-b13e-462dcc37a8dc'),
 ('268', '110', '99', '35', '0', '4', '2017-05-12 20:14:26', '2017-05-12 20:14:26', '0a0b2a7e-e4ac-4d1f-bd38-a5fe11cf130a'),
 ('269', '110', '99', '36', '0', '5', '2017-05-12 20:14:26', '2017-05-12 20:14:26', '4a9c519d-7d5c-4b8a-8bb2-85b6e5794d1b'),
 ('270', '111', '100', '37', '0', '1', '2017-05-12 20:14:26', '2017-05-12 20:14:26', '6d95fafd-5751-4bc9-bffa-4448871022b1'),
 ('271', '111', '100', '38', '0', '2', '2017-05-12 20:14:26', '2017-05-12 20:14:26', '34ce5c3d-f2b7-4f61-85f8-7d14beb5b6f4'),
 ('272', '111', '100', '48', '0', '3', '2017-05-12 20:14:26', '2017-05-12 20:14:26', '8918868f-4100-49e2-8366-9a9358926c39'),
 ('273', '112', '101', '39', '0', '1', '2017-05-12 20:14:26', '2017-05-12 20:14:26', '047c3034-8d67-4f5e-8278-2aad4736af61'),
 ('274', '112', '101', '49', '0', '2', '2017-05-12 20:14:26', '2017-05-12 20:14:26', '3db6f871-b499-4b47-8938-89261a84f1df'),
 ('275', '113', '102', '47', '0', '1', '2017-05-12 20:14:26', '2017-05-12 20:14:26', '3a358b4b-4cfc-4514-8505-262f51a91671'),
 ('276', '113', '102', '50', '0', '2', '2017-05-12 20:14:26', '2017-05-12 20:14:26', 'b4bcbb15-74bd-4b8b-94b7-0e305a6d12bc'),
 ('281', '115', '104', '21', '0', '1', '2017-05-13 03:29:13', '2017-05-13 03:29:13', 'ef6d96c2-f227-4d7e-a7c9-2b3b56ca0dd6'),
 ('282', '115', '104', '20', '0', '2', '2017-05-13 03:29:13', '2017-05-13 03:29:13', 'ff249ce3-8a5f-4469-89b9-5c356bf0e924'),
 ('283', '115', '104', '59', '0', '3', '2017-05-13 03:29:13', '2017-05-13 03:29:13', '9bd52439-f886-4f1c-8473-afc84421e793'),
 ('284', '115', '104', '28', '0', '4', '2017-05-13 03:29:13', '2017-05-13 03:29:13', '3474b588-7592-4661-b44e-35566fb0c2d3'),
 ('285', '115', '105', '24', '0', '1', '2017-05-13 03:29:13', '2017-05-13 03:29:13', '7ef6d048-2758-40e5-bfea-9bcc8253c4ca'),
 ('286', '115', '105', '25', '0', '2', '2017-05-13 03:29:13', '2017-05-13 03:29:13', 'adb031dc-bcbe-41ed-81c0-e0faaca59757'),
 ('287', '115', '105', '26', '0', '3', '2017-05-13 03:29:13', '2017-05-13 03:29:13', '332bc87d-c4f7-43c7-a024-37cb3bed7233'),
 ('288', '116', '106', '21', '0', '1', '2017-05-13 03:29:28', '2017-05-13 03:29:28', 'd3651a61-d124-47fd-adc0-5b80b40e1c4f'),
 ('289', '116', '106', '20', '0', '2', '2017-05-13 03:29:28', '2017-05-13 03:29:28', 'db802b87-18fb-4db3-ae14-bde8677cee2d'),
 ('290', '116', '106', '59', '0', '3', '2017-05-13 03:29:28', '2017-05-13 03:29:28', 'f78c2895-e482-46a0-a916-570136995e6a'),
 ('291', '116', '106', '28', '0', '4', '2017-05-13 03:29:28', '2017-05-13 03:29:28', 'c4afbe33-e8a3-4649-9539-df26142a369b'),
 ('292', '116', '107', '24', '0', '1', '2017-05-13 03:29:28', '2017-05-13 03:29:28', 'cb0beafe-462e-47c3-9d77-89407e53abe8'),
 ('293', '116', '107', '25', '0', '2', '2017-05-13 03:29:28', '2017-05-13 03:29:28', '162b5c17-d899-43e1-a0d2-fd517df3ce9f'),
 ('294', '116', '107', '26', '0', '3', '2017-05-13 03:29:28', '2017-05-13 03:29:28', 'a9683b98-4759-44a1-aabe-cc5d410db63c'),
 ('299', '118', '109', '65', '0', '1', '2017-05-13 03:47:25', '2017-05-13 03:47:25', '7ebcf7f4-6be0-4d8d-a532-ec63859dfb86'),
 ('300', '118', '109', '66', '0', '2', '2017-05-13 03:47:25', '2017-05-13 03:47:25', '1add49ed-cce5-47e3-b18c-7f71dd870d01'),
 ('301', '119', '110', '43', '1', '1', '2017-05-13 03:47:42', '2017-05-13 03:47:42', '91eeec47-5bda-420c-9401-217959ae7a20'),
 ('302', '119', '110', '28', '0', '2', '2017-05-13 03:47:42', '2017-05-13 03:47:42', '6eb67809-9908-4dd2-bb2a-c38bae46fdbc'),
 ('303', '119', '110', '64', '0', '3', '2017-05-13 03:47:42', '2017-05-13 03:47:42', 'bd5cb065-a590-466c-ab02-ed110793e110'),
 ('304', '119', '111', '24', '0', '1', '2017-05-13 03:47:42', '2017-05-13 03:47:42', 'b5a539d0-ee71-408e-ab6e-8c80093ee569'),
 ('305', '119', '111', '25', '0', '2', '2017-05-13 03:47:42', '2017-05-13 03:47:42', 'e71fa651-85a1-480b-981e-3ecc78f6a221'),
 ('306', '119', '111', '26', '0', '3', '2017-05-13 03:47:42', '2017-05-13 03:47:42', 'fec58ccc-88dd-4dee-8861-858a7bd73c10'),
 ('307', '120', '112', '43', '0', '1', '2017-05-13 03:47:59', '2017-05-13 03:47:59', 'e8e242f7-87e0-4920-b299-b969729ab4a2'),
 ('308', '120', '112', '52', '0', '2', '2017-05-13 03:47:59', '2017-05-13 03:47:59', '8587954a-de19-428e-8c03-66e0045b7cbe'),
 ('309', '120', '112', '28', '0', '3', '2017-05-13 03:47:59', '2017-05-13 03:47:59', '381aa106-84d0-4dcf-8723-13d08736d052'),
 ('310', '120', '112', '44', '0', '4', '2017-05-13 03:47:59', '2017-05-13 03:47:59', '5ca2a955-d0fa-48b1-87a9-988029ad1879'),
 ('311', '120', '112', '64', '0', '5', '2017-05-13 03:47:59', '2017-05-13 03:47:59', '32c8e93c-24b9-4383-a035-4820a9939eff'),
 ('312', '120', '112', '40', '0', '6', '2017-05-13 03:47:59', '2017-05-13 03:47:59', '07ee5e51-384f-4c49-a6d0-1aeaaaa89ad8'),
 ('313', '120', '113', '24', '0', '1', '2017-05-13 03:47:59', '2017-05-13 03:47:59', 'a2c5755f-5cc6-4750-9d6e-2a38325f12a3'),
 ('314', '120', '113', '25', '0', '2', '2017-05-13 03:47:59', '2017-05-13 03:47:59', 'e0b8ff45-6c6c-4925-aed8-5261c98d19b8'),
 ('315', '120', '113', '26', '0', '3', '2017-05-13 03:47:59', '2017-05-13 03:47:59', '86467b08-9db2-4644-94d4-9972c1414a46'),
 ('316', '121', '114', '60', '1', '1', '2017-05-15 21:54:35', '2017-05-15 21:54:35', '4ca1a239-3678-432d-86ae-584cda8540bc'),
 ('317', '121', '114', '67', '0', '2', '2017-05-15 21:54:35', '2017-05-15 21:54:35', '8ae55c95-1680-4dd7-b34c-4583f3ff4403'),
 ('318', '121', '114', '61', '0', '3', '2017-05-15 21:54:35', '2017-05-15 21:54:35', 'e72cf306-8826-4215-8580-3e7c6a6f8b03'),
 ('319', '121', '114', '62', '0', '4', '2017-05-15 21:54:35', '2017-05-15 21:54:35', '06ded178-5aa1-44e4-9681-e2b969af6773'),
 ('320', '121', '114', '63', '0', '5', '2017-05-15 21:54:35', '2017-05-15 21:54:35', '3573f79c-0a56-4050-8faa-3fe609fc2183');



DROP TABLE IF EXISTS `craft_fieldlayouts`;


--
-- Schema for table `craft_fieldlayouts`
--
CREATE TABLE `craft_fieldlayouts` (
  `id` int(11) NOT NULL AUTO_INCREMENT,
  `type` varchar(150) COLLATE utf8_unicode_ci NOT NULL,
  `dateCreated` datetime NOT NULL,
  `dateUpdated` datetime NOT NULL,
  `uid` char(36) COLLATE utf8_unicode_ci NOT NULL DEFAULT '0',
  PRIMARY KEY (`id`),
  KEY `craft_fieldlayouts_type_idx` (`type`)
) ENGINE=InnoDB AUTO_INCREMENT=122 DEFAULT CHARSET=utf8 COLLATE=utf8_unicode_ci;

--
-- Data for table `craft_fieldlayouts`
--

INSERT INTO `craft_fieldlayouts` (`id`, `type`, `dateCreated`, `dateUpdated`, `uid`) VALUES
 ('1', 'Tag', '2017-04-20 21:01:02', '2017-04-20 21:01:02', '498573ca-9f9d-454d-b347-4d4b87e297fb'),
 ('32', 'MatrixBlock', '2017-04-21 23:55:36', '2017-04-21 23:55:36', '1f2f9c13-3eae-4753-9415-a3d700dab9f7'),
 ('42', 'GlobalSet', '2017-05-10 01:19:59', '2017-05-10 01:19:59', '14cc2bd2-9d2b-483b-aea7-195ac89546e4'),
 ('43', 'Entry', '2017-05-10 04:17:35', '2017-05-10 04:17:35', '6cc626ac-1386-4795-849e-5b2a2e7f2bf9'),
 ('44', 'MatrixBlock', '2017-05-10 04:18:03', '2017-05-10 04:18:03', '7b6528f6-4847-4bce-8284-e4afaec371c6'),
 ('56', 'MatrixBlock', '2017-05-11 18:09:09', '2017-05-11 18:09:09', '426139a5-a74d-4d4e-aa32-222848cd2ca8'),
 ('75', 'Entry', '2017-05-11 18:22:11', '2017-05-11 18:22:11', 'b01061a0-fa1a-4942-8bea-3759dd8061ae'),
 ('77', 'Entry', '2017-05-11 18:25:42', '2017-05-11 18:25:42', 'bac1ba29-e0a4-4e0b-a40d-ef4b4502ebd9'),
 ('106', 'Asset', '2017-05-11 23:19:38', '2017-05-11 23:19:38', '587b68a4-e8ed-4d15-8ac7-33797ce243be'),
 ('107', 'Asset', '2017-05-11 23:19:45', '2017-05-11 23:19:45', '475271e5-8e8d-4949-955d-a75f9e8c52a7'),
 ('108', 'MatrixBlock', '2017-05-12 00:50:48', '2017-05-12 00:50:48', 'd6e8a7c1-ac64-4b61-b995-f38f4e80a776'),
 ('109', 'MatrixBlock', '2017-05-12 20:14:26', '2017-05-12 20:14:26', '7a593f1b-999a-44d6-b15b-4b79fb279b11'),
 ('110', 'MatrixBlock', '2017-05-12 20:14:26', '2017-05-12 20:14:26', '0c8d8061-56c7-45f4-9a90-f599c9e7d08a'),
 ('111', 'MatrixBlock', '2017-05-12 20:14:26', '2017-05-12 20:14:26', '9b159326-7025-442c-ae11-c8e6361e19a2'),
 ('112', 'MatrixBlock', '2017-05-12 20:14:26', '2017-05-12 20:14:26', 'c9115fec-9c79-4823-aad1-ff613f6adbf6'),
 ('113', 'MatrixBlock', '2017-05-12 20:14:26', '2017-05-12 20:14:26', '8f3a0bbb-7504-4faf-b969-aaadfc933f22'),
 ('115', 'Entry', '2017-05-13 03:29:13', '2017-05-13 03:29:13', 'dec54b92-058a-429e-be18-e986599b96f4'),
 ('116', 'Entry', '2017-05-13 03:29:28', '2017-05-13 03:29:28', '1cdc9e23-4548-48f2-b52c-6b3871849c0d'),
 ('118', 'MatrixBlock', '2017-05-13 03:47:25', '2017-05-13 03:47:25', 'e044d68e-4dea-469b-b088-257939d54cd6'),
 ('119', 'Entry', '2017-05-13 03:47:42', '2017-05-13 03:47:42', '0c97c8d4-cd21-4b18-be3d-5ea828d33db1'),
 ('120', 'Entry', '2017-05-13 03:47:59', '2017-05-13 03:47:59', '3cac2baa-1a7a-4c4a-af40-21f2827830ba'),
 ('121', 'MatrixBlock', '2017-05-15 21:54:35', '2017-05-15 21:54:35', 'a8ff149d-117f-41c8-a827-a86328eff18a');



DROP TABLE IF EXISTS `craft_fieldlayouttabs`;


--
-- Schema for table `craft_fieldlayouttabs`
--
CREATE TABLE `craft_fieldlayouttabs` (
  `id` int(11) NOT NULL AUTO_INCREMENT,
  `layoutId` int(11) NOT NULL,
  `name` varchar(255) COLLATE utf8_unicode_ci NOT NULL,
  `sortOrder` smallint(6) unsigned DEFAULT NULL,
  `dateCreated` datetime NOT NULL,
  `dateUpdated` datetime NOT NULL,
  `uid` char(36) COLLATE utf8_unicode_ci NOT NULL DEFAULT '0',
  PRIMARY KEY (`id`),
  KEY `craft_fieldlayouttabs_sortOrder_idx` (`sortOrder`),
  KEY `craft_fieldlayouttabs_layoutId_fk` (`layoutId`)
) ENGINE=InnoDB AUTO_INCREMENT=115 DEFAULT CHARSET=utf8 COLLATE=utf8_unicode_ci;

--
-- Data for table `craft_fieldlayouttabs`
--

INSERT INTO `craft_fieldlayouttabs` (`id`, `layoutId`, `name`, `sortOrder`, `dateCreated`, `dateUpdated`, `uid`) VALUES
 ('17', '32', 'Content', '1', '2017-04-21 23:55:36', '2017-04-21 23:55:36', '7add8a59-9237-4298-897d-b948539935f1'),
 ('23', '42', 'Content', '1', '2017-05-10 01:19:59', '2017-05-10 01:19:59', '41971649-948d-471a-b75f-f2b81008f755'),
 ('24', '43', 'Testimonial', '1', '2017-05-10 04:17:35', '2017-05-10 04:17:35', '69677f59-23dd-46ac-9b44-574ac9c1f5d6'),
 ('25', '44', 'Content', '1', '2017-05-10 04:18:03', '2017-05-10 04:18:03', '311817be-2c81-4602-bf66-6cb2cc0dc2c5'),
 ('39', '56', 'Content', '1', '2017-05-11 18:09:09', '2017-05-11 18:09:09', '6366e879-39bc-416d-819d-ee4a6e685bec'),
 ('58', '75', 'Content', '1', '2017-05-11 18:22:11', '2017-05-11 18:22:11', '9b8e3b8c-c587-4637-a2a4-ba22917f1532'),
 ('59', '75', 'Social Meta', '2', '2017-05-11 18:22:11', '2017-05-11 18:22:11', '763d4c4f-b075-463a-b573-9936229e0820'),
 ('60', '77', 'Content', '1', '2017-05-11 18:25:42', '2017-05-11 18:25:42', '159d56d3-5ae0-4b3c-a620-3d0d7c1a50e2'),
 ('61', '77', 'Social Meta', '2', '2017-05-11 18:25:42', '2017-05-11 18:25:42', 'c1475c25-e928-4b25-b3a7-4d17106bd45b'),
 ('95', '106', 'Content', '1', '2017-05-11 23:19:38', '2017-05-11 23:19:38', 'dafd913e-9263-4c13-ab32-1327bf137e06'),
 ('96', '107', 'Content', '1', '2017-05-11 23:19:45', '2017-05-11 23:19:45', '9caab086-b191-472c-940b-f31ea743376c'),
 ('97', '108', 'Content', '1', '2017-05-12 00:50:48', '2017-05-12 00:50:48', '61054d22-25c7-4a10-8178-99c060bb2108'),
 ('98', '109', 'Content', '1', '2017-05-12 20:14:26', '2017-05-12 20:14:26', '877d6a05-7873-4224-bc0a-d824fd20608c'),
 ('99', '110', 'Content', '1', '2017-05-12 20:14:26', '2017-05-12 20:14:26', '14afb569-8757-4836-adb2-6cb3ad69902b'),
 ('100', '111', 'Content', '1', '2017-05-12 20:14:26', '2017-05-12 20:14:26', '06a59b9a-03ef-4106-82dd-213246b9ed43'),
 ('101', '112', 'Content', '1', '2017-05-12 20:14:26', '2017-05-12 20:14:26', '8e751cdb-ab6f-423f-b6fa-56cd33c2cc64'),
 ('102', '113', 'Content', '1', '2017-05-12 20:14:26', '2017-05-12 20:14:26', '181b9756-028e-4e32-9495-4e96983ebc4e'),
 ('104', '115', 'Content', '1', '2017-05-13 03:29:13', '2017-05-13 03:29:13', '5f106518-919b-4b96-a3f5-f1eb5e670df5'),
 ('105', '115', 'Social Meta', '2', '2017-05-13 03:29:13', '2017-05-13 03:29:13', '0b3ed251-b9a5-46d8-9c78-7b1cbe50d4ec'),
 ('106', '116', 'Content', '1', '2017-05-13 03:29:28', '2017-05-13 03:29:28', 'ad5215b9-2e62-478f-8c55-406a0d450040'),
 ('107', '116', 'Social Meta', '2', '2017-05-13 03:29:28', '2017-05-13 03:29:28', 'c08afb3c-e869-4d14-ae02-0abaf91cd631'),
 ('109', '118', 'Content', '1', '2017-05-13 03:47:25', '2017-05-13 03:47:25', '01991e4d-1df0-4782-9725-a85e6f793805'),
 ('110', '119', 'Content', '1', '2017-05-13 03:47:42', '2017-05-13 03:47:42', 'fc5ea9de-10a5-4117-b786-a89f532762c8'),
 ('111', '119', 'Social Meta', '2', '2017-05-13 03:47:42', '2017-05-13 03:47:42', '8bc44da5-16e8-48df-88b1-e6666255440b'),
 ('112', '120', 'Content', '1', '2017-05-13 03:47:59', '2017-05-13 03:47:59', 'c5659d94-0fb8-49fd-ae0b-88c51801ff07'),
 ('113', '120', 'Social Meta', '2', '2017-05-13 03:47:59', '2017-05-13 03:47:59', '3d952b45-e08d-4b3a-9156-a03394cbca15'),
 ('114', '121', 'Content', '1', '2017-05-15 21:54:35', '2017-05-15 21:54:35', '19480bd2-2c61-44ea-bf9c-cb3237033934');



DROP TABLE IF EXISTS `craft_fields`;


--
-- Schema for table `craft_fields`
--
CREATE TABLE `craft_fields` (
  `id` int(11) NOT NULL AUTO_INCREMENT,
  `groupId` int(11) DEFAULT NULL,
  `name` varchar(255) COLLATE utf8_unicode_ci NOT NULL,
  `handle` varchar(58) COLLATE utf8_unicode_ci NOT NULL,
  `context` varchar(255) COLLATE utf8_unicode_ci NOT NULL DEFAULT 'global',
  `instructions` text COLLATE utf8_unicode_ci,
  `translatable` tinyint(1) unsigned NOT NULL DEFAULT '0',
  `type` varchar(150) COLLATE utf8_unicode_ci NOT NULL,
  `settings` text COLLATE utf8_unicode_ci,
  `dateCreated` datetime NOT NULL,
  `dateUpdated` datetime NOT NULL,
  `uid` char(36) COLLATE utf8_unicode_ci NOT NULL DEFAULT '0',
  PRIMARY KEY (`id`),
  UNIQUE KEY `craft_fields_handle_context_unq_idx` (`handle`,`context`),
  KEY `craft_fields_context_idx` (`context`),
  KEY `craft_fields_groupId_fk` (`groupId`)
) ENGINE=InnoDB AUTO_INCREMENT=68 DEFAULT CHARSET=utf8 COLLATE=utf8_unicode_ci;

--
-- Data for table `craft_fields`
--

INSERT INTO `craft_fields` (`id`, `groupId`, `name`, `handle`, `context`, `instructions`, `translatable`, `type`, `settings`, `dateCreated`, `dateUpdated`, `uid`) VALUES
 ('1', '1', 'Body', 'body', 'global', NULL, '1', 'RichText', '{\"configFile\":\"Standard.json\",\"columnType\":\"text\"}', '2017-04-20 21:01:02', '2017-04-20 21:01:02', 'f886217a-0ef8-48a2-af41-9077c061ac96'),
 ('3', '1', 'About Trivia', 'aboutTrivia', 'global', '', '0', 'Matrix', '{\"maxBlocks\":null}', '2017-04-21 22:24:45', '2017-04-21 23:55:36', '4582143f-8b89-4715-89d9-248babc2456b'),
 ('4', NULL, 'Title', 'triviaHeading', 'matrixBlockType:1', '', '0', 'PlainText', '{\"placeholder\":\"\",\"maxLength\":\"\",\"multiline\":\"\",\"initialRows\":\"4\"}', '2017-04-21 22:24:45', '2017-04-21 23:55:36', 'aa5a2dc0-eb8a-4083-a058-eff74101f408'),
 ('5', NULL, 'Content', 'triviaBody', 'matrixBlockType:1', '', '0', 'RichText', '{\"configFile\":\"\",\"availableAssetSources\":\"*\",\"availableTransforms\":\"*\",\"cleanupHtml\":\"1\",\"purifyHtml\":\"1\",\"purifierConfig\":\"\",\"columnType\":\"text\"}', '2017-04-21 22:24:45', '2017-04-21 23:55:36', 'f3dc0fd6-4566-4f0c-86b3-c8f1ea1a47f3'),
 ('6', NULL, 'Image', 'triviaImage', 'matrixBlockType:1', '', '0', 'Assets', '{\"useSingleFolder\":\"\",\"sources\":[\"folder:1\"],\"defaultUploadLocationSource\":\"1\",\"defaultUploadLocationSubpath\":\"\",\"singleUploadLocationSource\":\"1\",\"singleUploadLocationSubpath\":\"\",\"restrictFiles\":\"1\",\"allowedKinds\":[\"image\"],\"limit\":\"1\",\"viewMode\":\"list\",\"selectionLabel\":\"\"}', '2017-04-21 22:24:45', '2017-04-21 23:55:36', '65a5c589-47a8-4f21-be06-fffc8dcc5ca4'),
 ('13', '1', 'Testimonial - Single', 'testimonial', 'global', '', '0', 'Matrix', '{\"maxBlocks\":\"1\"}', '2017-04-21 23:19:24', '2017-05-10 04:18:03', '2d4a3ddd-cfee-4140-a9b9-fe7250944391'),
 ('14', NULL, 'Quote', 'quote', 'matrixBlockType:5', 'What was said?', '0', 'RichText', '{\"configFile\":\"\",\"availableAssetSources\":\"*\",\"availableTransforms\":\"*\",\"cleanupHtml\":\"1\",\"purifyHtml\":\"1\",\"purifierConfig\":\"\",\"columnType\":\"text\"}', '2017-04-21 23:19:24', '2017-05-10 04:18:03', 'ee88b5ba-89ee-4c59-8c40-42889ba2c237'),
 ('15', NULL, 'Cite', 'cite', 'matrixBlockType:5', 'Who said it?', '0', 'PlainText', '{\"placeholder\":\"\",\"maxLength\":\"\",\"multiline\":\"\",\"initialRows\":\"4\"}', '2017-04-21 23:19:24', '2017-05-10 04:18:03', '8bd78708-f0a1-4fd6-8741-ea704493c9d0'),
 ('16', NULL, 'Company', 'company', 'matrixBlockType:5', 'Who does he/she represent?', '0', 'PlainText', '{\"placeholder\":\"\",\"maxLength\":\"\",\"multiline\":\"\",\"initialRows\":\"4\"}', '2017-04-21 23:19:24', '2017-05-10 04:18:03', '46f8ba29-a08e-4ed3-8b02-836126b46c87'),
 ('17', NULL, 'Avatar', 'avatar', 'matrixBlockType:5', '', '0', 'Assets', '{\"useSingleFolder\":\"\",\"sources\":[\"folder:1\"],\"defaultUploadLocationSource\":\"1\",\"defaultUploadLocationSubpath\":\"testimonials\",\"singleUploadLocationSource\":\"1\",\"singleUploadLocationSubpath\":\"\",\"restrictFiles\":\"1\",\"allowedKinds\":[\"image\"],\"limit\":\"\",\"viewMode\":\"list\",\"selectionLabel\":\"\"}', '2017-04-21 23:19:24', '2017-05-10 04:18:03', 'a820f265-cba6-4c78-ad71-bca6fcc2fd60'),
 ('18', NULL, 'Role', 'role', 'matrixBlockType:5', 'What position does the author hold at the company?', '0', 'PlainText', '{\"placeholder\":\"CEO, Co-founder, Project Manager, etc.\",\"maxLength\":\"\",\"multiline\":\"\",\"initialRows\":\"4\"}', '2017-04-21 23:29:53', '2017-05-10 04:18:03', 'e5ce9d38-c9e6-4a62-84e7-30da4ff02fb1'),
 ('19', '1', 'Testimonials', 'testimonials', 'global', 'Choose testimonial(s) to display in this entry.', '0', 'Entries', '{\"sources\":[\"section:6\"],\"limit\":\"\",\"selectionLabel\":\"\"}', '2017-04-21 23:40:06', '2017-04-21 23:40:06', 'dac4c027-240b-44cc-8c73-3e401dbe3ed0'),
 ('20', '2', 'Project Thumbnail', 'projectThumbnail', 'global', '', '0', 'Assets', '{\"useSingleFolder\":\"\",\"sources\":[\"folder:2\"],\"defaultUploadLocationSource\":\"2\",\"defaultUploadLocationSubpath\":\"thumbnails\",\"singleUploadLocationSource\":\"1\",\"singleUploadLocationSubpath\":\"\",\"restrictFiles\":\"1\",\"allowedKinds\":[\"image\"],\"limit\":\"\",\"viewMode\":\"list\",\"selectionLabel\":\"\"}', '2017-04-21 23:45:45', '2017-05-11 20:51:38', '509412ed-a1d4-40e0-b28d-7c97714de54f'),
 ('21', '1', 'Hero Image', 'heroImage', 'global', '', '0', 'Assets', '{\"useSingleFolder\":\"\",\"sources\":[\"folder:1\"],\"defaultUploadLocationSource\":\"1\",\"defaultUploadLocationSubpath\":\"\",\"singleUploadLocationSource\":\"1\",\"singleUploadLocationSubpath\":\"\",\"restrictFiles\":\"1\",\"allowedKinds\":[\"image\"],\"limit\":\"\",\"viewMode\":\"list\",\"selectionLabel\":\"\"}', '2017-04-21 23:58:09', '2017-04-21 23:58:09', 'dfa983f8-c81d-4efa-8677-554951ee036b'),
 ('23', '3', 'Footer Content', 'footerContent', 'global', 'Main body of footer\'s content.', '0', 'RichText', '{\"configFile\":\"\",\"availableAssetSources\":\"*\",\"availableTransforms\":\"*\",\"cleanupHtml\":\"1\",\"purifyHtml\":\"1\",\"purifierConfig\":\"\",\"columnType\":\"text\"}', '2017-05-10 01:19:31', '2017-05-10 01:22:08', 'e9f493d1-92a5-44bf-86ac-4de37fe14d7c'),
 ('24', '4', 'Social Title', 'socialTitle', 'global', '', '0', 'PlainText', '{\"placeholder\":\"\",\"maxLength\":\"\",\"multiline\":\"\",\"initialRows\":\"4\"}', '2017-05-11 00:02:03', '2017-05-11 00:02:03', '39b626eb-f553-4667-856e-9e6169138460'),
 ('25', '4', 'Social Description', 'socialDescription', 'global', '', '0', 'PlainText', '{\"placeholder\":\"\",\"maxLength\":\"\",\"multiline\":\"\",\"initialRows\":\"4\"}', '2017-05-11 00:02:17', '2017-05-11 00:02:17', 'f2d5555e-9b55-46d6-8c03-0dc6478184e0'),
 ('26', '4', 'Social Image', 'socialImage', 'global', 'For best results, image must be 1200x630.', '0', 'Assets', '{\"useSingleFolder\":\"1\",\"sources\":\"*\",\"defaultUploadLocationSource\":\"1\",\"defaultUploadLocationSubpath\":\"\",\"singleUploadLocationSource\":\"1\",\"singleUploadLocationSubpath\":\"\",\"restrictFiles\":\"1\",\"allowedKinds\":[\"image\"],\"limit\":\"1\",\"viewMode\":\"list\",\"selectionLabel\":\"\"}', '2017-05-11 00:03:39', '2017-05-11 00:03:39', '34f5ec60-518f-4fb4-a0e8-8e6a583957d4'),
 ('27', '1', 'About Clincher', 'aboutClincher', 'global', '', '0', 'RichText', '{\"configFile\":\"\",\"availableAssetSources\":\"*\",\"availableTransforms\":\"*\",\"cleanupHtml\":\"1\",\"purifyHtml\":\"1\",\"purifierConfig\":\"\",\"columnType\":\"text\"}', '2017-05-11 02:01:11', '2017-05-11 02:01:11', '2b6ed1c7-48fc-4263-9c41-ec985f008c31'),
 ('28', '1', 'Article Body', 'articleBody', 'global', '', '0', 'Matrix', '{\"maxBlocks\":null}', '2017-05-11 04:39:54', '2017-05-12 20:14:26', '3216f935-bfc3-49fc-96b5-685b535995fb'),
 ('29', NULL, 'Text', 'text', 'matrixBlockType:6', '', '0', 'RichText', '{\"configFile\":\"\",\"availableAssetSources\":\"*\",\"availableTransforms\":\"*\",\"cleanupHtml\":\"1\",\"purifyHtml\":\"1\",\"purifierConfig\":\"\",\"columnType\":\"text\"}', '2017-05-11 04:39:54', '2017-05-12 20:14:26', 'f466f76c-9dc1-4b64-9a18-d1c759779d63'),
 ('31', NULL, 'Is New Section?', 'isNewSection', 'matrixBlockType:6', 'Adds \"layout-section\" class to block.', '0', 'Dropdown', '{\"options\":[{\"label\":\"NA\",\"value\":\"none\",\"default\":\"1\"},{\"label\":\"New Section\",\"value\":\"newSection\",\"default\":\"\"},{\"label\":\"New Section (top margin only)\",\"value\":\"newSectionTopMarginOnly\",\"default\":\"\"},{\"label\":\"New Section (bottom margin only)\",\"value\":\"newSectionBottomMarginOnly\",\"default\":\"\"}]}', '2017-05-11 04:39:54', '2017-05-12 20:14:26', '286d2431-6620-430d-8ff7-9534827190e6'),
 ('32', NULL, 'Quote', 'quote', 'matrixBlockType:7', 'Only use this quote block if a testimonial is unneeded.', '0', 'RichText', '{\"configFile\":\"\",\"availableAssetSources\":\"*\",\"availableTransforms\":\"*\",\"cleanupHtml\":\"1\",\"purifyHtml\":\"1\",\"purifierConfig\":\"\",\"columnType\":\"text\"}', '2017-05-11 18:06:16', '2017-05-12 20:14:26', '00041b91-b3d6-4d1d-84f4-202ec1ac0073'),
 ('33', NULL, 'Cite', 'cite', 'matrixBlockType:7', 'Who said it?', '0', 'PlainText', '{\"placeholder\":\"\",\"maxLength\":\"\",\"multiline\":\"\",\"initialRows\":\"4\"}', '2017-05-11 18:06:16', '2017-05-12 20:14:26', '796b71a1-1fc7-493e-8374-3c7fe1d3ba4a'),
 ('34', NULL, 'Company', 'company', 'matrixBlockType:7', 'Name of the company he/she worked for? Or the name of the client company.', '0', 'PlainText', '{\"placeholder\":\"\",\"maxLength\":\"\",\"multiline\":\"\",\"initialRows\":\"4\"}', '2017-05-11 18:06:16', '2017-05-12 20:14:26', 'c12aece8-011b-4955-a720-222ee333dd51'),
 ('35', NULL, 'Role', 'role', 'matrixBlockType:7', 'What was his/her role in the company?', '0', 'PlainText', '{\"placeholder\":\"\",\"maxLength\":\"\",\"multiline\":\"\",\"initialRows\":\"4\"}', '2017-05-11 18:06:16', '2017-05-12 20:14:26', 'e0c3685e-4aa0-4582-bd7c-a6ef78ee98af'),
 ('36', NULL, 'Is New Section?', 'isNewSection', 'matrixBlockType:7', 'Adds \"layout-section\" class to block.', '0', 'Dropdown', '{\"options\":[{\"label\":\"NA\",\"value\":\"none\",\"default\":\"1\"},{\"label\":\"New Section\",\"value\":\"newSection\",\"default\":\"\"},{\"label\":\"New Section (top margin only)\",\"value\":\"newSectionTopMarginOnly\",\"default\":\"\"},{\"label\":\"New Section (bottom margin only)\",\"value\":\"newSectionBottomMarginOnly\",\"default\":\"\"}]}', '2017-05-11 18:06:16', '2017-05-12 20:14:26', 'f10fa5a8-92c8-44ec-8bd8-666724f3319a'),
 ('37', NULL, 'Image', 'image', 'matrixBlockType:8', '', '0', 'Assets', '{\"useSingleFolder\":\"\",\"sources\":\"*\",\"defaultUploadLocationSource\":\"1\",\"defaultUploadLocationSubpath\":\"\",\"singleUploadLocationSource\":\"1\",\"singleUploadLocationSubpath\":\"\",\"restrictFiles\":\"1\",\"allowedKinds\":[\"image\"],\"limit\":\"3\",\"viewMode\":\"list\",\"selectionLabel\":\"\"}', '2017-05-11 18:06:17', '2017-05-12 20:14:26', 'a7dd1927-3382-4999-a151-a849a8901d3a'),
 ('38', NULL, 'Layout Select', 'layout', 'matrixBlockType:8', '', '0', 'Dropdown', '{\"options\":[{\"label\":\"Block\",\"value\":\"block\",\"default\":\"1\"},{\"label\":\"Wide\",\"value\":\"wide\",\"default\":\"\"},{\"label\":\"Full\",\"value\":\"full\",\"default\":\"\"}]}', '2017-05-11 18:06:17', '2017-05-12 20:14:26', '8cbaa15d-3408-453d-a415-fcad8b0668d5'),
 ('39', NULL, 'Icon', 'icon', 'matrixBlockType:9', '', '0', 'Assets', '{\"useSingleFolder\":\"\",\"sources\":\"*\",\"defaultUploadLocationSource\":\"1\",\"defaultUploadLocationSubpath\":\"\",\"singleUploadLocationSource\":\"1\",\"singleUploadLocationSubpath\":\"\",\"restrictFiles\":\"1\",\"allowedKinds\":[\"image\"],\"limit\":\"\",\"viewMode\":\"list\",\"selectionLabel\":\"\"}', '2017-05-11 18:06:17', '2017-05-12 20:14:26', '0b2f0a59-b975-4532-9efc-1e61bf0b64bd'),
 ('40', '1', 'Footnotes', 'footnotes', 'global', '', '0', 'Matrix', '{\"maxBlocks\":null}', '2017-05-11 18:09:09', '2017-05-11 18:09:09', '5dd475a4-4117-42b3-b77b-e61959388da7'),
 ('41', NULL, 'Footnote ID', 'footnoteId', 'matrixBlockType:10', 'Make sure this is unique as this will be the #id of the footnote on the page (and there can only be one).', '0', 'Number', '{\"min\":\"1\",\"max\":\"\",\"decimals\":\"0\"}', '2017-05-11 18:09:09', '2017-05-11 18:09:09', 'ea6c14d8-5819-4cf2-81d3-c2e84a7e009c'),
 ('42', NULL, 'Footnote Text', 'footnoteText', 'matrixBlockType:10', '', '0', 'RichText', '{\"configFile\":\"\",\"availableAssetSources\":\"*\",\"availableTransforms\":\"*\",\"cleanupHtml\":\"1\",\"purifyHtml\":\"1\",\"purifierConfig\":\"\",\"columnType\":\"text\"}', '2017-05-11 18:09:09', '2017-05-11 18:09:09', '0b57e0d2-e124-4689-bcf9-5072d432d0d9'),
 ('43', '1', 'Subheading', 'subheading', 'global', '', '0', 'RichText', '{\"configFile\":\"\",\"availableAssetSources\":\"*\",\"availableTransforms\":\"*\",\"cleanupHtml\":\"1\",\"purifyHtml\":\"1\",\"purifierConfig\":\"\",\"columnType\":\"text\"}', '2017-05-11 18:10:11', '2017-05-14 01:09:30', '3a535e47-d259-4a34-8160-47aa9fd46312'),
 ('44', '1', 'Gallery', 'gallery', 'global', '', '0', 'Matrix', '{\"maxBlocks\":null}', '2017-05-11 18:12:38', '2017-05-12 00:50:48', '0b67aad2-5e35-4874-89b0-3178982235b8'),
 ('45', NULL, 'Heading', 'heading', 'matrixBlockType:11', '', '0', 'PlainText', '{\"placeholder\":\"\",\"maxLength\":\"\",\"multiline\":\"\",\"initialRows\":\"4\"}', '2017-05-11 18:12:39', '2017-05-12 00:50:48', 'ca96d3c5-f639-44cf-9500-a3d6b36df15e'),
 ('47', NULL, 'Testimony', 'testimony', 'matrixBlockType:13', '', '0', 'Entries', '{\"sources\":[\"section:6\"],\"limit\":\"\",\"selectionLabel\":\"\"}', '2017-05-11 18:18:18', '2017-05-12 20:14:26', '80495957-352e-48be-9def-60498a70620b'),
 ('48', NULL, 'Is New Section?', 'isNewSection', 'matrixBlockType:8', 'Adds \"layout-section\" class to block.', '0', 'Dropdown', '{\"options\":[{\"label\":\"NA\",\"value\":\"none\",\"default\":\"\"},{\"label\":\"New Section\",\"value\":\"newSection\",\"default\":\"\"},{\"label\":\"New Section (top margin only)\",\"value\":\"newSectionTopMarginOnly\",\"default\":\"\"},{\"label\":\"New Section (bottom margin only)\",\"value\":\"newSectionBottomMarginOnly\",\"default\":\"\"}]}', '2017-05-11 18:21:15', '2017-05-12 20:14:26', 'e62dbc1f-f783-4d65-bd7e-7e431055a0ae'),
 ('49', NULL, 'Is New Section?', 'isNewSection', 'matrixBlockType:9', 'Adds \"layout-section\" class to block.', '0', 'Dropdown', '{\"options\":[{\"label\":\"NA\",\"value\":\"none\",\"default\":\"\"},{\"label\":\"New Section\",\"value\":\"newSection\",\"default\":\"\"},{\"label\":\"New Section (top margin only)\",\"value\":\"newSectionTopMarginOnly\",\"default\":\"\"},{\"label\":\"New Section (bottom margin only)\",\"value\":\"newSectionBottomMarginOnly\",\"default\":\"\"}]}', '2017-05-11 18:21:15', '2017-05-12 20:14:26', '982713cd-760f-4d3a-b397-a86650077f96'),
 ('50', NULL, 'Is New Section?', 'isNewSection', 'matrixBlockType:13', 'Adds \"layout-section\" class to block.', '0', 'Dropdown', '{\"options\":[{\"label\":\"NA\",\"value\":\"none\",\"default\":\"\"},{\"label\":\"New Section\",\"value\":\"newSection\",\"default\":\"\"},{\"label\":\"New Section (top margin only)\",\"value\":\"newSectionTopMarginOnly\",\"default\":\"\"},{\"label\":\"New Section (bottom margin only)\",\"value\":\"newSectionBottomMarginOnly\",\"default\":\"\"}]}', '2017-05-11 18:21:15', '2017-05-12 20:14:26', '5254b193-bc96-45ff-9c59-83cee3872535'),
 ('51', '2', 'Web Development Projects', 'webDevelopmentProjects', 'global', '', '0', 'Entries', '{\"sources\":[\"section:8\"],\"limit\":\"\",\"selectionLabel\":\"\"}', '2017-05-11 18:24:34', '2017-05-11 18:24:34', '240efb14-6ba9-4b11-9e7a-bb38aefbf768'),
 ('52', '2', 'Illustration Projects', 'illustrationProjects', 'global', '', '0', 'Entries', '{\"sources\":[\"section:10\"],\"limit\":\"\",\"selectionLabel\":\"\"}', '2017-05-11 20:43:59', '2017-05-11 20:43:59', '1abca368-f721-492f-a1de-bf7793303a60'),
 ('57', '1', 'Image Caption', 'imageCaption', 'global', '', '0', 'RichText', '{\"configFile\":\"Simple.json\",\"availableAssetSources\":\"*\",\"availableTransforms\":\"*\",\"cleanupHtml\":\"1\",\"purifyHtml\":\"\",\"purifierConfig\":\"\",\"columnType\":\"text\"}', '2017-05-11 23:19:18', '2017-05-11 23:19:18', 'a54a36bf-79cf-475b-97b8-bfa9d88ac79a'),
 ('58', NULL, 'Image', 'image', 'matrixBlockType:11', '', '0', 'Assets', '{\"useSingleFolder\":\"1\",\"sources\":\"*\",\"defaultUploadLocationSource\":\"1\",\"defaultUploadLocationSubpath\":\"\",\"singleUploadLocationSource\":\"1\",\"singleUploadLocationSubpath\":\"gallery\",\"restrictFiles\":\"1\",\"allowedKinds\":[\"image\"],\"limit\":\"\",\"viewMode\":\"list\",\"selectionLabel\":\"\"}', '2017-05-12 00:50:48', '2017-05-12 00:50:48', 'f899c0ab-35ef-4b64-9b02-aa955075d94f'),
 ('59', '2', 'Project Details', 'projectDetails', 'global', '', '0', 'Matrix', '{\"maxBlocks\":\"1\"}', '2017-05-13 03:28:14', '2017-05-15 21:54:35', '3968460f-06b0-4632-9512-543b123d5f0b'),
 ('60', NULL, 'Client Name', 'clientName', 'matrixBlockType:14', '', '0', 'PlainText', '{\"placeholder\":\"\",\"maxLength\":\"\",\"multiline\":\"\",\"initialRows\":\"4\"}', '2017-05-13 03:28:14', '2017-05-15 21:54:35', 'bc253bc5-a6f2-45e3-88bd-b7e609c32196'),
 ('61', NULL, 'Client Logo', 'clientLogo', 'matrixBlockType:14', '', '0', 'Assets', '{\"useSingleFolder\":\"1\",\"sources\":\"*\",\"defaultUploadLocationSource\":\"1\",\"defaultUploadLocationSubpath\":\"\",\"singleUploadLocationSource\":\"2\",\"singleUploadLocationSubpath\":\"\",\"restrictFiles\":\"1\",\"allowedKinds\":[\"image\"],\"limit\":\"\",\"viewMode\":\"list\",\"selectionLabel\":\"\"}', '2017-05-13 03:28:14', '2017-05-15 21:54:35', 'cda9aca1-192e-402c-954b-1084fb0da4c8'),
 ('62', NULL, 'Services', 'services', 'matrixBlockType:14', '', '0', 'MultiSelect', '{\"options\":[{\"label\":\"Front-end Development\",\"value\":\"frontEndDevelopment\",\"default\":\"\"},{\"label\":\"WordPress\",\"value\":\"wordpress\",\"default\":\"\"},{\"label\":\"Craft\",\"value\":\"craft\",\"default\":\"\"},{\"label\":\"Magento\",\"value\":\"magento\",\"default\":\"\"},{\"label\":\"E-commerce\",\"value\":\"eCommerce\",\"default\":\"\"},{\"label\":\"AngularJS\",\"value\":\"angularjs\",\"default\":\"\"},{\"label\":\"React\",\"value\":\"react\",\"default\":\"\"},{\"label\":\"UI\\/UX Design\",\"value\":\"uiUxDesign\",\"default\":\"\"},{\"label\":\"Branding\",\"value\":\"branding\",\"default\":\"\"},{\"label\":\"Character Design\",\"value\":\"characterDesign\",\"default\":\"\"},{\"label\":\"Graphic Design\",\"value\":\"graphicDesign\",\"default\":\"\"},{\"label\":\"Illustration\",\"value\":\"illustration\",\"default\":\"\"}]}', '2017-05-13 03:28:14', '2017-05-15 21:54:35', '941db429-5301-4c20-85aa-5027516db43e'),
 ('63', NULL, 'Short Description', 'shortDescription', 'matrixBlockType:14', '', '0', 'RichText', '{\"configFile\":\"\",\"availableAssetSources\":[\"2\"],\"availableTransforms\":\"*\",\"cleanupHtml\":\"1\",\"purifyHtml\":\"1\",\"purifierConfig\":\"\",\"columnType\":\"text\"}', '2017-05-13 03:28:14', '2017-05-15 21:54:35', '5de54bf3-3d9f-46d7-8838-84a1cfa27705'),
 ('64', '1', 'Instagram', 'instagram', 'global', '', '0', 'Matrix', '{\"maxBlocks\":\"1\"}', '2017-05-13 03:47:25', '2017-05-13 03:47:25', '9531246d-5c93-4506-8e05-c41b71a2a8bc'),
 ('65', NULL, 'Heading', 'heading', 'matrixBlockType:15', '', '0', 'PlainText', '{\"placeholder\":\"\",\"maxLength\":\"\",\"multiline\":\"\",\"initialRows\":\"4\"}', '2017-05-13 03:47:25', '2017-05-13 03:47:25', 'dab148db-a6e1-4470-8492-faf8186fad40'),
 ('66', NULL, 'Show Instagram Block', 'showInstagramBlock', 'matrixBlockType:15', '', '0', 'Lightswitch', '{\"default\":\"\"}', '2017-05-13 03:47:25', '2017-05-13 03:47:25', '5aaeb55c-d8ed-4c79-b669-1bf23a930279'),
 ('67', NULL, 'Website URL', 'websiteUrl', 'matrixBlockType:14', '', '0', 'PlainText', '{\"placeholder\":\"\",\"maxLength\":\"\",\"multiline\":\"\",\"initialRows\":\"4\"}', '2017-05-15 21:54:35', '2017-05-15 21:54:35', '70847e2d-8086-40f3-9a96-d838cc14230f');



DROP TABLE IF EXISTS `craft_globalsets`;


--
-- Schema for table `craft_globalsets`
--
CREATE TABLE `craft_globalsets` (
  `id` int(11) NOT NULL,
  `name` varchar(255) COLLATE utf8_unicode_ci NOT NULL,
  `handle` varchar(255) COLLATE utf8_unicode_ci NOT NULL,
  `fieldLayoutId` int(10) DEFAULT NULL,
  `dateCreated` datetime NOT NULL,
  `dateUpdated` datetime NOT NULL,
  `uid` char(36) COLLATE utf8_unicode_ci NOT NULL DEFAULT '0',
  PRIMARY KEY (`id`),
  UNIQUE KEY `craft_globalsets_name_unq_idx` (`name`),
  UNIQUE KEY `craft_globalsets_handle_unq_idx` (`handle`),
  KEY `craft_globalsets_fieldLayoutId_fk` (`fieldLayoutId`)
) ENGINE=InnoDB DEFAULT CHARSET=utf8 COLLATE=utf8_unicode_ci;

--
-- Data for table `craft_globalsets`
--

INSERT INTO `craft_globalsets` (`id`, `name`, `handle`, `fieldLayoutId`, `dateCreated`, `dateUpdated`, `uid`) VALUES
 ('15', 'Footer Content', 'footer', '42', '2017-05-10 01:16:37', '2017-05-10 01:19:59', '919bfcb1-4d6f-491f-a1c2-7128f6425ff2');



DROP TABLE IF EXISTS `craft_info`;


--
-- Schema for table `craft_info`
--
CREATE TABLE `craft_info` (
  `id` int(11) NOT NULL AUTO_INCREMENT,
  `version` varchar(50) COLLATE utf8_unicode_ci NOT NULL,
  `schemaVersion` varchar(15) COLLATE utf8_unicode_ci NOT NULL,
  `edition` tinyint(1) unsigned NOT NULL DEFAULT '0',
  `siteName` varchar(100) COLLATE utf8_unicode_ci NOT NULL,
  `siteUrl` varchar(255) COLLATE utf8_unicode_ci NOT NULL,
  `timezone` varchar(30) COLLATE utf8_unicode_ci DEFAULT NULL,
  `on` tinyint(1) unsigned NOT NULL DEFAULT '0',
  `maintenance` tinyint(1) unsigned NOT NULL DEFAULT '0',
  `dateCreated` datetime NOT NULL,
  `dateUpdated` datetime NOT NULL,
  `uid` char(36) COLLATE utf8_unicode_ci NOT NULL DEFAULT '0',
  PRIMARY KEY (`id`)
) ENGINE=InnoDB AUTO_INCREMENT=2 DEFAULT CHARSET=utf8 COLLATE=utf8_unicode_ci;

--
-- Data for table `craft_info`
--

INSERT INTO `craft_info` (`id`, `version`, `schemaVersion`, `edition`, `siteName`, `siteUrl`, `timezone`, `on`, `maintenance`, `dateCreated`, `dateUpdated`, `uid`) VALUES
 ('1', '2.6.2981', '2.6.9', '0', 'JGW', 'http://craft.jgwilsondesign.dev', 'America/Los_Angeles', '1', '1', '2017-04-20 21:00:58', '2017-06-09 02:10:26', 'e219c97b-38e2-4eb8-acb1-23b2ad2fee8f');



DROP TABLE IF EXISTS `craft_locales`;


--
-- Schema for table `craft_locales`
--
CREATE TABLE `craft_locales` (
  `locale` char(12) COLLATE utf8_unicode_ci NOT NULL,
  `sortOrder` smallint(6) unsigned DEFAULT NULL,
  `dateCreated` datetime NOT NULL,
  `dateUpdated` datetime NOT NULL,
  `uid` char(36) COLLATE utf8_unicode_ci NOT NULL DEFAULT '0',
  PRIMARY KEY (`locale`),
  KEY `craft_locales_sortOrder_idx` (`sortOrder`)
) ENGINE=InnoDB DEFAULT CHARSET=utf8 COLLATE=utf8_unicode_ci;

--
-- Data for table `craft_locales`
--

INSERT INTO `craft_locales` (`locale`, `sortOrder`, `dateCreated`, `dateUpdated`, `uid`) VALUES
 ('en_us', '1', '2017-04-20 21:00:58', '2017-04-20 21:00:58', 'e1eb1d9d-df97-49c7-9180-a0d6e60fa581');



DROP TABLE IF EXISTS `craft_matrixblocks`;


--
-- Schema for table `craft_matrixblocks`
--
CREATE TABLE `craft_matrixblocks` (
  `id` int(11) NOT NULL,
  `ownerId` int(11) NOT NULL,
  `fieldId` int(11) NOT NULL,
  `typeId` int(11) DEFAULT NULL,
  `sortOrder` smallint(6) unsigned DEFAULT NULL,
  `ownerLocale` char(12) COLLATE utf8_unicode_ci DEFAULT NULL,
  `dateCreated` datetime NOT NULL,
  `dateUpdated` datetime NOT NULL,
  `uid` char(36) COLLATE utf8_unicode_ci NOT NULL DEFAULT '0',
  PRIMARY KEY (`id`),
  KEY `craft_matrixblocks_ownerId_idx` (`ownerId`),
  KEY `craft_matrixblocks_fieldId_idx` (`fieldId`),
  KEY `craft_matrixblocks_typeId_idx` (`typeId`),
  KEY `craft_matrixblocks_sortOrder_idx` (`sortOrder`),
  KEY `craft_matrixblocks_ownerLocale_fk` (`ownerLocale`)
) ENGINE=InnoDB DEFAULT CHARSET=utf8 COLLATE=utf8_unicode_ci;

--
-- Data for table `craft_matrixblocks`
--

INSERT INTO `craft_matrixblocks` (`id`, `ownerId`, `fieldId`, `typeId`, `sortOrder`, `ownerLocale`, `dateCreated`, `dateUpdated`, `uid`) VALUES
 ('8', '7', '13', '5', '1', NULL, '2017-04-21 23:35:04', '2017-05-10 23:16:36', '50523863-6ad9-43d4-8bed-5f29561ad764'),
 ('10', '9', '13', '5', '1', NULL, '2017-04-21 23:36:45', '2017-05-10 23:31:11', '69edb735-c8f1-4d4a-a614-212875bab860'),
 ('12', '11', '13', '5', '1', NULL, '2017-04-21 23:37:55', '2017-05-10 23:30:42', '67f79018-de11-4a10-a1b9-1a1eacd34dcd'),
 ('22', '21', '13', '5', '1', NULL, '2017-05-10 23:16:04', '2017-05-10 23:30:06', 'f7328917-b8ea-4373-9600-fe0bfa153595'),
 ('24', '23', '13', '5', '1', NULL, '2017-05-10 23:18:22', '2017-05-10 23:29:14', 'a865aa66-3a31-46c1-a449-5fba5822b3db'),
 ('28', '25', '3', '1', '1', NULL, '2017-05-11 01:25:31', '2017-05-11 18:34:29', 'f774e9cf-86cd-49dd-abf2-d5dc846b666e'),
 ('29', '25', '3', '1', '2', NULL, '2017-05-11 01:25:31', '2017-05-11 18:34:29', 'bebb4d93-0227-4cb0-a4b0-8e6cd88d2f70'),
 ('30', '25', '3', '1', '3', NULL, '2017-05-11 01:25:31', '2017-05-11 18:34:29', '79e91251-395e-47c5-9bd2-96a1871c431d'),
 ('31', '25', '3', '1', '4', NULL, '2017-05-11 01:25:31', '2017-05-11 18:34:29', 'e2e68f7d-2030-4284-a0fe-179a087babcc'),
 ('32', '25', '3', '1', '5', NULL, '2017-05-11 01:25:31', '2017-05-11 18:34:29', 'd2d13e76-b1d8-419a-aee3-2031b45805c5'),
 ('33', '25', '28', '6', '1', NULL, '2017-05-11 04:53:23', '2017-05-11 18:34:29', '1721a19f-d389-4f80-be0f-4bfe6af2a399'),
 ('35', '34', '44', '11', '1', NULL, '2017-05-11 18:34:06', '2017-05-15 22:14:35', '9a70bffe-7cc1-458a-9c82-925e5d7642e5'),
 ('37', '34', '40', '10', '1', NULL, '2017-05-11 18:34:06', '2017-05-15 22:14:35', '93dae2f8-de20-4d5f-86ca-c9181c730ff2'),
 ('38', '2', '28', '6', '1', NULL, '2017-05-11 18:38:34', '2017-05-13 03:53:26', '79cd6414-16c2-414c-b2d9-0d9bcd534519'),
 ('39', '2', '28', '9', '2', NULL, '2017-05-11 18:38:34', '2017-05-13 03:53:26', '6352b161-58fb-4d1c-a7fe-8bbc14e21f6e'),
 ('40', '2', '28', '6', '3', NULL, '2017-05-11 18:38:34', '2017-05-13 03:53:26', '47b376a7-3874-49ad-8e10-bce14465b7f0'),
 ('45', '41', '28', '6', '1', NULL, '2017-05-11 20:45:57', '2017-05-16 21:34:57', 'e80b3abb-1423-4f8c-b6b3-4de7e6a91e27'),
 ('46', '41', '28', '9', '2', NULL, '2017-05-11 20:45:57', '2017-05-16 21:34:57', '3b5fbf43-8ff3-43a5-a960-6bd2e97778c5'),
 ('47', '41', '44', '11', '1', NULL, '2017-05-11 20:45:57', '2017-05-16 21:34:57', '7bd860da-d5f3-4d00-8618-4e78b460ee07'),
 ('55', '48', '28', '6', '1', NULL, '2017-05-11 20:58:06', '2017-05-16 22:35:05', 'b701ee01-7efd-4d73-a707-96b6884c0a69'),
 ('56', '48', '28', '13', '18', NULL, '2017-05-11 21:11:33', '2017-05-16 22:35:05', 'e9105a77-1f36-49f3-9d14-0af600d7312e'),
 ('58', '48', '28', '8', '13', NULL, '2017-05-11 23:20:27', '2017-05-16 22:35:05', '291b450f-712b-40ee-b4ff-1d28ff9431bf'),
 ('61', '48', '28', '6', '2', NULL, '2017-05-11 23:52:43', '2017-05-16 22:35:05', 'a147c4bd-99bc-472b-b5fc-fae1fb6af7cd'),
 ('62', '48', '28', '6', '3', NULL, '2017-05-11 23:52:43', '2017-05-16 22:35:05', 'a3a2a9bb-bc27-448c-8914-286e7b1ad663'),
 ('63', '48', '28', '6', '5', NULL, '2017-05-11 23:52:43', '2017-05-16 22:35:05', '89f7c3a8-b86f-46fb-b585-29f6a6031be6'),
 ('64', '48', '28', '6', '7', NULL, '2017-05-11 23:52:43', '2017-05-16 22:35:05', 'f30a5221-5a51-4bee-875f-b51feb37ab92'),
 ('65', '48', '28', '6', '10', NULL, '2017-05-11 23:52:43', '2017-05-16 22:35:05', 'c2530ce4-c8eb-4a24-80da-239704993875'),
 ('66', '48', '28', '6', '12', NULL, '2017-05-11 23:52:43', '2017-05-16 22:35:05', 'f6b5ed55-12d6-432b-803f-2faea0f43a67'),
 ('67', '48', '28', '6', '14', NULL, '2017-05-11 23:52:43', '2017-05-16 22:35:05', '446ee8ba-649c-4262-809d-d010b6d3e4b9'),
 ('68', '48', '28', '8', '15', NULL, '2017-05-11 23:52:43', '2017-05-16 22:35:05', '61dad13a-d152-4797-9662-e270df115760'),
 ('69', '48', '28', '8', '16', NULL, '2017-05-11 23:52:43', '2017-05-16 22:35:05', 'b8d76812-d14c-41f6-ae09-2a4378a2c191'),
 ('70', '48', '28', '6', '17', NULL, '2017-05-11 23:52:43', '2017-05-16 22:35:05', 'a42f1cf7-7f12-4738-b5d5-056007fc8779'),
 ('74', '48', '28', '8', '9', NULL, '2017-05-11 23:57:27', '2017-05-16 22:35:05', 'f06e3508-73ec-4403-933d-6074d2f02022'),
 ('76', '48', '28', '8', '11', NULL, '2017-05-12 00:01:25', '2017-05-16 22:35:05', '4a4040cb-dffe-4606-bf12-b3d6b357631e'),
 ('78', '48', '28', '8', '8', NULL, '2017-05-12 00:07:18', '2017-05-16 22:35:05', 'bac8241e-cb5c-4888-a2f2-3df5ae85e9eb'),
 ('108', '48', '59', '14', '1', NULL, '2017-05-13 03:30:22', '2017-05-16 22:35:05', '0c5276e5-766d-4580-b79c-81a26a871ab7'),
 ('109', '41', '64', '15', '1', NULL, '2017-05-13 03:51:10', '2017-05-16 21:34:57', 'ebb172e1-7485-43d6-91de-4dee017a564b'),
 ('110', '2', '64', '15', '1', NULL, '2017-05-13 03:53:26', '2017-05-13 03:53:26', '1538cfa8-accc-4ba6-b572-5cc8c56e4937'),
 ('113', '112', '59', '14', '1', NULL, '2017-05-15 21:17:00', '2017-05-16 01:57:27', '057aaa5f-b88f-45c8-816c-6227b7497cb7'),
 ('114', '34', '28', '6', '1', NULL, '2017-05-15 21:46:47', '2017-05-15 22:14:35', 'a1438d98-e1d0-4042-99b7-a1eefd4b5713'),
 ('115', '34', '28', '9', '2', NULL, '2017-05-15 21:46:47', '2017-05-15 22:14:35', '22e8599f-4418-4dc4-a6ee-f8c80d929c06'),
 ('118', '117', '59', '14', '1', NULL, '2017-05-15 21:53:36', '2017-05-16 13:56:06', 'f2667e2b-d0f6-47d1-9f87-6ef1832106c2'),
 ('121', '120', '59', '14', '1', NULL, '2017-05-15 22:12:06', '2017-05-16 00:28:54', 'cda64f87-d82d-46d3-af94-57d0a1879adf'),
 ('124', '123', '59', '14', '1', NULL, '2017-05-15 22:14:22', '2017-05-16 00:28:43', '60352c3f-0a40-4182-99f5-144abf912bc1'),
 ('133', '132', '59', '14', '1', NULL, '2017-05-16 21:32:54', '2017-05-16 21:32:54', 'aac0f287-4b74-4209-9f5b-815a7594742b'),
 ('136', '135', '59', '14', '1', NULL, '2017-05-16 21:34:43', '2017-05-16 21:42:15', '7f9ffabb-c880-490e-a9ff-7eef8523f443'),
 ('138', '48', '28', '8', '6', NULL, '2017-05-16 22:28:54', '2017-05-16 22:35:05', '9c51340f-d86e-41e4-a5c3-e9d99c2bae4c'),
 ('140', '48', '28', '8', '4', NULL, '2017-05-16 22:35:05', '2017-05-16 22:35:05', '17dc8092-2911-40a4-91ee-ac4ef4fcb7b4');



DROP TABLE IF EXISTS `craft_matrixblocktypes`;


--
-- Schema for table `craft_matrixblocktypes`
--
CREATE TABLE `craft_matrixblocktypes` (
  `id` int(11) NOT NULL AUTO_INCREMENT,
  `fieldId` int(11) NOT NULL,
  `fieldLayoutId` int(11) DEFAULT NULL,
  `name` varchar(255) COLLATE utf8_unicode_ci NOT NULL,
  `handle` varchar(255) COLLATE utf8_unicode_ci NOT NULL,
  `sortOrder` smallint(6) unsigned DEFAULT NULL,
  `dateCreated` datetime NOT NULL,
  `dateUpdated` datetime NOT NULL,
  `uid` char(36) COLLATE utf8_unicode_ci NOT NULL DEFAULT '0',
  PRIMARY KEY (`id`),
  UNIQUE KEY `craft_matrixblocktypes_name_fieldId_unq_idx` (`name`,`fieldId`),
  UNIQUE KEY `craft_matrixblocktypes_handle_fieldId_unq_idx` (`handle`,`fieldId`),
  KEY `craft_matrixblocktypes_fieldId_fk` (`fieldId`),
  KEY `craft_matrixblocktypes_fieldLayoutId_fk` (`fieldLayoutId`)
) ENGINE=InnoDB AUTO_INCREMENT=16 DEFAULT CHARSET=utf8 COLLATE=utf8_unicode_ci;

--
-- Data for table `craft_matrixblocktypes`
--

INSERT INTO `craft_matrixblocktypes` (`id`, `fieldId`, `fieldLayoutId`, `name`, `handle`, `sortOrder`, `dateCreated`, `dateUpdated`, `uid`) VALUES
 ('1', '3', '32', 'trivia', 'trivia', '1', '2017-04-21 22:24:45', '2017-04-21 23:55:36', '41735c4a-5f8e-4d63-8e6e-d99784f1a9e0'),
 ('5', '13', '44', 'Testimonial', 'testimonial', '1', '2017-04-21 23:19:24', '2017-05-10 04:18:03', '1c8a939c-2337-4974-8a0c-57abf21e0e9d'),
 ('6', '28', '109', 'Text', 'text', '1', '2017-05-11 04:39:54', '2017-05-12 20:14:26', 'a4aeb72e-9e0a-4235-beae-cddb18a1a1b2'),
 ('7', '28', '110', 'Quote', 'quote', '2', '2017-05-11 18:06:16', '2017-05-12 20:14:26', '6919d4f9-ef0d-4df0-bd45-9a517cdbef04'),
 ('8', '28', '111', 'Image', 'image', '3', '2017-05-11 18:06:17', '2017-05-12 20:14:26', 'c5881ae2-0690-4e6b-b00d-d7e3bafa4c11'),
 ('9', '28', '112', 'Icon List', 'iconList', '4', '2017-05-11 18:06:17', '2017-05-12 20:14:26', 'dbdb95a4-e199-48d6-90ef-2c328ad37da4'),
 ('10', '40', '56', 'Footnote', 'footnote', '1', '2017-05-11 18:09:09', '2017-05-11 18:09:09', '84096244-cd3b-48e7-b024-eb8553c8d24f'),
 ('11', '44', '108', 'Gallery', 'gallery', '1', '2017-05-11 18:12:39', '2017-05-12 00:50:48', 'c3beb5b9-ff09-4d1a-a5fd-be01eae74a8c'),
 ('13', '28', '113', 'Testimonial', 'testimonial', '5', '2017-05-11 18:18:18', '2017-05-12 20:14:26', '355a90ed-f80e-4e5b-8131-5c3cce7dccf4'),
 ('14', '59', '121', 'Project Details', 'projectDetails', '1', '2017-05-13 03:28:14', '2017-05-15 21:54:35', 'de775cca-77f7-4857-8d3b-dd656c040575'),
 ('15', '64', '118', 'Instagram Block', 'instagramBlock', '1', '2017-05-13 03:47:25', '2017-05-13 03:47:25', '99df20c6-09d3-4a41-9419-9c2e715c0ff5');



DROP TABLE IF EXISTS `craft_matrixcontent_abouttrivia`;


--
-- Schema for table `craft_matrixcontent_abouttrivia`
--
CREATE TABLE `craft_matrixcontent_abouttrivia` (
  `id` int(11) NOT NULL AUTO_INCREMENT,
  `elementId` int(11) NOT NULL,
  `locale` char(12) COLLATE utf8_unicode_ci NOT NULL,
  `field_trivia_triviaHeading` text COLLATE utf8_unicode_ci,
  `field_trivia_triviaBody` text COLLATE utf8_unicode_ci,
  `dateCreated` datetime NOT NULL,
  `dateUpdated` datetime NOT NULL,
  `uid` char(36) COLLATE utf8_unicode_ci NOT NULL DEFAULT '0',
  PRIMARY KEY (`id`),
  UNIQUE KEY `craft_matrixcontent_abouttrivia_elementId_locale_unq_idx` (`elementId`,`locale`),
  KEY `craft_matrixcontent_abouttrivia_locale_fk` (`locale`)
) ENGINE=InnoDB AUTO_INCREMENT=6 DEFAULT CHARSET=utf8 COLLATE=utf8_unicode_ci;

--
-- Data for table `craft_matrixcontent_abouttrivia`
--

INSERT INTO `craft_matrixcontent_abouttrivia` (`id`, `elementId`, `locale`, `field_trivia_triviaHeading`, `field_trivia_triviaBody`, `dateCreated`, `dateUpdated`, `uid`) VALUES
 ('1', '28', 'en_us', 'Learner of Things', '<p>I’m almost entirely self-taught in everything I do. Almost. (That means I’ve consumed a lot of video tutorials on YouTube and articles all across the web.) I have always loved to learn new things and am a self-starter.</p>', '2017-05-11 01:25:31', '2017-05-11 18:34:29', '96e438c9-328b-45de-98dd-110233b265e2'),
 ('2', '29', 'en_us', 'Lover of Animation', '<p>At the age of 13, I made the decision that I would be a character animator when I grew up. Even though I might not be an animator yet, I figure I’m still growing up… So there’s still a chance.</p>', '2017-05-11 01:25:31', '2017-05-11 18:34:29', 'b4e2a5ce-07ab-46e9-ad1a-35d7a4bfe483'),
 ('3', '30', 'en_us', 'Reader of Books', '<p>I don’t read as much as I’d like, but I do seem to collect books so there’s always something to pick from. My favorite just-for-fun read is still <em>Ender’s Game</em>, by Orson Scott Card.</p>', '2017-05-11 01:25:31', '2017-05-11 18:34:29', '6dcfb8f7-9a05-44d1-8485-ca87e6b7c38d'),
 ('4', '31', 'en_us', 'Watcher of Great Films', '<p>At last count, I own <strong>351</strong> movies. And I’ve seen far more than that. I love movies. I love the way they combine so many artistic disciplines into one final product. (Bonus fact: I’ve noticed that I tend to buy more movies when I don’t have Netflix.)</p>', '2017-05-11 01:25:31', '2017-05-11 18:34:29', 'd087f8a3-119a-49e1-aa67-b364929d0d34'),
 ('5', '32', 'en_us', 'Traveler of Places', '<p>When I was a kid, my dad was in the US Air Force. That means I had the huge privilege of getting to travel the country. I haven’t done any traveling outside the US, though, except when I was born in Germany while my parents were stationed there.</p>', '2017-05-11 01:25:31', '2017-05-11 18:34:29', '879a8959-35f4-4459-8969-e5a1f62f0b07');



DROP TABLE IF EXISTS `craft_matrixcontent_articlebody`;


--
-- Schema for table `craft_matrixcontent_articlebody`
--
CREATE TABLE `craft_matrixcontent_articlebody` (
  `id` int(11) NOT NULL AUTO_INCREMENT,
  `elementId` int(11) NOT NULL,
  `locale` char(12) COLLATE utf8_unicode_ci NOT NULL,
  `field_text_text` text COLLATE utf8_unicode_ci,
  `field_text_isNewSection` varchar(255) COLLATE utf8_unicode_ci DEFAULT 'none',
  `field_quote_quote` text COLLATE utf8_unicode_ci,
  `field_quote_cite` text COLLATE utf8_unicode_ci,
  `field_quote_company` text COLLATE utf8_unicode_ci,
  `field_quote_role` text COLLATE utf8_unicode_ci,
  `field_quote_isNewSection` varchar(255) COLLATE utf8_unicode_ci DEFAULT 'none',
  `field_image_layout` varchar(255) COLLATE utf8_unicode_ci DEFAULT 'block',
  `field_image_isNewSection` varchar(255) COLLATE utf8_unicode_ci DEFAULT NULL,
  `field_iconList_isNewSection` varchar(255) COLLATE utf8_unicode_ci DEFAULT NULL,
  `field_testimonial_isNewSection` varchar(255) COLLATE utf8_unicode_ci DEFAULT NULL,
  `dateCreated` datetime NOT NULL,
  `dateUpdated` datetime NOT NULL,
  `uid` char(36) COLLATE utf8_unicode_ci NOT NULL DEFAULT '0',
  PRIMARY KEY (`id`),
  UNIQUE KEY `craft_matrixcontent_articlebody_elementId_locale_unq_idx` (`elementId`,`locale`),
  KEY `craft_matrixcontent_articlebody_locale_fk` (`locale`)
) ENGINE=InnoDB AUTO_INCREMENT=29 DEFAULT CHARSET=utf8 COLLATE=utf8_unicode_ci;

--
-- Data for table `craft_matrixcontent_articlebody`
--

INSERT INTO `craft_matrixcontent_articlebody` (`id`, `elementId`, `locale`, `field_text_text`, `field_text_isNewSection`, `field_quote_quote`, `field_quote_cite`, `field_quote_company`, `field_quote_role`, `field_quote_isNewSection`, `field_image_layout`, `field_image_isNewSection`, `field_iconList_isNewSection`, `field_testimonial_isNewSection`, `dateCreated`, `dateUpdated`, `uid`) VALUES
 ('1', '33', 'en_us', '<p>I’ve always had an eye for design and detail, and that’s a huge part of what makes me the successful developer and designer that I am today. Surprisingly, it all happened by accident. An entire decade ago, I wanted a website to bring people together to help me work on an animation project I was doing while in high school, so I built it. The animation never really got anywhere, but I learned enough about web development to land my first job. Since that day 10 years ago, I’ve been using, refining, and growing those skills, continuing to learn and keep pace with the rapidly-changing web and its technologies.</p>', 'newSection', NULL, NULL, NULL, NULL, NULL, NULL, NULL, NULL, NULL, '2017-05-11 04:53:23', '2017-05-11 18:34:29', '45bf3e2c-4329-4b29-b63d-c4f819543910'),
 ('2', '38', 'en_us', '<p>I’ve been a professional web designer and front end developer for ten years. And illustration and the art of making things look good have been a passion of mine my entire life!</p>\n<p>Here are a few of the tools I use to get the job done:</p>', 'newSection', NULL, NULL, NULL, NULL, NULL, NULL, NULL, NULL, NULL, '2017-05-11 18:38:34', '2017-05-13 03:53:26', 'fa298b22-b949-4372-89aa-b70f63413088'),
 ('3', '39', 'en_us', NULL, NULL, NULL, NULL, NULL, NULL, NULL, NULL, NULL, 'none', NULL, '2017-05-11 18:38:34', '2017-05-13 03:53:26', 'b1ad398f-93cd-4e28-85cf-6cc854740643'),
 ('4', '40', 'en_us', '<p>Check out the <a href=\"/about\">About</a> page to learn more.</p>', 'none', NULL, NULL, NULL, NULL, NULL, NULL, NULL, NULL, NULL, '2017-05-11 18:38:34', '2017-05-13 03:53:26', '25834390-bf2d-4598-94e6-a08e46797ed7'),
 ('7', '45', 'en_us', '<p>Aside from the occasional use of pencil and paper, I’m a full-fledged digital artist, producing the bulk of my work on the computer using these programs and tools:</p>', 'newSection', NULL, NULL, NULL, NULL, NULL, NULL, NULL, NULL, NULL, '2017-05-11 20:45:57', '2017-05-16 21:34:57', '8726778d-7de0-435d-9cdc-f7354b4dc564'),
 ('8', '46', 'en_us', NULL, NULL, NULL, NULL, NULL, NULL, NULL, NULL, NULL, 'none', NULL, '2017-05-11 20:45:57', '2017-05-16 21:34:57', '6db0a0bc-c24c-4bee-afe2-7af8148af0f4'),
 ('9', '55', 'en_us', '<h2>Character Design</h2>\n<p>There is <em>always</em> more to it than what’s directly on the surface. When designing this character, for example, it’s not just a matter of drawing a rabbit. You have to understand the personality of the character you’re trying to create. And in the case of a mascot, that personality becomes or represents the personality of the whole company.</p>\n<p>Right at the start of the project, the team at <em>IndieRabbit</em> wanted a character that was a “…classy, cool, and relatable rabbit that is a bit human…in a classic/graphic cartoon style.”</p>', 'none', NULL, NULL, NULL, NULL, NULL, NULL, NULL, NULL, NULL, '2017-05-11 20:58:06', '2017-05-16 22:35:05', 'b0bc2b1a-002b-4c5d-b09b-e0f99e29d37e'),
 ('10', '56', 'en_us', NULL, NULL, NULL, NULL, NULL, NULL, NULL, NULL, NULL, NULL, 'none', '2017-05-11 21:11:33', '2017-05-16 22:35:05', '01a663f3-6d79-4564-897b-118e878b4135'),
 ('11', '58', 'en_us', NULL, NULL, NULL, NULL, NULL, NULL, NULL, 'block', 'none', NULL, NULL, '2017-05-11 23:20:27', '2017-05-16 22:35:05', '7b538f35-a9e7-404b-bd96-a7dd865a5940'),
 ('12', '61', 'en_us', '<p>Even with all of the concept sketches I did, I still hadn’t quite figured out the character (who we officially named Indy Rabbit). It wasn’t until I started experimenting with facial expressions and refining from there that I really got a feel for “who he is”.</p>', 'none', NULL, NULL, NULL, NULL, NULL, NULL, NULL, NULL, NULL, '2017-05-11 23:52:43', '2017-05-16 22:35:05', '36bb13d2-926b-44af-a4f2-a741ec156e06'),
 ('13', '62', 'en_us', '<p>Once I had the face, it’s like the body naturally drew itself from there. After a few minor tweaks, it was time to start creating some costumes…</p>', 'none', NULL, NULL, NULL, NULL, NULL, NULL, NULL, NULL, NULL, '2017-05-11 23:52:43', '2017-05-16 22:35:05', 'bfa60884-d8ad-4d37-8d33-f4ca6fd52faf'),
 ('14', '63', 'en_us', '<p>…before landing on a living, breathing character with life and personality!</p>', 'none', NULL, NULL, NULL, NULL, NULL, NULL, NULL, NULL, NULL, '2017-05-11 23:52:43', '2017-05-16 22:35:05', '37b116c0-fc7b-4abf-83d1-6c4bde6aeeaa'),
 ('15', '64', 'en_us', '<h2>Website Illustrations</h2>\n<p>Obviously, the goal in designing Indy was to use him in marketing and that meant illustrations!</p>', 'none', NULL, NULL, NULL, NULL, NULL, NULL, NULL, NULL, NULL, '2017-05-11 23:52:43', '2017-05-16 22:35:05', '463d8885-db8b-423f-9248-e214b4b5af3b'),
 ('16', '65', 'en_us', '<p>But not all illustrations are created equal. The final illustration I completed was a large banner that they wanted to use as the first thing people saw when visiting the site. This single piece was really the culmination of everything I had done leading up to it. So I started it off with a teeny tiny thumbnail based on the direction I had received. (Fortunately for me, Jean-Marc, the co-founder and president of the company, was fantastic at giving direction. He knew what he wanted and gave me just enough freedom to make this one of my favorite projects of all time. So far.)</p>', 'none', NULL, NULL, NULL, NULL, NULL, NULL, NULL, NULL, NULL, '2017-05-11 23:52:43', '2017-05-16 22:35:05', 'a4086d7d-e8d1-4ed5-9af7-2a3d04ecc2c1'),
 ('17', '66', 'en_us', '<p>From there it was on to the illustration.</p>', 'none', NULL, NULL, NULL, NULL, NULL, NULL, NULL, NULL, NULL, '2017-05-11 23:52:43', '2017-05-16 22:35:05', '9eb7def7-b0c6-4e62-bab6-2e0b2d3ef89d'),
 ('18', '67', 'en_us', '<p>The process was grueling. The tassels and carrots took what seemed an eternity to finish. And while the pencil stage is my favorite, I will never forget how sore my hand was from the endless hours of thoughtfully placing each line.</p>\n<p>But the results were worth every effort.</p>', 'none', NULL, NULL, NULL, NULL, NULL, NULL, NULL, NULL, NULL, '2017-05-11 23:52:43', '2017-05-16 22:35:05', '9c13170c-9c3c-4a04-8516-290aafb1b059'),
 ('19', '68', 'en_us', NULL, NULL, NULL, NULL, NULL, NULL, NULL, 'full', 'none', NULL, NULL, '2017-05-11 23:52:43', '2017-05-16 22:35:05', '34c4e0c6-639a-469e-b27c-69abb1452b92'),
 ('20', '69', 'en_us', NULL, NULL, NULL, NULL, NULL, NULL, NULL, 'full', 'none', NULL, NULL, '2017-05-11 23:52:43', '2017-05-16 22:35:05', '0ae56ab5-040e-4882-993c-9462c842f776'),
 ('21', '70', 'en_us', '<p>It took several weeks to create this one piece, from start to finish. Good thing I did it digitally or else I would have been waiting for paint to dry and who knows how long that would have taken! All in all, this was an amazing project and I feel so privileged and blessed to have worked with such awesome people.</p>', 'none', NULL, NULL, NULL, NULL, NULL, NULL, NULL, NULL, NULL, '2017-05-11 23:52:43', '2017-05-16 22:35:05', '6d1c9655-06ff-48b3-97e0-55d92e3fbd22'),
 ('22', '74', 'en_us', NULL, NULL, NULL, NULL, NULL, NULL, NULL, 'wide', 'none', NULL, NULL, '2017-05-11 23:57:27', '2017-05-16 22:35:05', '0d53b72a-d2b3-44a9-8175-a9f0916f8423'),
 ('23', '76', 'en_us', NULL, NULL, NULL, NULL, NULL, NULL, NULL, 'block', 'none', NULL, NULL, '2017-05-12 00:01:25', '2017-05-16 22:35:05', '095e25ff-194a-4c60-8d03-f5386e761ba8'),
 ('24', '78', 'en_us', NULL, NULL, NULL, NULL, NULL, NULL, NULL, 'block', 'none', NULL, NULL, '2017-05-12 00:07:18', '2017-05-16 22:35:05', 'aa3a280d-7ecc-427d-8622-b3a7055838c3'),
 ('25', '114', 'en_us', '<p>While I always love the challenge of learning new technologies, here are the tools that I use most to develop my web projects:</p>', 'newSection', NULL, NULL, NULL, NULL, NULL, NULL, NULL, NULL, NULL, '2017-05-15 21:46:47', '2017-05-15 22:14:35', '80c85ef7-090d-4056-8057-224f39b6b4bf'),
 ('26', '115', 'en_us', NULL, NULL, NULL, NULL, NULL, NULL, NULL, NULL, NULL, 'none', NULL, '2017-05-15 21:46:47', '2017-05-15 22:14:35', '1858f5e8-0863-4a5e-a2e0-32033b1190ec'),
 ('27', '138', 'en_us', NULL, NULL, NULL, NULL, NULL, NULL, NULL, 'block', 'none', NULL, NULL, '2017-05-16 22:28:54', '2017-05-16 22:35:05', 'bdd52c82-988a-4fea-b336-129bf514b4f6'),
 ('28', '140', 'en_us', NULL, NULL, NULL, NULL, NULL, NULL, NULL, 'wide', 'none', NULL, NULL, '2017-05-16 22:35:05', '2017-05-16 22:35:05', '4bce22ab-97a4-474e-9d46-af22c2399050');



DROP TABLE IF EXISTS `craft_matrixcontent_footnotes`;


--
-- Schema for table `craft_matrixcontent_footnotes`
--
CREATE TABLE `craft_matrixcontent_footnotes` (
  `id` int(11) NOT NULL AUTO_INCREMENT,
  `elementId` int(11) NOT NULL,
  `locale` char(12) COLLATE utf8_unicode_ci NOT NULL,
  `field_footnote_footnoteId` int(10) unsigned DEFAULT '0',
  `field_footnote_footnoteText` text COLLATE utf8_unicode_ci,
  `dateCreated` datetime NOT NULL,
  `dateUpdated` datetime NOT NULL,
  `uid` char(36) COLLATE utf8_unicode_ci NOT NULL DEFAULT '0',
  PRIMARY KEY (`id`),
  UNIQUE KEY `craft_matrixcontent_footnotes_elementId_locale_unq_idx` (`elementId`,`locale`),
  KEY `craft_matrixcontent_footnotes_locale_fk` (`locale`)
) ENGINE=InnoDB AUTO_INCREMENT=2 DEFAULT CHARSET=utf8 COLLATE=utf8_unicode_ci;

--
-- Data for table `craft_matrixcontent_footnotes`
--

INSERT INTO `craft_matrixcontent_footnotes` (`id`, `elementId`, `locale`, `field_footnote_footnoteId`, `field_footnote_footnoteText`, `dateCreated`, `dateUpdated`, `uid`) VALUES
 ('1', '37', 'en_us', '1', '<p>[1] <a href=\"https://www.amazon.com/Teach-Yourself-Publishing-Professional-Reference/dp/0672322048/\" target=\"_blank\" rel=\"noreferrer noopener\">Sams Teach Yourself Web Publishing With HTML and XHTML in 21 Days, Professional Reference Edition</a></p>', '2017-05-11 18:34:06', '2017-05-15 22:14:35', '349a0c2a-ddf2-4590-9cb0-a86efa65bccb');



DROP TABLE IF EXISTS `craft_matrixcontent_gallery`;


--
-- Schema for table `craft_matrixcontent_gallery`
--
CREATE TABLE `craft_matrixcontent_gallery` (
  `id` int(11) NOT NULL AUTO_INCREMENT,
  `elementId` int(11) NOT NULL,
  `locale` char(12) COLLATE utf8_unicode_ci NOT NULL,
  `field_gallery_heading` text COLLATE utf8_unicode_ci,
  `dateCreated` datetime NOT NULL,
  `dateUpdated` datetime NOT NULL,
  `uid` char(36) COLLATE utf8_unicode_ci NOT NULL DEFAULT '0',
  PRIMARY KEY (`id`),
  UNIQUE KEY `craft_matrixcontent_gallery_elementId_locale_unq_idx` (`elementId`,`locale`),
  KEY `craft_matrixcontent_gallery_locale_fk` (`locale`)
) ENGINE=InnoDB AUTO_INCREMENT=5 DEFAULT CHARSET=utf8 COLLATE=utf8_unicode_ci;

--
-- Data for table `craft_matrixcontent_gallery`
--

INSERT INTO `craft_matrixcontent_gallery` (`id`, `elementId`, `locale`, `field_gallery_heading`, `dateCreated`, `dateUpdated`, `uid`) VALUES
 ('1', '35', 'en_us', 'More Web Development Work', '2017-05-11 18:34:06', '2017-05-15 22:14:35', 'bc6f6387-13f8-4709-9fcb-445481e97425'),
 ('4', '47', 'en_us', 'More Sketches and Works-In-Progress', '2017-05-11 20:45:57', '2017-05-16 21:34:57', '4d3141ba-cb14-414b-a92d-d53bd6b6103f');



DROP TABLE IF EXISTS `craft_matrixcontent_instagram`;


--
-- Schema for table `craft_matrixcontent_instagram`
--
CREATE TABLE `craft_matrixcontent_instagram` (
  `id` int(11) NOT NULL AUTO_INCREMENT,
  `elementId` int(11) NOT NULL,
  `locale` char(12) COLLATE utf8_unicode_ci NOT NULL,
  `field_instagramBlock_heading` text COLLATE utf8_unicode_ci,
  `field_instagramBlock_showInstagramBlock` tinyint(1) unsigned NOT NULL DEFAULT '0',
  `dateCreated` datetime NOT NULL,
  `dateUpdated` datetime NOT NULL,
  `uid` char(36) COLLATE utf8_unicode_ci NOT NULL DEFAULT '0',
  PRIMARY KEY (`id`),
  UNIQUE KEY `craft_matrixcontent_instagram_elementId_locale_unq_idx` (`elementId`,`locale`),
  KEY `craft_matrixcontent_instagram_locale_fk` (`locale`)
) ENGINE=InnoDB AUTO_INCREMENT=3 DEFAULT CHARSET=utf8 COLLATE=utf8_unicode_ci;

--
-- Data for table `craft_matrixcontent_instagram`
--

INSERT INTO `craft_matrixcontent_instagram` (`id`, `elementId`, `locale`, `field_instagramBlock_heading`, `field_instagramBlock_showInstagramBlock`, `dateCreated`, `dateUpdated`, `uid`) VALUES
 ('1', '109', 'en_us', 'Find my Latest Doodles, Drawings, & Designs on Instagram', '1', '2017-05-13 03:51:10', '2017-05-16 21:34:57', 'b19e46e0-5d39-43c9-8f2d-018c4d5ceabc'),
 ('2', '110', 'en_us', 'My Latest Adventures on Instagram', '1', '2017-05-13 03:53:26', '2017-05-13 03:53:26', '41577466-d797-4b47-a209-25ee6fc15e99');



DROP TABLE IF EXISTS `craft_matrixcontent_projectdetails`;


--
-- Schema for table `craft_matrixcontent_projectdetails`
--
CREATE TABLE `craft_matrixcontent_projectdetails` (
  `id` int(11) NOT NULL AUTO_INCREMENT,
  `elementId` int(11) NOT NULL,
  `locale` char(12) COLLATE utf8_unicode_ci NOT NULL,
  `field_projectDetails_clientName` text COLLATE utf8_unicode_ci,
  `field_projectDetails_services` varchar(255) COLLATE utf8_unicode_ci DEFAULT NULL,
  `field_projectDetails_shortDescription` text COLLATE utf8_unicode_ci,
  `field_projectDetails_websiteUrl` text COLLATE utf8_unicode_ci,
  `dateCreated` datetime NOT NULL,
  `dateUpdated` datetime NOT NULL,
  `uid` char(36) COLLATE utf8_unicode_ci NOT NULL DEFAULT '0',
  PRIMARY KEY (`id`),
  UNIQUE KEY `craft_matrixcontent_projectdetails_elementId_locale_unq_idx` (`elementId`,`locale`),
  KEY `craft_matrixcontent_projectdetails_locale_fk` (`locale`)
) ENGINE=InnoDB AUTO_INCREMENT=8 DEFAULT CHARSET=utf8 COLLATE=utf8_unicode_ci;

--
-- Data for table `craft_matrixcontent_projectdetails`
--

INSERT INTO `craft_matrixcontent_projectdetails` (`id`, `elementId`, `locale`, `field_projectDetails_clientName`, `field_projectDetails_services`, `field_projectDetails_shortDescription`, `field_projectDetails_websiteUrl`, `dateCreated`, `dateUpdated`, `uid`) VALUES
 ('1', '108', 'en_us', 'IndieRabbit', '[\"characterDesign\",\"illustration\"]', '<p><em>IndieRabbit</em> was a small web startup that offered a unique distribution platform for independent filmmakers and their audience members. It was my task to design a mascot for the company as well as to produce several illustrations for their marketing materials and site.</p>', '', '2017-05-13 03:30:22', '2017-05-16 22:35:05', 'c2f4fb3d-a9a9-4854-812c-c32106cd1489'),
 ('2', '113', 'en_us', 'Everything Kitchens', '[\"frontEndDevelopment\",\"magento\",\"eCommerce\"]', '<p>This project is the largest Magento e-commerce build of my career so far. With an offering of over 200 different brands and thousands of products already in their inventory, the <em>Everything Kitchens</em> site took almost an entire year to complete simply because of its scale.</p>', 'https://www.everythingkitchens.com/', '2017-05-15 21:17:00', '2017-05-16 01:57:27', '20f93f99-472e-424f-bcd0-88f505544fc0'),
 ('3', '118', 'en_us', 'Benham Brothers', '[\"frontEndDevelopment\",\"wordpress\"]', '', 'http://benhambrothers.com/', '2017-05-15 21:53:36', '2017-05-16 13:56:06', '8c5bda62-935a-4211-95fc-e0f2649f2fa8'),
 ('4', '121', 'en_us', 'Senator Bob Hall', '[\"frontEndDevelopment\",\"wordpress\"]', '', 'http://senatorbobhall.com/', '2017-05-15 22:12:06', '2017-05-16 00:28:53', 'cf089da4-0b26-4fff-9c9e-2694c05828f9'),
 ('5', '124', 'en_us', 'Ohio Right to Life', '[\"frontEndDevelopment\"]', '', 'http://www.ohiolife.org/', '2017-05-15 22:14:22', '2017-05-16 00:28:43', '8f3271b1-ef65-4603-8a4c-804b5d189714'),
 ('6', '133', 'en_us', 'Revive Magazine', '[\"graphicDesign\",\"illustration\"]', '', '', '2017-05-16 21:32:54', '2017-05-16 21:32:54', '73fd540a-7325-4e1d-aebd-6dd1826070fb'),
 ('7', '136', 'en_us', 'Made to Flourish', '[\"branding\",\"graphicDesign\",\"illustration\"]', '', 'https://www.madetoflourish.org/', '2017-05-16 21:34:43', '2017-05-16 21:42:15', 'eac8f4f9-510f-4e81-90b6-e2c6a07be154');



DROP TABLE IF EXISTS `craft_matrixcontent_testimonial`;


--
-- Schema for table `craft_matrixcontent_testimonial`
--
CREATE TABLE `craft_matrixcontent_testimonial` (
  `id` int(11) NOT NULL AUTO_INCREMENT,
  `elementId` int(11) NOT NULL,
  `locale` char(12) COLLATE utf8_unicode_ci NOT NULL,
  `field_testimonial_quote` text COLLATE utf8_unicode_ci,
  `field_testimonial_cite` text COLLATE utf8_unicode_ci,
  `field_testimonial_company` text COLLATE utf8_unicode_ci,
  `field_testimonial_role` text COLLATE utf8_unicode_ci,
  `dateCreated` datetime NOT NULL,
  `dateUpdated` datetime NOT NULL,
  `uid` char(36) COLLATE utf8_unicode_ci NOT NULL DEFAULT '0',
  PRIMARY KEY (`id`),
  UNIQUE KEY `craft_matrixcontent_testimonial_elementId_locale_unq_idx` (`elementId`,`locale`),
  KEY `craft_matrixcontent_testimonial_locale_fk` (`locale`)
) ENGINE=InnoDB AUTO_INCREMENT=6 DEFAULT CHARSET=utf8 COLLATE=utf8_unicode_ci;

--
-- Data for table `craft_matrixcontent_testimonial`
--

INSERT INTO `craft_matrixcontent_testimonial` (`id`, `elementId`, `locale`, `field_testimonial_quote`, `field_testimonial_cite`, `field_testimonial_company`, `field_testimonial_role`, `dateCreated`, `dateUpdated`, `uid`) VALUES
 ('1', '8', 'en_us', '<p>“I’m a huge stickler for quality and pixel-perfect detail. Wilson delivers both on the daily. Not only did he design a killer rabbit (no Monty Python joke intended) mascot for our company, but he did so with a dedication to the spirit of our company unparalleled in the design world. He and his work are a treasure and I would without any doubt, recommend him for whatever project is on your mind.”</p>', 'Jean-Marc Le Doux', 'IndieRabbit', 'Co-founder', '2017-04-21 23:35:04', '2017-05-10 23:16:36', 'c1d72596-7f5e-490e-897d-fcbf24bf1623'),
 ('2', '10', 'en_us', '<p>“A master of detail, Wilson brings his all to every project, always looking for new ideas to take a concept deeper and deliver results above and beyond the required. In our case, he crafted a stunning book cover that seamlessly wove together our concepts and copy-heavy title into a visual masterpiece. A stellar designer, illustrator, and creative force, without hesitation I’ll tell you to book him today!”</p>', 'Jean-Marc Le Doux', 'Kern Family Foundation', 'Project Lead', '2017-04-21 23:36:45', '2017-05-10 23:31:11', '2981fb55-cb94-4a2a-b3ed-3366b8d3cb02'),
 ('3', '12', 'en_us', '<p>“Wilson has always been great to work with! His positive can-do attitude coupled with his creativity and rockstar skills has made him the perfect partner for a wide variety of projects including design, illustration, and web development.”</p>', 'Aaron Paulus', 'Flood Creative Agency', 'Founder', '2017-04-21 23:37:55', '2017-05-10 23:30:42', 'a314f5e1-6494-41b6-ab56-1fcf72fdc38b'),
 ('4', '22', 'en_us', '<p>“Wilson is a really sharp developer. It’s rare to have a developer who also has strong design skills, but Wilson possesses both of those skills which allows him to approach projects holistically. Over the years of working with him, his attention to detail resulted in many successful projects.”</p>', 'Erik Hansen', 'Classy Llama', 'Co-founder', '2017-05-10 23:16:03', '2017-05-10 23:30:06', 'a87d44e7-ed38-4d92-abaa-4652ff82e88e'),
 ('5', '24', 'en_us', '<p>“I’ve enjoyed working with Wilson for custom illustration because he owns the project and has always delivered above and beyond my expectations. He pays attention to detail and also to the big picture of what the art is meant to communicate.”</p>', 'Liza Hartman', 'Life Action Ministries', 'Art Director', '2017-05-10 23:18:22', '2017-05-10 23:29:14', '3eb0a900-936b-4b8b-a76e-452e587e2f86');



DROP TABLE IF EXISTS `craft_migrations`;


--
-- Schema for table `craft_migrations`
--
CREATE TABLE `craft_migrations` (
  `id` int(11) NOT NULL AUTO_INCREMENT,
  `pluginId` int(11) DEFAULT NULL,
  `version` varchar(255) COLLATE utf8_unicode_ci NOT NULL,
  `applyTime` datetime NOT NULL,
  `dateCreated` datetime NOT NULL,
  `dateUpdated` datetime NOT NULL,
  `uid` char(36) COLLATE utf8_unicode_ci NOT NULL DEFAULT '0',
  PRIMARY KEY (`id`),
  UNIQUE KEY `craft_migrations_version_unq_idx` (`version`),
  KEY `craft_migrations_pluginId_fk` (`pluginId`)
) ENGINE=InnoDB AUTO_INCREMENT=39 DEFAULT CHARSET=utf8 COLLATE=utf8_unicode_ci;

--
-- Data for table `craft_migrations`
--

INSERT INTO `craft_migrations` (`id`, `pluginId`, `version`, `applyTime`, `dateCreated`, `dateUpdated`, `uid`) VALUES
 ('1', NULL, 'm000000_000000_base', '2017-04-20 21:00:58', '2017-04-20 21:00:58', '2017-04-20 21:00:58', '714a8aab-2264-4ba7-8603-53499d6caf26'),
 ('2', NULL, 'm140730_000001_add_filename_and_format_to_transformindex', '2017-04-20 21:00:58', '2017-04-20 21:00:58', '2017-04-20 21:00:58', '5df8e5fb-708a-42f2-9eeb-b70baf548b0d'),
 ('3', NULL, 'm140815_000001_add_format_to_transforms', '2017-04-20 21:00:58', '2017-04-20 21:00:58', '2017-04-20 21:00:58', '34f8c236-7fd7-43e8-87b0-b6e88fb2f9d7'),
 ('4', NULL, 'm140822_000001_allow_more_than_128_items_per_field', '2017-04-20 21:00:58', '2017-04-20 21:00:58', '2017-04-20 21:00:58', '491968bc-8c32-4378-b266-ea418ef28b96'),
 ('5', NULL, 'm140829_000001_single_title_formats', '2017-04-20 21:00:58', '2017-04-20 21:00:58', '2017-04-20 21:00:58', 'baa50c43-6408-4336-8448-0eaecfaf1b89'),
 ('6', NULL, 'm140831_000001_extended_cache_keys', '2017-04-20 21:00:58', '2017-04-20 21:00:58', '2017-04-20 21:00:58', '79f0be91-6c60-4f64-b667-1d01a5b55844'),
 ('7', NULL, 'm140922_000001_delete_orphaned_matrix_blocks', '2017-04-20 21:00:58', '2017-04-20 21:00:58', '2017-04-20 21:00:58', '841417b5-b5c4-441a-a876-3fa32e48d5af'),
 ('8', NULL, 'm141008_000001_elements_index_tune', '2017-04-20 21:00:58', '2017-04-20 21:00:58', '2017-04-20 21:00:58', 'ab2531fc-beae-45c9-a85f-eef463ceb87e'),
 ('9', NULL, 'm141009_000001_assets_source_handle', '2017-04-20 21:00:58', '2017-04-20 21:00:58', '2017-04-20 21:00:58', '33ecaae8-8245-4941-a73b-0930b946c700'),
 ('10', NULL, 'm141024_000001_field_layout_tabs', '2017-04-20 21:00:58', '2017-04-20 21:00:58', '2017-04-20 21:00:58', '72defcdb-fd80-4b50-be58-90c2352d07c7'),
 ('11', NULL, 'm141030_000000_plugin_schema_versions', '2017-04-20 21:00:58', '2017-04-20 21:00:58', '2017-04-20 21:00:58', 'dd3eb5cf-b02f-41ad-8a5a-4e30ae4d2398'),
 ('12', NULL, 'm141030_000001_drop_structure_move_permission', '2017-04-20 21:00:58', '2017-04-20 21:00:58', '2017-04-20 21:00:58', 'cacd6efb-a0dc-42ff-958c-010a14665936'),
 ('13', NULL, 'm141103_000001_tag_titles', '2017-04-20 21:00:58', '2017-04-20 21:00:58', '2017-04-20 21:00:58', 'f8f5e1e1-6ba1-42b6-82db-28944c5f111f'),
 ('14', NULL, 'm141109_000001_user_status_shuffle', '2017-04-20 21:00:58', '2017-04-20 21:00:58', '2017-04-20 21:00:58', 'c6baa127-9dbe-4ae2-b0d8-78db13778df5'),
 ('15', NULL, 'm141126_000001_user_week_start_day', '2017-04-20 21:00:58', '2017-04-20 21:00:58', '2017-04-20 21:00:58', '40f3d1bb-bfd4-47f5-b850-9db7d1a8d037'),
 ('16', NULL, 'm150210_000001_adjust_user_photo_size', '2017-04-20 21:00:58', '2017-04-20 21:00:58', '2017-04-20 21:00:58', '6ef29318-f9f4-4fb4-92c5-ed80f07166b8'),
 ('17', NULL, 'm150724_000001_adjust_quality_settings', '2017-04-20 21:00:58', '2017-04-20 21:00:58', '2017-04-20 21:00:58', '8022eff1-4645-4e11-ae7f-e5ff1cca35d1'),
 ('18', NULL, 'm150827_000000_element_index_settings', '2017-04-20 21:00:58', '2017-04-20 21:00:58', '2017-04-20 21:00:58', 'a2ec2fc9-8975-4869-95ed-032c87df53ed'),
 ('19', NULL, 'm150918_000001_add_colspan_to_widgets', '2017-04-20 21:00:58', '2017-04-20 21:00:58', '2017-04-20 21:00:58', '5c5215d1-722a-439b-8ca0-e0865f06e3f5'),
 ('20', NULL, 'm151007_000000_clear_asset_caches', '2017-04-20 21:00:58', '2017-04-20 21:00:58', '2017-04-20 21:00:58', 'c589fb21-482f-4184-8fc9-26b6ea665cea'),
 ('21', NULL, 'm151109_000000_text_url_formats', '2017-04-20 21:00:58', '2017-04-20 21:00:58', '2017-04-20 21:00:58', '2790f3c8-c089-44f0-b581-595fe5ba5594'),
 ('22', NULL, 'm151110_000000_move_logo', '2017-04-20 21:00:58', '2017-04-20 21:00:58', '2017-04-20 21:00:58', '5cc4388f-b309-4438-b944-34c81b7ab402'),
 ('23', NULL, 'm151117_000000_adjust_image_widthheight', '2017-04-20 21:00:58', '2017-04-20 21:00:58', '2017-04-20 21:00:58', '45ae04ae-d4d2-4c2d-b365-9e701dc30e59'),
 ('24', NULL, 'm151127_000000_clear_license_key_status', '2017-04-20 21:00:58', '2017-04-20 21:00:58', '2017-04-20 21:00:58', '7bb65788-dd86-44f8-9340-55ff54eb8ce9'),
 ('25', NULL, 'm151127_000000_plugin_license_keys', '2017-04-20 21:00:58', '2017-04-20 21:00:58', '2017-04-20 21:00:58', '68178a6c-d8c3-4e80-af46-afc5f05b8e88'),
 ('26', NULL, 'm151130_000000_update_pt_widget_feeds', '2017-04-20 21:00:58', '2017-04-20 21:00:58', '2017-04-20 21:00:58', '449a7e8b-d0c2-4aed-8001-5e633fb6f2b5'),
 ('27', NULL, 'm160114_000000_asset_sources_public_url_default_true', '2017-04-20 21:00:58', '2017-04-20 21:00:58', '2017-04-20 21:00:58', 'efe61b9c-1595-4c5e-a7aa-6b61296e5bcf'),
 ('28', NULL, 'm160223_000000_sortorder_to_smallint', '2017-04-20 21:00:58', '2017-04-20 21:00:58', '2017-04-20 21:00:58', '757087be-e0b1-4f4d-b48d-763f81943b3d'),
 ('29', NULL, 'm160229_000000_set_default_entry_statuses', '2017-04-20 21:00:58', '2017-04-20 21:00:58', '2017-04-20 21:00:58', '01d15e48-2ce2-43f5-93c8-01ace6c9f285'),
 ('30', NULL, 'm160304_000000_client_permissions', '2017-04-20 21:00:58', '2017-04-20 21:00:58', '2017-04-20 21:00:58', '4c75303a-206a-450d-b613-46d971002871'),
 ('31', NULL, 'm160322_000000_asset_filesize', '2017-04-20 21:00:58', '2017-04-20 21:00:58', '2017-04-20 21:00:58', 'e459b5db-6121-4098-a6d5-a14f73106fcb'),
 ('32', NULL, 'm160503_000000_orphaned_fieldlayouts', '2017-04-20 21:00:58', '2017-04-20 21:00:58', '2017-04-20 21:00:58', '52b49dae-e452-4449-a08d-0adee9b6c0fb'),
 ('33', NULL, 'm160510_000000_tasksettings', '2017-04-20 21:00:58', '2017-04-20 21:00:58', '2017-04-20 21:00:58', 'e8dff90f-47aa-40ed-a412-9afcdd7c0fca'),
 ('34', NULL, 'm160829_000000_pending_user_content_cleanup', '2017-04-20 21:00:58', '2017-04-20 21:00:58', '2017-04-20 21:00:58', '51854899-2b2c-4e5b-bd71-0e7e8d357226'),
 ('35', NULL, 'm160830_000000_asset_index_uri_increase', '2017-04-20 21:00:58', '2017-04-20 21:00:58', '2017-04-20 21:00:58', 'a1439d70-629e-458f-984f-6833c595020e'),
 ('36', NULL, 'm160919_000000_usergroup_handle_title_unique', '2017-04-20 21:00:58', '2017-04-20 21:00:58', '2017-04-20 21:00:58', '2d4718cd-97f1-4e6c-8cd4-3ef391372354'),
 ('37', NULL, 'm161108_000000_new_version_format', '2017-04-20 21:00:58', '2017-04-20 21:00:58', '2017-04-20 21:00:58', 'f0bb6c10-85a4-48a5-8455-be834f5a9626'),
 ('38', NULL, 'm161109_000000_index_shuffle', '2017-04-20 21:00:58', '2017-04-20 21:00:58', '2017-04-20 21:00:58', '71655034-46ab-4216-82b5-2d2da846e046');



DROP TABLE IF EXISTS `craft_plugins`;


--
-- Schema for table `craft_plugins`
--
CREATE TABLE `craft_plugins` (
  `id` int(11) NOT NULL AUTO_INCREMENT,
  `class` varchar(150) COLLATE utf8_unicode_ci NOT NULL,
  `version` varchar(15) COLLATE utf8_unicode_ci NOT NULL,
  `schemaVersion` varchar(15) COLLATE utf8_unicode_ci DEFAULT NULL,
  `licenseKey` char(24) COLLATE utf8_unicode_ci DEFAULT NULL,
  `licenseKeyStatus` enum('valid','invalid','mismatched','unknown') COLLATE utf8_unicode_ci NOT NULL DEFAULT 'unknown',
  `enabled` tinyint(1) unsigned NOT NULL DEFAULT '0',
  `settings` text COLLATE utf8_unicode_ci,
  `installDate` datetime NOT NULL,
  `dateCreated` datetime NOT NULL,
  `dateUpdated` datetime NOT NULL,
  `uid` char(36) COLLATE utf8_unicode_ci NOT NULL DEFAULT '0',
  PRIMARY KEY (`id`)
) ENGINE=InnoDB AUTO_INCREMENT=2 DEFAULT CHARSET=utf8 COLLATE=utf8_unicode_ci;

--
-- Data for table `craft_plugins`
--

INSERT INTO `craft_plugins` (`id`, `class`, `version`, `schemaVersion`, `licenseKey`, `licenseKeyStatus`, `enabled`, `settings`, `installDate`, `dateCreated`, `dateUpdated`, `uid`) VALUES
 ('1', 'InstagramFeed', '1.0.0', '1.0.0', NULL, 'unknown', '1', '{\"userId\":\"120493\",\"accessToken\":\"120493.1677ed0.45af872b7f10454f8e847602a579ba3c\"}', '2017-05-10 00:46:55', '2017-05-10 00:46:55', '2017-06-09 02:10:25', '33c613e3-8e17-4620-aac4-896f61ad9b73');



DROP TABLE IF EXISTS `craft_rackspaceaccess`;


--
-- Schema for table `craft_rackspaceaccess`
--
CREATE TABLE `craft_rackspaceaccess` (
  `id` int(11) NOT NULL AUTO_INCREMENT,
  `connectionKey` varchar(255) COLLATE utf8_unicode_ci NOT NULL,
  `token` varchar(255) COLLATE utf8_unicode_ci NOT NULL,
  `storageUrl` varchar(255) COLLATE utf8_unicode_ci NOT NULL,
  `cdnUrl` varchar(255) COLLATE utf8_unicode_ci NOT NULL,
  `dateCreated` datetime NOT NULL,
  `dateUpdated` datetime NOT NULL,
  `uid` char(36) COLLATE utf8_unicode_ci NOT NULL DEFAULT '0',
  PRIMARY KEY (`id`),
  UNIQUE KEY `craft_rackspaceaccess_connectionKey_unq_idx` (`connectionKey`)
) ENGINE=InnoDB DEFAULT CHARSET=utf8 COLLATE=utf8_unicode_ci;

DROP TABLE IF EXISTS `craft_relations`;


--
-- Schema for table `craft_relations`
--
CREATE TABLE `craft_relations` (
  `id` int(11) NOT NULL AUTO_INCREMENT,
  `fieldId` int(11) NOT NULL,
  `sourceId` int(11) NOT NULL,
  `sourceLocale` char(12) COLLATE utf8_unicode_ci DEFAULT NULL,
  `targetId` int(11) NOT NULL,
  `sortOrder` smallint(6) DEFAULT NULL,
  `dateCreated` datetime NOT NULL,
  `dateUpdated` datetime NOT NULL,
  `uid` char(36) COLLATE utf8_unicode_ci NOT NULL DEFAULT '0',
  PRIMARY KEY (`id`),
  UNIQUE KEY `craft_relations_fieldId_sourceId_sourceLocale_targetId_unq_idx` (`fieldId`,`sourceId`,`sourceLocale`,`targetId`),
  KEY `craft_relations_sourceId_fk` (`sourceId`),
  KEY `craft_relations_sourceLocale_fk` (`sourceLocale`),
  KEY `craft_relations_targetId_fk` (`targetId`)
) ENGINE=InnoDB AUTO_INCREMENT=279 DEFAULT CHARSET=utf8 COLLATE=utf8_unicode_ci;

--
-- Data for table `craft_relations`
--

INSERT INTO `craft_relations` (`id`, `fieldId`, `sourceId`, `sourceLocale`, `targetId`, `sortOrder`, `dateCreated`, `dateUpdated`, `uid`) VALUES
 ('4', '17', '8', NULL, '18', '1', '2017-05-10 23:16:36', '2017-05-10 23:16:36', '8b513e5d-07ad-47ad-996d-9aed1885c324'),
 ('9', '17', '24', NULL, '20', '1', '2017-05-10 23:29:14', '2017-05-10 23:29:14', 'fd2b9165-e1a4-4140-9019-75e81a4e3ae2'),
 ('10', '17', '22', NULL, '17', '1', '2017-05-10 23:30:06', '2017-05-10 23:30:06', '3c5f5902-eb15-4f13-abae-b167b9f0bde7'),
 ('11', '17', '12', NULL, '16', '1', '2017-05-10 23:30:42', '2017-05-10 23:30:42', 'efb1acd4-b2fd-4d92-95be-1b61bc7e6d8f'),
 ('12', '17', '10', NULL, '19', '1', '2017-05-10 23:31:11', '2017-05-10 23:31:11', 'f9973bef-1f09-4707-aaa7-e763f12767c1'),
 ('19', '21', '25', NULL, '26', '1', '2017-05-11 18:34:29', '2017-05-11 18:34:29', 'efa2bc4b-8bc4-4604-ae7f-d30f6e80510d'),
 ('20', '6', '32', NULL, '27', '1', '2017-05-11 18:34:29', '2017-05-11 18:34:29', 'fc184fd6-c214-47ab-995c-fb5619bd1283'),
 ('210', '51', '34', NULL, '112', '1', '2017-05-15 22:14:35', '2017-05-15 22:14:35', '88eb8f8e-165d-4207-b08d-2b29b2201066'),
 ('211', '51', '34', NULL, '117', '2', '2017-05-15 22:14:35', '2017-05-15 22:14:35', 'eca92b0c-c42b-4e0c-a507-604c0b6db2c7'),
 ('212', '51', '34', NULL, '120', '3', '2017-05-15 22:14:35', '2017-05-15 22:14:35', '6101d658-e20e-4d30-9729-2447beb8e43d'),
 ('213', '51', '34', NULL, '123', '4', '2017-05-15 22:14:35', '2017-05-15 22:14:35', '4db63cba-63ee-476b-a9c7-a22871982486'),
 ('214', '58', '35', NULL, '103', '1', '2017-05-15 22:14:35', '2017-05-15 22:14:35', '70f168cc-ae6e-4635-8212-7cb014f35714'),
 ('215', '58', '35', NULL, '104', '2', '2017-05-15 22:14:35', '2017-05-15 22:14:35', '056bb75c-0ad9-412a-baea-2602361ec5e6'),
 ('216', '58', '35', NULL, '105', '3', '2017-05-15 22:14:35', '2017-05-15 22:14:35', '9df66ebb-78be-43cc-a0f0-dc1d073df7c2'),
 ('217', '58', '35', NULL, '106', '4', '2017-05-15 22:14:35', '2017-05-15 22:14:35', '9a1d0089-6719-4ae9-a637-0e14608ca7f0'),
 ('218', '58', '35', NULL, '107', '5', '2017-05-15 22:14:35', '2017-05-15 22:14:35', 'f4f6d49d-f99f-46d1-a4f9-d6629e60a255'),
 ('222', '20', '123', NULL, '122', '1', '2017-05-16 00:28:43', '2017-05-16 00:28:43', '69e66f8f-73e2-46b9-8ee5-a01be3067ecc'),
 ('223', '20', '120', NULL, '119', '1', '2017-05-16 00:28:53', '2017-05-16 00:28:53', '33d582ac-85a0-4ea1-b883-32a012832bdd'),
 ('226', '21', '112', NULL, '125', '1', '2017-05-16 01:57:27', '2017-05-16 01:57:27', '80978ca2-aa17-4052-af5d-727995681674'),
 ('227', '20', '112', NULL, '111', '1', '2017-05-16 01:57:27', '2017-05-16 01:57:27', '47ec8f9f-f07b-4721-9112-47ad0124f3d4'),
 ('228', '61', '113', NULL, '126', '1', '2017-05-16 01:57:27', '2017-05-16 01:57:27', 'a151837f-3a9e-48aa-80eb-39870d4293fd'),
 ('229', '61', '113', NULL, '127', '2', '2017-05-16 01:57:27', '2017-05-16 01:57:27', 'b02fd515-c65d-4fa6-9fcd-3c26082f9615'),
 ('237', '21', '117', NULL, '128', '1', '2017-05-16 13:56:06', '2017-05-16 13:56:06', '930c3b1e-416a-4dfa-be48-2591eb5baaf1'),
 ('238', '20', '117', NULL, '116', '1', '2017-05-16 13:56:06', '2017-05-16 13:56:06', 'f2b174ff-228a-413c-b852-53153ac77564'),
 ('239', '61', '118', NULL, '130', '1', '2017-05-16 13:56:06', '2017-05-16 13:56:06', '17ef72cc-f5c8-4e11-8c50-c6c7290b7714'),
 ('240', '20', '132', NULL, '131', '1', '2017-05-16 21:32:54', '2017-05-16 21:32:54', '46120fbd-6d44-4190-9693-f0ca809076b8'),
 ('242', '52', '41', NULL, '132', '1', '2017-05-16 21:34:57', '2017-05-16 21:34:57', '83fb3cdc-00ea-4aa1-9f79-f67112434dcf'),
 ('243', '52', '41', NULL, '48', '2', '2017-05-16 21:34:57', '2017-05-16 21:34:57', 'ac181312-2804-475f-a944-9cfccfbc3447'),
 ('244', '52', '41', NULL, '135', '3', '2017-05-16 21:34:57', '2017-05-16 21:34:57', '4b3915c3-0293-4da9-a836-c98f8416d0dd'),
 ('245', '58', '47', NULL, '97', '1', '2017-05-16 21:34:57', '2017-05-16 21:34:57', '537e0c62-0526-4766-940f-778b57eab831'),
 ('246', '58', '47', NULL, '98', '2', '2017-05-16 21:34:57', '2017-05-16 21:34:57', '12d458cb-0a9c-49ec-b587-d81ee6f2b962'),
 ('247', '58', '47', NULL, '99', '3', '2017-05-16 21:34:57', '2017-05-16 21:34:57', 'f4222b76-e686-4cd0-981d-efe69e4e1ad1'),
 ('248', '58', '47', NULL, '100', '4', '2017-05-16 21:34:57', '2017-05-16 21:34:57', '934c119d-3b90-4afc-8be6-01ca6fffde92'),
 ('249', '58', '47', NULL, '101', '5', '2017-05-16 21:34:57', '2017-05-16 21:34:57', '91c5d884-7d0f-4acf-b7a6-a114f9bdfbed'),
 ('250', '58', '47', NULL, '102', '6', '2017-05-16 21:34:57', '2017-05-16 21:34:57', '89b8ecaf-6a7d-4c64-bea4-8839d55363b7'),
 ('251', '20', '135', NULL, '134', '1', '2017-05-16 21:42:15', '2017-05-16 21:42:15', '3979c1bc-3b6e-423b-9714-ba1e4566f1d1'),
 ('265', '21', '48', NULL, '49', '1', '2017-05-16 22:35:05', '2017-05-16 22:35:05', 'f153c3e9-a55c-427a-838e-dc441545d0da'),
 ('266', '20', '48', NULL, '50', '1', '2017-05-16 22:35:05', '2017-05-16 22:35:05', '24c53037-dbc6-48c5-8d0a-ffe964d85085'),
 ('267', '61', '108', NULL, '51', '1', '2017-05-16 22:35:05', '2017-05-16 22:35:05', '3853c149-e1ae-4843-a628-15486c702822'),
 ('268', '37', '140', NULL, '139', '1', '2017-05-16 22:35:05', '2017-05-16 22:35:05', '73db24aa-d765-4102-b0c9-a1eed47849b3'),
 ('269', '37', '138', NULL, '137', '1', '2017-05-16 22:35:05', '2017-05-16 22:35:05', '1df08a92-3f90-499d-b5c0-397e366635bc'),
 ('270', '37', '78', NULL, '77', '1', '2017-05-16 22:35:05', '2017-05-16 22:35:05', '4ed84383-d02e-4a7d-b0b0-37606fac221a'),
 ('271', '37', '74', NULL, '72', '1', '2017-05-16 22:35:05', '2017-05-16 22:35:05', 'de136892-2985-4a34-bf0b-c548c0080e1e'),
 ('272', '37', '74', NULL, '73', '2', '2017-05-16 22:35:05', '2017-05-16 22:35:05', 'd17f62a8-ecfa-4e29-82b0-efeb9f539f44'),
 ('273', '37', '74', NULL, '71', '3', '2017-05-16 22:35:05', '2017-05-16 22:35:05', 'ed019e77-5296-430d-94ce-36bacac6745b'),
 ('274', '37', '76', NULL, '75', '1', '2017-05-16 22:35:05', '2017-05-16 22:35:05', '021604f7-6331-4be8-86ae-3c9532329f66'),
 ('275', '37', '58', NULL, '57', '1', '2017-05-16 22:35:05', '2017-05-16 22:35:05', 'e19d593e-d208-41c0-8726-5b37cc2c4e24'),
 ('276', '37', '68', NULL, '59', '1', '2017-05-16 22:35:05', '2017-05-16 22:35:05', '54ae800f-104a-4e3b-abbf-67ca470cc6ca'),
 ('277', '37', '69', NULL, '60', '1', '2017-05-16 22:35:05', '2017-05-16 22:35:05', '2ecff4cd-16dd-485a-8281-d1c2bbabf66c'),
 ('278', '47', '56', NULL, '7', '1', '2017-05-16 22:35:05', '2017-05-16 22:35:05', '2951bc90-4fd0-4693-be05-83dfcb0e0c53');



DROP TABLE IF EXISTS `craft_routes`;


--
-- Schema for table `craft_routes`
--
CREATE TABLE `craft_routes` (
  `id` int(11) NOT NULL AUTO_INCREMENT,
  `locale` char(12) COLLATE utf8_unicode_ci DEFAULT NULL,
  `urlParts` varchar(255) COLLATE utf8_unicode_ci NOT NULL,
  `urlPattern` varchar(255) COLLATE utf8_unicode_ci NOT NULL,
  `template` varchar(255) COLLATE utf8_unicode_ci NOT NULL,
  `sortOrder` smallint(6) unsigned DEFAULT NULL,
  `dateCreated` datetime NOT NULL,
  `dateUpdated` datetime NOT NULL,
  `uid` char(36) COLLATE utf8_unicode_ci NOT NULL DEFAULT '0',
  PRIMARY KEY (`id`),
  UNIQUE KEY `craft_routes_urlPattern_unq_idx` (`urlPattern`),
  KEY `craft_routes_locale_idx` (`locale`)
) ENGINE=InnoDB DEFAULT CHARSET=utf8 COLLATE=utf8_unicode_ci;

DROP TABLE IF EXISTS `craft_searchindex`;


--
-- Schema for table `craft_searchindex`
--
CREATE TABLE `craft_searchindex` (
  `elementId` int(11) NOT NULL,
  `attribute` varchar(25) COLLATE utf8_unicode_ci NOT NULL,
  `fieldId` int(11) NOT NULL,
  `locale` char(12) COLLATE utf8_unicode_ci NOT NULL,
  `keywords` text COLLATE utf8_unicode_ci NOT NULL,
  PRIMARY KEY (`elementId`,`attribute`,`fieldId`,`locale`),
  FULLTEXT KEY `craft_searchindex_keywords_idx` (`keywords`)
) ENGINE=MyISAM DEFAULT CHARSET=utf8 COLLATE=utf8_unicode_ci;

--
-- Data for table `craft_searchindex`
--

INSERT INTO `craft_searchindex` (`elementId`, `attribute`, `fieldId`, `locale`, `keywords`) VALUES
 ('1', 'username', '0', 'en_us', ' admin '),
 ('1', 'firstname', '0', 'en_us', ''),
 ('1', 'lastname', '0', 'en_us', ''),
 ('1', 'fullname', '0', 'en_us', ''),
 ('1', 'email', '0', 'en_us', ' jgwilsondesign gmail com '),
 ('1', 'slug', '0', 'en_us', ''),
 ('2', 'slug', '0', 'en_us', ' homepage '),
 ('2', 'title', '0', 'en_us', ' i m wilson '),
 ('2', 'field', '1', 'en_us', ' i m a passionate creative based in portland oregon i build great experiences for the web and i draw all kinds of things too '),
 ('16', 'filename', '0', 'en_us', ' testimony_aaronpaulus jpg '),
 ('16', 'extension', '0', 'en_us', ' jpg '),
 ('16', 'kind', '0', 'en_us', ' image '),
 ('16', 'slug', '0', 'en_us', ' testimony aaron paulus '),
 ('18', 'filename', '0', 'en_us', ' testimony_jeanmarcledoux jpg '),
 ('18', 'extension', '0', 'en_us', ' jpg '),
 ('18', 'kind', '0', 'en_us', ' image '),
 ('18', 'slug', '0', 'en_us', ' testimony jean marc le doux '),
 ('18', 'title', '0', 'en_us', ' testimony jean marc le doux '),
 ('19', 'filename', '0', 'en_us', ' testimony_jeanmarcledoux2 jpeg '),
 ('19', 'extension', '0', 'en_us', ' jpeg '),
 ('19', 'kind', '0', 'en_us', ' image '),
 ('17', 'kind', '0', 'en_us', ' image '),
 ('17', 'slug', '0', 'en_us', ' testimony erik hansen '),
 ('17', 'title', '0', 'en_us', ' testimony erik hansen '),
 ('17', 'extension', '0', 'en_us', ' jpg '),
 ('16', 'title', '0', 'en_us', ' testimony aaron paulus '),
 ('17', 'filename', '0', 'en_us', ' testimony_erikhansen jpg '),
 ('7', 'field', '13', 'en_us', ' testimony jean marc le doux jean marc le doux indierabbit i m a huge stickler for quality and pixel perfect detail wilson delivers both on the daily not only did he design a killer rabbit no monty python joke intended mascot for our company but he did so with a dedication to the spirit of our company unparalleled in the design world he and his work are a treasure and i would without any doubt recommend him for whatever project is on your mind co founder '),
 ('7', 'slug', '0', 'en_us', ' jean marc indierabbit '),
 ('7', 'title', '0', 'en_us', ' jean marc indierabbit '),
 ('8', 'field', '14', 'en_us', ' i m a huge stickler for quality and pixel perfect detail wilson delivers both on the daily not only did he design a killer rabbit no monty python joke intended mascot for our company but he did so with a dedication to the spirit of our company unparalleled in the design world he and his work are a treasure and i would without any doubt recommend him for whatever project is on your mind '),
 ('8', 'field', '15', 'en_us', ' jean marc le doux '),
 ('8', 'field', '16', 'en_us', ' indierabbit '),
 ('8', 'field', '17', 'en_us', ' testimony jean marc le doux '),
 ('8', 'field', '18', 'en_us', ' co founder '),
 ('8', 'slug', '0', 'en_us', ''),
 ('9', 'field', '13', 'en_us', ' testimony jean marc le doux2 jean marc le doux kern family foundation a master of detail wilson brings his all to every project always looking for new ideas to take a concept deeper and deliver results above and beyond the required in our case he crafted a stunning book cover that seamlessly wove together our concepts and copy heavy title into a visual masterpiece a stellar designer illustrator and creative force without hesitation i ll tell you to book him today project lead '),
 ('9', 'slug', '0', 'en_us', ' jean marc le doux kff '),
 ('9', 'title', '0', 'en_us', ' jean marc kff '),
 ('10', 'field', '14', 'en_us', ' a master of detail wilson brings his all to every project always looking for new ideas to take a concept deeper and deliver results above and beyond the required in our case he crafted a stunning book cover that seamlessly wove together our concepts and copy heavy title into a visual masterpiece a stellar designer illustrator and creative force without hesitation i ll tell you to book him today '),
 ('10', 'field', '15', 'en_us', ' jean marc le doux '),
 ('10', 'field', '16', 'en_us', ' kern family foundation '),
 ('10', 'field', '17', 'en_us', ' testimony jean marc le doux2 '),
 ('10', 'field', '18', 'en_us', ' project lead '),
 ('10', 'slug', '0', 'en_us', ''),
 ('11', 'field', '13', 'en_us', ' testimony aaron paulus aaron paulus flood creative agency wilson has always been great to work with his positive can do attitude coupled with his creativity and rockstar skills has made him the perfect partner for a wide variety of projects including design illustration and web development founder '),
 ('11', 'slug', '0', 'en_us', ' aaron paulus flood creative '),
 ('11', 'title', '0', 'en_us', ' aaron paulus flood creative '),
 ('12', 'field', '14', 'en_us', ' wilson has always been great to work with his positive can do attitude coupled with his creativity and rockstar skills has made him the perfect partner for a wide variety of projects including design illustration and web development '),
 ('12', 'field', '15', 'en_us', ' aaron paulus '),
 ('12', 'field', '16', 'en_us', ' flood creative agency '),
 ('12', 'field', '17', 'en_us', ' testimony aaron paulus '),
 ('12', 'field', '18', 'en_us', ' founder '),
 ('12', 'slug', '0', 'en_us', ''),
 ('25', 'slug', '0', 'en_us', ' about '),
 ('25', 'title', '0', 'en_us', ' about me '),
 ('15', 'slug', '0', 'en_us', ''),
 ('15', 'field', '22', 'en_us', ''),
 ('15', 'field', '23', 'en_us', ' what s that you want to work with me awesome don t have a project but just want to say hi that s fine too just knowing you re reading this makes me happy enough to give you a digital high five so drop me a line at jgwilsondesign gmail com and i ll send that high five asap if email isn t your thing '),
 ('19', 'slug', '0', 'en_us', ' testimony jean marc le doux2 '),
 ('19', 'title', '0', 'en_us', ' testimony jean marc le doux2 '),
 ('20', 'filename', '0', 'en_us', ' testimony_lizahartman jpg '),
 ('20', 'extension', '0', 'en_us', ' jpg '),
 ('20', 'kind', '0', 'en_us', ' image '),
 ('20', 'slug', '0', 'en_us', ' testimony liza hartman '),
 ('20', 'title', '0', 'en_us', ' testimony liza hartman '),
 ('21', 'field', '13', 'en_us', ' testimony erik hansen erik hansen classy llama wilson is a really sharp developer it s rare to have a developer who also has strong design skills but wilson possesses both of those skills which allows him to approach projects holistically over the years of working with him his attention to detail resulted in many successful projects co founder '),
 ('21', 'slug', '0', 'en_us', ' erik hansen cls '),
 ('21', 'title', '0', 'en_us', ' erik hansen cls '),
 ('22', 'field', '14', 'en_us', ' wilson is a really sharp developer it s rare to have a developer who also has strong design skills but wilson possesses both of those skills which allows him to approach projects holistically over the years of working with him his attention to detail resulted in many successful projects '),
 ('22', 'field', '15', 'en_us', ' erik hansen '),
 ('22', 'field', '16', 'en_us', ' classy llama '),
 ('22', 'field', '17', 'en_us', ' testimony erik hansen '),
 ('22', 'field', '18', 'en_us', ' co founder '),
 ('22', 'slug', '0', 'en_us', ''),
 ('23', 'field', '13', 'en_us', ' testimony liza hartman liza hartman life action ministries i ve enjoyed working with wilson for custom illustration because he owns the project and has always delivered above and beyond my expectations he pays attention to detail and also to the big picture of what the art is meant to communicate art director '),
 ('23', 'slug', '0', 'en_us', ' liza hartman life action '),
 ('23', 'title', '0', 'en_us', ' liza hartman life action '),
 ('24', 'field', '14', 'en_us', ' i ve enjoyed working with wilson for custom illustration because he owns the project and has always delivered above and beyond my expectations he pays attention to detail and also to the big picture of what the art is meant to communicate '),
 ('24', 'field', '15', 'en_us', ' liza hartman '),
 ('24', 'field', '16', 'en_us', ' life action ministries '),
 ('24', 'field', '17', 'en_us', ' testimony liza hartman '),
 ('24', 'field', '18', 'en_us', ' art director '),
 ('24', 'slug', '0', 'en_us', ''),
 ('26', 'filename', '0', 'en_us', ' about me_header jpg '),
 ('26', 'extension', '0', 'en_us', ' jpg '),
 ('26', 'kind', '0', 'en_us', ' image '),
 ('26', 'slug', '0', 'en_us', ' about me header '),
 ('26', 'title', '0', 'en_us', ' about me header '),
 ('27', 'filename', '0', 'en_us', ' about me map 2 png '),
 ('27', 'extension', '0', 'en_us', ' png '),
 ('27', 'kind', '0', 'en_us', ' image '),
 ('27', 'slug', '0', 'en_us', ' about me map 2 '),
 ('27', 'title', '0', 'en_us', ' about me map 2 '),
 ('25', 'field', '21', 'en_us', ' about me header '),
 ('25', 'field', '1', 'en_us', ' ever since i could hold a crayon i ve scribbled colored and made things today i scribble and color less and illustrate design and code more '),
 ('25', 'field', '3', 'en_us', ' i m almost entirely self taught in everything i do almost that means i ve consumed a lot of video tutorials on youtube and articles all across the web i have always loved to learn new things and am a self starter learner of things at the age of 13 i made the decision that i would be a character animator when i grew up even though i might not be an animator yet i figure i m still growing up so there s still a chance lover of animation i don t read as much as i d like but i do seem to collect books so there s always something to pick from my favorite just for fun read is still ender s game by orson scott card reader of books at last count i own 351 movies and i ve seen far more than that i love movies i love the way they combine so many artistic disciplines into one final product bonus fact i ve noticed that i tend to buy more movies when i don t have netflix watcher of great films when i was a kid my dad was in the us air force that means i had the huge privilege of getting to travel the country i haven t done any traveling outside the us though except when i was born in germany while my parents were stationed there about me map 2 traveler of places '),
 ('25', 'field', '24', 'en_us', ' about me who is joseph wilson '),
 ('25', 'field', '25', 'en_us', ''),
 ('25', 'field', '26', 'en_us', '');
INSERT INTO `craft_searchindex` (`elementId`, `attribute`, `fieldId`, `locale`, `keywords`) VALUES
 ('28', 'field', '4', 'en_us', ' learner of things '),
 ('28', 'field', '5', 'en_us', ' i m almost entirely self taught in everything i do almost that means i ve consumed a lot of video tutorials on youtube and articles all across the web i have always loved to learn new things and am a self starter '),
 ('28', 'field', '6', 'en_us', ''),
 ('28', 'slug', '0', 'en_us', ''),
 ('29', 'field', '4', 'en_us', ' lover of animation '),
 ('29', 'field', '5', 'en_us', ' at the age of 13 i made the decision that i would be a character animator when i grew up even though i might not be an animator yet i figure i m still growing up so there s still a chance '),
 ('29', 'field', '6', 'en_us', ''),
 ('29', 'slug', '0', 'en_us', ''),
 ('30', 'field', '4', 'en_us', ' reader of books '),
 ('30', 'field', '5', 'en_us', ' i don t read as much as i d like but i do seem to collect books so there s always something to pick from my favorite just for fun read is still ender s game by orson scott card '),
 ('30', 'field', '6', 'en_us', ''),
 ('30', 'slug', '0', 'en_us', ''),
 ('31', 'field', '4', 'en_us', ' watcher of great films '),
 ('31', 'field', '5', 'en_us', ' at last count i own 351 movies and i ve seen far more than that i love movies i love the way they combine so many artistic disciplines into one final product bonus fact i ve noticed that i tend to buy more movies when i don t have netflix '),
 ('31', 'field', '6', 'en_us', ''),
 ('31', 'slug', '0', 'en_us', ''),
 ('32', 'field', '4', 'en_us', ' traveler of places '),
 ('32', 'field', '5', 'en_us', ' when i was a kid my dad was in the us air force that means i had the huge privilege of getting to travel the country i haven t done any traveling outside the us though except when i was born in germany while my parents were stationed there '),
 ('32', 'field', '6', 'en_us', ' about me map 2 '),
 ('32', 'slug', '0', 'en_us', ''),
 ('25', 'field', '27', 'en_us', ' i like things that look good and work well and i love to work and play by creating if you re in need of a developer designer illustrator or some combination of the three email me and let s talk i d love to hear from you '),
 ('25', 'field', '28', 'en_us', ' newsection i ve always had an eye for design and detail and that s a huge part of what makes me the successful developer and designer that i am today surprisingly it all happened by accident an entire decade ago i wanted a website to bring people together to help me work on an animation project i was doing while in high school so i built it the animation never really got anywhere but i learned enough about web development to land my first job since that day 10 years ago i ve been using refining and growing those skills continuing to learn and keep pace with the rapidly changing web and its technologies '),
 ('33', 'field', '29', 'en_us', ' i ve always had an eye for design and detail and that s a huge part of what makes me the successful developer and designer that i am today surprisingly it all happened by accident an entire decade ago i wanted a website to bring people together to help me work on an animation project i was doing while in high school so i built it the animation never really got anywhere but i learned enough about web development to land my first job since that day 10 years ago i ve been using refining and growing those skills continuing to learn and keep pace with the rapidly changing web and its technologies '),
 ('33', 'field', '30', 'en_us', ' block '),
 ('33', 'field', '31', 'en_us', ' newsection '),
 ('33', 'slug', '0', 'en_us', ''),
 ('34', 'slug', '0', 'en_us', ' web development index '),
 ('34', 'title', '0', 'en_us', ' web development '),
 ('34', 'field', '43', 'en_us', ' it started 16 years ago with a behemoth of a book1 my dad purchased on building websites with html now i build more than just websites i build experiences '),
 ('34', 'field', '51', 'en_us', ' everything kitchens benham brothers senator bob hall ohio right to life '),
 ('34', 'field', '28', 'en_us', ' newsection while i always love the challenge of learning new technologies here are the tools that i use most to develop my web projects none '),
 ('34', 'field', '44', 'en_us', ' more web development work tinythumb audimute 3 tinythumb bankmart tinythumb davidporter tinythumb gloprofessional 3 tinythumb shanalogic '),
 ('34', 'field', '40', 'en_us', ' 1 1 sams teach yourself web publishing with html and xhtml in 21 days professional reference edition '),
 ('34', 'field', '24', 'en_us', ''),
 ('34', 'field', '25', 'en_us', ''),
 ('34', 'field', '26', 'en_us', ''),
 ('35', 'field', '45', 'en_us', ' more web development work '),
 ('35', 'slug', '0', 'en_us', ''),
 ('97', 'kind', '0', 'en_us', ' image '),
 ('37', 'field', '41', 'en_us', ' 1 '),
 ('37', 'field', '42', 'en_us', ' 1 sams teach yourself web publishing with html and xhtml in 21 days professional reference edition '),
 ('37', 'slug', '0', 'en_us', ''),
 ('25', 'field', '43', 'en_us', ' ever since i could hold a crayon i ve scribbled colored and made things today i scribble and color less and illustrate design and code more '),
 ('2', 'field', '43', 'en_us', ' i m a passionate creative based in portland oregon i build great experiences for the web and i draw all kinds of things too '),
 ('2', 'field', '28', 'en_us', ' newsection i ve been a professional web designer and front end developer for ten years and illustration and the art of making things look good have been a passion of mine my entire life here are a few of the tools i use to get the job done none none check out the about page to learn more '),
 ('2', 'field', '24', 'en_us', ''),
 ('2', 'field', '25', 'en_us', ''),
 ('2', 'field', '26', 'en_us', ''),
 ('38', 'field', '29', 'en_us', ' i ve been a professional web designer and front end developer for ten years and illustration and the art of making things look good have been a passion of mine my entire life here are a few of the tools i use to get the job done '),
 ('38', 'field', '31', 'en_us', ' newsection '),
 ('38', 'slug', '0', 'en_us', ''),
 ('39', 'field', '39', 'en_us', ''),
 ('39', 'field', '49', 'en_us', ' none '),
 ('39', 'slug', '0', 'en_us', ''),
 ('40', 'field', '29', 'en_us', ' check out the about page to learn more '),
 ('40', 'field', '31', 'en_us', ' none '),
 ('40', 'slug', '0', 'en_us', ''),
 ('41', 'slug', '0', 'en_us', ' illustration index '),
 ('41', 'title', '0', 'en_us', ' illustration '),
 ('41', 'field', '43', 'en_us', ' as an artist i m mostly inspired by classic disney animation and comic book art but i love so many styles and enjoy the challenge of meeting my client s needs no matter the style '),
 ('41', 'field', '52', 'en_us', ' revive magazine indierabbit made to flourish '),
 ('41', 'field', '28', 'en_us', ' newsection aside from the occasional use of pencil and paper i m a full fledged digital artist producing the bulk of my work on the computer using these programs and tools none '),
 ('41', 'field', '44', 'en_us', ' more sketches and works in progress tinythumb chrispine tinythumb darkwingduck tinythumb jamiehyneman 2 tinythumb martinfreeman tinythumb merlin 1 tinythumb mikey wip '),
 ('41', 'field', '40', 'en_us', ''),
 ('41', 'field', '24', 'en_us', ''),
 ('41', 'field', '25', 'en_us', ''),
 ('41', 'field', '26', 'en_us', ''),
 ('47', 'slug', '0', 'en_us', ''),
 ('48', 'field', '8', 'en_us', ' indierabbit indie rabbit logo characterdesign illustration indierabbit was a small web startup that offered a unique distribution platform for independent filmmakers and their audience members it was my task to design a mascot for the company as well as to produce several illustrations for their marketing materials and site '),
 ('48', 'field', '28', 'en_us', ' none character design there is always more to it than what s directly on the surface when designing this character for example it s not just a matter of drawing a rabbit you have to understand the personality of the character you re trying to create and in the case of a mascot that personality becomes or represents the personality of the whole company right at the start of the project the team at indierabbit wanted a character that was a classy cool and relatable rabbit that is a bit human in a classic graphic cartoon style none even with all of the concept sketches i did i still hadn t quite figured out the character who we officially named indy rabbit it wasn t until i started experimenting with facial expressions and refining from there that i really got a feel for who he is none once i had the face it s like the body naturally drew itself from there after a few minor tweaks it was time to start creating some costumes indy rabbit final character designs none wide none before landing on a living breathing character with life and personality indy rabbit wardrobe none block none website illustrations obviously the goal in designing indy was to use him in marketing and that meant illustrations indie rabbit director none block indie rabbit salespitch2 indie rabbit salespitch3 indie rabbit salespitch1 none wide none but not all illustrations are created equal the final illustration i completed was a large banner that they wanted to use as the first thing people saw when visiting the site this single piece was really the culmination of everything i had done leading up to it so i started it off with a teeny tiny thumbnail based on the direction i had received fortunately for me jean marc the co founder and president of the company was fantastic at giving direction he knew what he wanted and gave me just enough freedom to make this one of my favorite projects of all time so far indie rabbit firstconcept none block none from there it was on to the illustration indie rabbit process none block none the process was grueling the tassels and carrots took what seemed an eternity to finish and while the pencil stage is my favorite i will never forget how sore my hand was from the endless hours of thoughtfully placing each line but the results were worth every effort indie rabbit final pencils none full indie rabbit final none full none it took several weeks to create this one piece from start to finish good thing i did it digitally or else i would have been waiting for paint to dry and who knows how long that would have taken all in all this was an amazing project and i feel so privileged and blessed to have worked with such awesome people none jean marc indierabbit '),
 ('48', 'field', '24', 'en_us', ''),
 ('48', 'field', '25', 'en_us', ''),
 ('47', 'field', '45', 'en_us', ' more sketches and works in progress '),
 ('48', 'field', '20', 'en_us', ' indie rabbit thumbnail '),
 ('48', 'field', '21', 'en_us', ' indie rabbit header '),
 ('45', 'field', '29', 'en_us', ' aside from the occasional use of pencil and paper i m a full fledged digital artist producing the bulk of my work on the computer using these programs and tools '),
 ('45', 'field', '31', 'en_us', ' newsection '),
 ('45', 'slug', '0', 'en_us', ''),
 ('46', 'field', '39', 'en_us', ''),
 ('46', 'field', '49', 'en_us', ' none '),
 ('46', 'slug', '0', 'en_us', ''),
 ('48', 'field', '26', 'en_us', ''),
 ('48', 'slug', '0', 'en_us', ' indierabbit '),
 ('48', 'title', '0', 'en_us', ' indierabbit '),
 ('49', 'filename', '0', 'en_us', ' indie_rabbit_header jpg '),
 ('49', 'extension', '0', 'en_us', ' jpg '),
 ('49', 'kind', '0', 'en_us', ' image '),
 ('49', 'slug', '0', 'en_us', ' indie rabbit header '),
 ('49', 'title', '0', 'en_us', ' indie rabbit header '),
 ('50', 'filename', '0', 'en_us', ' indie_rabbit_thumbnail jpg '),
 ('50', 'extension', '0', 'en_us', ' jpg '),
 ('50', 'kind', '0', 'en_us', ' image '),
 ('50', 'slug', '0', 'en_us', ' indie rabbit thumbnail '),
 ('50', 'title', '0', 'en_us', ' indie rabbit thumbnail '),
 ('51', 'filename', '0', 'en_us', ' indie_rabbit_logo png '),
 ('51', 'extension', '0', 'en_us', ' png '),
 ('51', 'kind', '0', 'en_us', ' image '),
 ('51', 'slug', '0', 'en_us', ' indie rabbit logo '),
 ('51', 'title', '0', 'en_us', ' indie rabbit logo '),
 ('48', 'field', '53', 'en_us', ' indierabbit ');
INSERT INTO `craft_searchindex` (`elementId`, `attribute`, `fieldId`, `locale`, `keywords`) VALUES
 ('48', 'field', '54', 'en_us', ' indie rabbit logo '),
 ('48', 'field', '56', 'en_us', ' characterdesign illustration '),
 ('48', 'field', '55', 'en_us', ' indierabbit was a small web startup that offered a unique distribution platform for independent filmmakers and their audience members it was my task to design a mascot for the company as well as to produce several illustrations for their marketing materials and site '),
 ('55', 'field', '29', 'en_us', ' character design there is always more to it than what s directly on the surface when designing this character for example it s not just a matter of drawing a rabbit you have to understand the personality of the character you re trying to create and in the case of a mascot that personality becomes or represents the personality of the whole company right at the start of the project the team at indierabbit wanted a character that was a classy cool and relatable rabbit that is a bit human in a classic graphic cartoon style '),
 ('55', 'field', '31', 'en_us', ' none '),
 ('55', 'slug', '0', 'en_us', ''),
 ('56', 'field', '47', 'en_us', ' jean marc indierabbit '),
 ('56', 'field', '50', 'en_us', ' none '),
 ('56', 'slug', '0', 'en_us', ''),
 ('57', 'filename', '0', 'en_us', ' indie_rabbit_process gif '),
 ('57', 'extension', '0', 'en_us', ' gif '),
 ('57', 'kind', '0', 'en_us', ' image '),
 ('57', 'slug', '0', 'en_us', ' indie rabbit process '),
 ('57', 'title', '0', 'en_us', ' indie rabbit process '),
 ('57', 'field', '57', 'en_us', ''),
 ('58', 'field', '37', 'en_us', ' indie rabbit process '),
 ('58', 'field', '38', 'en_us', ' block '),
 ('58', 'field', '48', 'en_us', ' none '),
 ('58', 'slug', '0', 'en_us', ''),
 ('59', 'field', '57', 'en_us', ' the finished digital pencils '),
 ('59', 'filename', '0', 'en_us', ' indie_rabbit_final_pencils png '),
 ('59', 'extension', '0', 'en_us', ' png '),
 ('59', 'kind', '0', 'en_us', ' image '),
 ('59', 'slug', '0', 'en_us', ' indie rabbit final pencils '),
 ('59', 'title', '0', 'en_us', ' indie rabbit final pencils '),
 ('60', 'field', '57', 'en_us', ' tada the finished digital illustration completed '),
 ('60', 'filename', '0', 'en_us', ' indie_rabbit_final jpg '),
 ('60', 'extension', '0', 'en_us', ' jpg '),
 ('60', 'kind', '0', 'en_us', ' image '),
 ('60', 'slug', '0', 'en_us', ' indie rabbit final '),
 ('60', 'title', '0', 'en_us', ' indie rabbit final '),
 ('61', 'field', '29', 'en_us', ' even with all of the concept sketches i did i still hadn t quite figured out the character who we officially named indy rabbit it wasn t until i started experimenting with facial expressions and refining from there that i really got a feel for who he is '),
 ('61', 'field', '31', 'en_us', ' none '),
 ('61', 'slug', '0', 'en_us', ''),
 ('62', 'field', '29', 'en_us', ' once i had the face it s like the body naturally drew itself from there after a few minor tweaks it was time to start creating some costumes '),
 ('62', 'field', '31', 'en_us', ' none '),
 ('62', 'slug', '0', 'en_us', ''),
 ('63', 'field', '29', 'en_us', ' before landing on a living breathing character with life and personality '),
 ('63', 'field', '31', 'en_us', ' none '),
 ('63', 'slug', '0', 'en_us', ''),
 ('64', 'field', '29', 'en_us', ' website illustrations obviously the goal in designing indy was to use him in marketing and that meant illustrations '),
 ('64', 'field', '31', 'en_us', ' none '),
 ('64', 'slug', '0', 'en_us', ''),
 ('65', 'field', '29', 'en_us', ' but not all illustrations are created equal the final illustration i completed was a large banner that they wanted to use as the first thing people saw when visiting the site this single piece was really the culmination of everything i had done leading up to it so i started it off with a teeny tiny thumbnail based on the direction i had received fortunately for me jean marc the co founder and president of the company was fantastic at giving direction he knew what he wanted and gave me just enough freedom to make this one of my favorite projects of all time so far '),
 ('65', 'field', '31', 'en_us', ' none '),
 ('65', 'slug', '0', 'en_us', ''),
 ('66', 'field', '29', 'en_us', ' from there it was on to the illustration '),
 ('66', 'field', '31', 'en_us', ' none '),
 ('66', 'slug', '0', 'en_us', ''),
 ('67', 'field', '29', 'en_us', ' the process was grueling the tassels and carrots took what seemed an eternity to finish and while the pencil stage is my favorite i will never forget how sore my hand was from the endless hours of thoughtfully placing each line but the results were worth every effort '),
 ('67', 'field', '31', 'en_us', ' none '),
 ('67', 'slug', '0', 'en_us', ''),
 ('68', 'field', '37', 'en_us', ' indie rabbit final pencils '),
 ('68', 'field', '38', 'en_us', ' full '),
 ('68', 'field', '48', 'en_us', ' none '),
 ('68', 'slug', '0', 'en_us', ''),
 ('69', 'field', '37', 'en_us', ' indie rabbit final '),
 ('69', 'field', '38', 'en_us', ' full '),
 ('69', 'field', '48', 'en_us', ' none '),
 ('69', 'slug', '0', 'en_us', ''),
 ('70', 'field', '29', 'en_us', ' it took several weeks to create this one piece from start to finish good thing i did it digitally or else i would have been waiting for paint to dry and who knows how long that would have taken all in all this was an amazing project and i feel so privileged and blessed to have worked with such awesome people '),
 ('70', 'field', '31', 'en_us', ' none '),
 ('70', 'slug', '0', 'en_us', ''),
 ('71', 'field', '57', 'en_us', ''),
 ('71', 'filename', '0', 'en_us', ' indie_rabbit_salespitch1 jpg '),
 ('71', 'extension', '0', 'en_us', ' jpg '),
 ('71', 'kind', '0', 'en_us', ' image '),
 ('71', 'slug', '0', 'en_us', ' indie rabbit salespitch1 '),
 ('71', 'title', '0', 'en_us', ' indie rabbit salespitch1 '),
 ('72', 'field', '57', 'en_us', ''),
 ('72', 'filename', '0', 'en_us', ' indie_rabbit_salespitch2 jpg '),
 ('72', 'extension', '0', 'en_us', ' jpg '),
 ('72', 'kind', '0', 'en_us', ' image '),
 ('72', 'slug', '0', 'en_us', ' indie rabbit salespitch2 '),
 ('72', 'title', '0', 'en_us', ' indie rabbit salespitch2 '),
 ('73', 'field', '57', 'en_us', ''),
 ('73', 'filename', '0', 'en_us', ' indie_rabbit_salespitch3 jpg '),
 ('73', 'extension', '0', 'en_us', ' jpg '),
 ('73', 'kind', '0', 'en_us', ' image '),
 ('73', 'slug', '0', 'en_us', ' indie rabbit salespitch3 '),
 ('73', 'title', '0', 'en_us', ' indie rabbit salespitch3 '),
 ('74', 'field', '37', 'en_us', ' indie rabbit salespitch2 indie rabbit salespitch3 indie rabbit salespitch1 '),
 ('74', 'field', '38', 'en_us', ' wide '),
 ('74', 'field', '48', 'en_us', ' none '),
 ('74', 'slug', '0', 'en_us', ''),
 ('75', 'field', '57', 'en_us', ''),
 ('75', 'filename', '0', 'en_us', ' indie_rabbit_firstconcept png '),
 ('75', 'extension', '0', 'en_us', ' png '),
 ('75', 'kind', '0', 'en_us', ' image '),
 ('75', 'slug', '0', 'en_us', ' indie rabbit firstconcept '),
 ('75', 'title', '0', 'en_us', ' indie rabbit firstconcept '),
 ('76', 'field', '37', 'en_us', ' indie rabbit firstconcept '),
 ('76', 'field', '38', 'en_us', ' block '),
 ('76', 'field', '48', 'en_us', ' none '),
 ('76', 'slug', '0', 'en_us', ''),
 ('77', 'field', '57', 'en_us', ''),
 ('77', 'filename', '0', 'en_us', ' indie_rabbit_director png '),
 ('77', 'extension', '0', 'en_us', ' png '),
 ('77', 'kind', '0', 'en_us', ' image '),
 ('77', 'slug', '0', 'en_us', ' indie rabbit director ');
INSERT INTO `craft_searchindex` (`elementId`, `attribute`, `fieldId`, `locale`, `keywords`) VALUES
 ('77', 'title', '0', 'en_us', ' indie rabbit director '),
 ('78', 'field', '37', 'en_us', ' indie rabbit director '),
 ('78', 'field', '38', 'en_us', ' block '),
 ('78', 'field', '48', 'en_us', ' none '),
 ('78', 'slug', '0', 'en_us', ''),
 ('79', 'field', '57', 'en_us', ''),
 ('79', 'filename', '0', 'en_us', ' tinythumb_bankmart jpg '),
 ('79', 'extension', '0', 'en_us', ' jpg '),
 ('79', 'kind', '0', 'en_us', ' image '),
 ('79', 'slug', '0', 'en_us', ' tinythumb bankmart '),
 ('79', 'title', '0', 'en_us', ' tinythumb bankmart '),
 ('80', 'field', '57', 'en_us', ''),
 ('80', 'filename', '0', 'en_us', ' tinythumb_chrispine jpg '),
 ('80', 'extension', '0', 'en_us', ' jpg '),
 ('80', 'kind', '0', 'en_us', ' image '),
 ('80', 'slug', '0', 'en_us', ' tinythumb chrispine '),
 ('80', 'title', '0', 'en_us', ' tinythumb chrispine '),
 ('81', 'field', '57', 'en_us', ''),
 ('81', 'filename', '0', 'en_us', ' tinythumb_darkwingduck jpg '),
 ('81', 'extension', '0', 'en_us', ' jpg '),
 ('81', 'kind', '0', 'en_us', ' image '),
 ('81', 'slug', '0', 'en_us', ' tinythumb darkwingduck '),
 ('81', 'title', '0', 'en_us', ' tinythumb darkwingduck '),
 ('82', 'field', '57', 'en_us', ''),
 ('82', 'filename', '0', 'en_us', ' tinythumb_davidporter jpg '),
 ('82', 'extension', '0', 'en_us', ' jpg '),
 ('82', 'kind', '0', 'en_us', ' image '),
 ('82', 'slug', '0', 'en_us', ' tinythumb davidporter '),
 ('82', 'title', '0', 'en_us', ' tinythumb davidporter '),
 ('83', 'field', '57', 'en_us', ''),
 ('83', 'filename', '0', 'en_us', ' tinythumb_martinfreeman png '),
 ('83', 'extension', '0', 'en_us', ' png '),
 ('83', 'kind', '0', 'en_us', ' image '),
 ('83', 'slug', '0', 'en_us', ' tinythumb martinfreeman '),
 ('83', 'title', '0', 'en_us', ' tinythumb martinfreeman '),
 ('84', 'field', '57', 'en_us', ''),
 ('84', 'filename', '0', 'en_us', ' tinythumb_merlin_1 jpg '),
 ('84', 'extension', '0', 'en_us', ' jpg '),
 ('84', 'kind', '0', 'en_us', ' image '),
 ('84', 'slug', '0', 'en_us', ' tinythumb merlin 1 '),
 ('84', 'title', '0', 'en_us', ' tinythumb merlin 1 '),
 ('85', 'field', '57', 'en_us', ''),
 ('85', 'filename', '0', 'en_us', ' tinythumb_mikey_wip jpg '),
 ('85', 'extension', '0', 'en_us', ' jpg '),
 ('85', 'kind', '0', 'en_us', ' image '),
 ('85', 'slug', '0', 'en_us', ' tinythumb mikey wip '),
 ('85', 'title', '0', 'en_us', ' tinythumb mikey wip '),
 ('86', 'field', '57', 'en_us', ''),
 ('86', 'filename', '0', 'en_us', ' tinythumb_shanalogic jpg '),
 ('86', 'extension', '0', 'en_us', ' jpg '),
 ('86', 'kind', '0', 'en_us', ' image '),
 ('86', 'slug', '0', 'en_us', ' tinythumb shanalogic '),
 ('86', 'title', '0', 'en_us', ' tinythumb shanalogic '),
 ('87', 'field', '57', 'en_us', ''),
 ('87', 'filename', '0', 'en_us', ' tinythumb_audimute_3 jpg '),
 ('87', 'extension', '0', 'en_us', ' jpg '),
 ('87', 'kind', '0', 'en_us', ' image '),
 ('87', 'slug', '0', 'en_us', ' tinythumb audimute 3 '),
 ('87', 'title', '0', 'en_us', ' tinythumb audimute 3 '),
 ('88', 'field', '57', 'en_us', ''),
 ('88', 'filename', '0', 'en_us', ' tinythumb_gloprofessional_3 jpg '),
 ('88', 'extension', '0', 'en_us', ' jpg '),
 ('88', 'kind', '0', 'en_us', ' image '),
 ('88', 'slug', '0', 'en_us', ' tinythumb gloprofessional 3 '),
 ('88', 'title', '0', 'en_us', ' tinythumb gloprofessional 3 '),
 ('89', 'field', '57', 'en_us', ''),
 ('89', 'filename', '0', 'en_us', ' tinythumb_jamiehyneman_2 jpg '),
 ('89', 'extension', '0', 'en_us', ' jpg '),
 ('89', 'kind', '0', 'en_us', ' image '),
 ('89', 'slug', '0', 'en_us', ' tinythumb jamiehyneman 2 '),
 ('89', 'title', '0', 'en_us', ' tinythumb jamiehyneman 2 '),
 ('97', 'slug', '0', 'en_us', ' tinythumb chrispine '),
 ('97', 'title', '0', 'en_us', ' tinythumb chrispine '),
 ('90', 'field', '57', 'en_us', ''),
 ('90', 'filename', '0', 'en_us', ' tinythumb_chrispine jpg '),
 ('90', 'extension', '0', 'en_us', ' jpg '),
 ('90', 'kind', '0', 'en_us', ' image '),
 ('90', 'slug', '0', 'en_us', ' tinythumb chrispine '),
 ('90', 'title', '0', 'en_us', ' tinythumb chrispine '),
 ('91', 'field', '57', 'en_us', ''),
 ('91', 'filename', '0', 'en_us', ' tinythumb_darkwingduck jpg '),
 ('91', 'extension', '0', 'en_us', ' jpg '),
 ('91', 'kind', '0', 'en_us', ' image '),
 ('91', 'slug', '0', 'en_us', ' tinythumb darkwingduck '),
 ('91', 'title', '0', 'en_us', ' tinythumb darkwingduck '),
 ('92', 'field', '57', 'en_us', ''),
 ('92', 'filename', '0', 'en_us', ' tinythumb_jamiehyneman_2 jpg '),
 ('92', 'extension', '0', 'en_us', ' jpg '),
 ('92', 'kind', '0', 'en_us', ' image '),
 ('92', 'slug', '0', 'en_us', ' tinythumb jamiehyneman 2 '),
 ('92', 'title', '0', 'en_us', ' tinythumb jamiehyneman 2 '),
 ('93', 'field', '57', 'en_us', ''),
 ('93', 'filename', '0', 'en_us', ' tinythumb_martinfreeman png '),
 ('93', 'extension', '0', 'en_us', ' png '),
 ('93', 'kind', '0', 'en_us', ' image '),
 ('93', 'slug', '0', 'en_us', ' tinythumb martinfreeman '),
 ('93', 'title', '0', 'en_us', ' tinythumb martinfreeman '),
 ('94', 'field', '57', 'en_us', ''),
 ('94', 'filename', '0', 'en_us', ' tinythumb_merlin_1 jpg '),
 ('94', 'extension', '0', 'en_us', ' jpg ');
INSERT INTO `craft_searchindex` (`elementId`, `attribute`, `fieldId`, `locale`, `keywords`) VALUES
 ('94', 'kind', '0', 'en_us', ' image '),
 ('94', 'slug', '0', 'en_us', ' tinythumb merlin 1 '),
 ('94', 'title', '0', 'en_us', ' tinythumb merlin 1 '),
 ('95', 'field', '57', 'en_us', ''),
 ('95', 'filename', '0', 'en_us', ' tinythumb_mikey_wip jpg '),
 ('95', 'extension', '0', 'en_us', ' jpg '),
 ('95', 'kind', '0', 'en_us', ' image '),
 ('95', 'slug', '0', 'en_us', ' tinythumb mikey wip '),
 ('95', 'title', '0', 'en_us', ' tinythumb mikey wip '),
 ('97', 'filename', '0', 'en_us', ' tinythumb_chrispine jpg '),
 ('97', 'extension', '0', 'en_us', ' jpg '),
 ('97', 'field', '57', 'en_us', ''),
 ('98', 'field', '57', 'en_us', ''),
 ('98', 'filename', '0', 'en_us', ' tinythumb_darkwingduck jpg '),
 ('98', 'extension', '0', 'en_us', ' jpg '),
 ('98', 'kind', '0', 'en_us', ' image '),
 ('98', 'slug', '0', 'en_us', ' tinythumb darkwingduck '),
 ('98', 'title', '0', 'en_us', ' tinythumb darkwingduck '),
 ('99', 'field', '57', 'en_us', ''),
 ('99', 'filename', '0', 'en_us', ' tinythumb_jamiehyneman_2 jpg '),
 ('99', 'extension', '0', 'en_us', ' jpg '),
 ('99', 'kind', '0', 'en_us', ' image '),
 ('99', 'slug', '0', 'en_us', ' tinythumb jamiehyneman 2 '),
 ('99', 'title', '0', 'en_us', ' tinythumb jamiehyneman 2 '),
 ('100', 'field', '57', 'en_us', ''),
 ('100', 'filename', '0', 'en_us', ' tinythumb_martinfreeman png '),
 ('100', 'extension', '0', 'en_us', ' png '),
 ('100', 'kind', '0', 'en_us', ' image '),
 ('100', 'slug', '0', 'en_us', ' tinythumb martinfreeman '),
 ('100', 'title', '0', 'en_us', ' tinythumb martinfreeman '),
 ('101', 'field', '57', 'en_us', ''),
 ('101', 'filename', '0', 'en_us', ' tinythumb_merlin_1 jpg '),
 ('101', 'extension', '0', 'en_us', ' jpg '),
 ('101', 'kind', '0', 'en_us', ' image '),
 ('101', 'slug', '0', 'en_us', ' tinythumb merlin 1 '),
 ('101', 'title', '0', 'en_us', ' tinythumb merlin 1 '),
 ('102', 'field', '57', 'en_us', ''),
 ('102', 'filename', '0', 'en_us', ' tinythumb_mikey_wip jpg '),
 ('102', 'extension', '0', 'en_us', ' jpg '),
 ('102', 'kind', '0', 'en_us', ' image '),
 ('102', 'slug', '0', 'en_us', ' tinythumb mikey wip '),
 ('102', 'title', '0', 'en_us', ' tinythumb mikey wip '),
 ('47', 'field', '58', 'en_us', ' tinythumb chrispine tinythumb darkwingduck tinythumb jamiehyneman 2 tinythumb martinfreeman tinythumb merlin 1 tinythumb mikey wip '),
 ('103', 'field', '57', 'en_us', ''),
 ('103', 'filename', '0', 'en_us', ' tinythumb_audimute_3 jpg '),
 ('103', 'extension', '0', 'en_us', ' jpg '),
 ('103', 'kind', '0', 'en_us', ' image '),
 ('103', 'slug', '0', 'en_us', ' tinythumb audimute 3 '),
 ('103', 'title', '0', 'en_us', ' tinythumb audimute 3 '),
 ('104', 'field', '57', 'en_us', ''),
 ('104', 'filename', '0', 'en_us', ' tinythumb_bankmart jpg '),
 ('104', 'extension', '0', 'en_us', ' jpg '),
 ('104', 'kind', '0', 'en_us', ' image '),
 ('104', 'slug', '0', 'en_us', ' tinythumb bankmart '),
 ('104', 'title', '0', 'en_us', ' tinythumb bankmart '),
 ('105', 'field', '57', 'en_us', ''),
 ('105', 'filename', '0', 'en_us', ' tinythumb_davidporter jpg '),
 ('105', 'extension', '0', 'en_us', ' jpg '),
 ('105', 'kind', '0', 'en_us', ' image '),
 ('105', 'slug', '0', 'en_us', ' tinythumb davidporter '),
 ('105', 'title', '0', 'en_us', ' tinythumb davidporter '),
 ('106', 'field', '57', 'en_us', ''),
 ('106', 'filename', '0', 'en_us', ' tinythumb_gloprofessional_3 jpg '),
 ('106', 'extension', '0', 'en_us', ' jpg '),
 ('106', 'kind', '0', 'en_us', ' image '),
 ('106', 'slug', '0', 'en_us', ' tinythumb gloprofessional 3 '),
 ('106', 'title', '0', 'en_us', ' tinythumb gloprofessional 3 '),
 ('107', 'field', '57', 'en_us', ''),
 ('107', 'filename', '0', 'en_us', ' tinythumb_shanalogic jpg '),
 ('107', 'extension', '0', 'en_us', ' jpg '),
 ('107', 'kind', '0', 'en_us', ' image '),
 ('107', 'slug', '0', 'en_us', ' tinythumb shanalogic '),
 ('107', 'title', '0', 'en_us', ' tinythumb shanalogic '),
 ('35', 'field', '58', 'en_us', ' tinythumb audimute 3 tinythumb bankmart tinythumb davidporter tinythumb gloprofessional 3 tinythumb shanalogic '),
 ('48', 'field', '59', 'en_us', ' indie rabbit logo indierabbit characterdesign illustration indierabbit was a small web startup that offered a unique distribution platform for independent filmmakers and their audience members it was my task to design a mascot for the company as well as to produce several illustrations for their marketing materials and site '),
 ('108', 'field', '60', 'en_us', ' indierabbit '),
 ('108', 'field', '61', 'en_us', ' indie rabbit logo '),
 ('108', 'field', '62', 'en_us', ' characterdesign illustration '),
 ('108', 'field', '63', 'en_us', ' indierabbit was a small web startup that offered a unique distribution platform for independent filmmakers and their audience members it was my task to design a mascot for the company as well as to produce several illustrations for their marketing materials and site '),
 ('108', 'slug', '0', 'en_us', ''),
 ('41', 'field', '64', 'en_us', ' find my latest doodles drawings designs on instagram 1 '),
 ('109', 'field', '65', 'en_us', ' find my latest doodles drawings designs on instagram '),
 ('109', 'field', '66', 'en_us', ' 1 '),
 ('109', 'slug', '0', 'en_us', ''),
 ('2', 'field', '64', 'en_us', ' my latest adventures on instagram 1 '),
 ('110', 'field', '65', 'en_us', ' my latest adventures on instagram '),
 ('110', 'field', '66', 'en_us', ' 1 '),
 ('110', 'slug', '0', 'en_us', ''),
 ('111', 'field', '57', 'en_us', ''),
 ('111', 'filename', '0', 'en_us', ' everythingkitchensthumbnail_3 jpg '),
 ('111', 'extension', '0', 'en_us', ' jpg '),
 ('111', 'kind', '0', 'en_us', ' image '),
 ('111', 'slug', '0', 'en_us', ' everything kitchens thumbnail 3 '),
 ('111', 'title', '0', 'en_us', ' everything kitchens '),
 ('112', 'field', '21', 'en_us', ' everything kitchens header '),
 ('112', 'field', '20', 'en_us', ' everything kitchens '),
 ('112', 'field', '59', 'en_us', ' everything kitchens logo everything kitchens logo 2x everything kitchens frontenddevelopment magento ecommerce this project is the largest magento e commerce build of my career so far with an offering of over 200 different brands and thousands of products already in their inventory the everything kitchens site took almost an entire year to complete simply because of its scale https www everythingkitchens com '),
 ('112', 'field', '28', 'en_us', ''),
 ('112', 'field', '24', 'en_us', ''),
 ('112', 'field', '25', 'en_us', '');
INSERT INTO `craft_searchindex` (`elementId`, `attribute`, `fieldId`, `locale`, `keywords`) VALUES
 ('112', 'field', '26', 'en_us', ''),
 ('112', 'slug', '0', 'en_us', ' everything kitchens '),
 ('112', 'title', '0', 'en_us', ' everything kitchens '),
 ('113', 'field', '60', 'en_us', ' everything kitchens '),
 ('113', 'field', '61', 'en_us', ' everything kitchens logo everything kitchens logo 2x '),
 ('113', 'field', '62', 'en_us', ' frontenddevelopment magento ecommerce '),
 ('113', 'field', '63', 'en_us', ' this project is the largest magento e commerce build of my career so far with an offering of over 200 different brands and thousands of products already in their inventory the everything kitchens site took almost an entire year to complete simply because of its scale '),
 ('113', 'slug', '0', 'en_us', ''),
 ('114', 'field', '29', 'en_us', ' while i always love the challenge of learning new technologies here are the tools that i use most to develop my web projects '),
 ('114', 'field', '31', 'en_us', ' newsection '),
 ('114', 'slug', '0', 'en_us', ''),
 ('115', 'field', '39', 'en_us', ''),
 ('115', 'field', '49', 'en_us', ' none '),
 ('115', 'slug', '0', 'en_us', ''),
 ('116', 'field', '57', 'en_us', ''),
 ('116', 'filename', '0', 'en_us', ' benham_brothers_thumbnail_1 jpg '),
 ('116', 'extension', '0', 'en_us', ' jpg '),
 ('116', 'kind', '0', 'en_us', ' image '),
 ('116', 'slug', '0', 'en_us', ' benham brothers thumbnail 1 '),
 ('116', 'title', '0', 'en_us', ' benham brothers '),
 ('117', 'field', '21', 'en_us', ' benham brothers header '),
 ('117', 'field', '20', 'en_us', ' benham brothers '),
 ('117', 'field', '59', 'en_us', ' benham brothers logo benham brothers frontenddevelopment wordpress http benhambrothers com '),
 ('117', 'field', '28', 'en_us', ''),
 ('117', 'field', '24', 'en_us', ''),
 ('117', 'field', '25', 'en_us', ''),
 ('117', 'field', '26', 'en_us', ''),
 ('117', 'slug', '0', 'en_us', ' benham brothers '),
 ('117', 'title', '0', 'en_us', ' benham brothers '),
 ('118', 'field', '60', 'en_us', ' benham brothers '),
 ('118', 'field', '61', 'en_us', ' benham brothers logo '),
 ('118', 'field', '62', 'en_us', ' frontenddevelopment wordpress '),
 ('118', 'field', '63', 'en_us', ''),
 ('118', 'slug', '0', 'en_us', ''),
 ('118', 'field', '67', 'en_us', ' http benhambrothers com '),
 ('113', 'field', '67', 'en_us', ' https www everythingkitchens com '),
 ('119', 'field', '57', 'en_us', ''),
 ('119', 'filename', '0', 'en_us', ' bob_hall_thumbnail_1 jpg '),
 ('119', 'extension', '0', 'en_us', ' jpg '),
 ('119', 'kind', '0', 'en_us', ' image '),
 ('119', 'slug', '0', 'en_us', ' bob hall thumbnail 1 '),
 ('119', 'title', '0', 'en_us', ' senator bob hall '),
 ('120', 'field', '21', 'en_us', ''),
 ('120', 'field', '20', 'en_us', ' senator bob hall '),
 ('120', 'field', '59', 'en_us', ' senator bob hall frontenddevelopment wordpress http senatorbobhall com '),
 ('120', 'field', '28', 'en_us', ''),
 ('120', 'field', '24', 'en_us', ''),
 ('120', 'field', '25', 'en_us', ''),
 ('120', 'field', '26', 'en_us', ''),
 ('120', 'slug', '0', 'en_us', ' senator bob hall '),
 ('120', 'title', '0', 'en_us', ' senator bob hall '),
 ('121', 'field', '60', 'en_us', ' senator bob hall '),
 ('121', 'field', '67', 'en_us', ' http senatorbobhall com '),
 ('121', 'field', '61', 'en_us', ''),
 ('121', 'field', '62', 'en_us', ' frontenddevelopment wordpress '),
 ('121', 'field', '63', 'en_us', ''),
 ('121', 'slug', '0', 'en_us', ''),
 ('122', 'field', '57', 'en_us', ''),
 ('122', 'filename', '0', 'en_us', ' ohio_life_thumbnail_2 jpg '),
 ('122', 'extension', '0', 'en_us', ' jpg '),
 ('122', 'kind', '0', 'en_us', ' image '),
 ('122', 'slug', '0', 'en_us', ' ohio life thumbnail 2 '),
 ('122', 'title', '0', 'en_us', ' ohio right to life '),
 ('123', 'field', '21', 'en_us', ''),
 ('123', 'field', '20', 'en_us', ' ohio right to life '),
 ('123', 'field', '59', 'en_us', ' ohio right to life frontenddevelopment http www ohiolife org '),
 ('123', 'field', '28', 'en_us', ''),
 ('123', 'field', '24', 'en_us', ''),
 ('123', 'field', '25', 'en_us', ''),
 ('123', 'field', '26', 'en_us', ''),
 ('123', 'slug', '0', 'en_us', ' ohio right to life '),
 ('123', 'title', '0', 'en_us', ' ohio right to life '),
 ('124', 'field', '60', 'en_us', ' ohio right to life '),
 ('124', 'field', '67', 'en_us', ' http www ohiolife org '),
 ('124', 'field', '61', 'en_us', ''),
 ('124', 'field', '62', 'en_us', ' frontenddevelopment '),
 ('124', 'field', '63', 'en_us', ''),
 ('124', 'slug', '0', 'en_us', ''),
 ('125', 'field', '57', 'en_us', ''),
 ('125', 'filename', '0', 'en_us', ' everything_kitchens_header png '),
 ('125', 'extension', '0', 'en_us', ' png '),
 ('125', 'kind', '0', 'en_us', ' image '),
 ('125', 'slug', '0', 'en_us', ' everything kitchens header '),
 ('125', 'title', '0', 'en_us', ' everything kitchens header '),
 ('126', 'field', '57', 'en_us', ''),
 ('126', 'filename', '0', 'en_us', ' everything_kitchens_logo png '),
 ('126', 'extension', '0', 'en_us', ' png '),
 ('126', 'kind', '0', 'en_us', ' image '),
 ('126', 'slug', '0', 'en_us', ' everything kitchens logo '),
 ('126', 'title', '0', 'en_us', ' everything kitchens logo '),
 ('127', 'field', '57', 'en_us', ''),
 ('127', 'filename', '0', 'en_us', ' everything_kitchens_logo 2x png '),
 ('127', 'extension', '0', 'en_us', ' png '),
 ('127', 'kind', '0', 'en_us', ' image '),
 ('127', 'slug', '0', 'en_us', ' everything kitchens logo 2x '),
 ('127', 'title', '0', 'en_us', ' everything kitchens logo 2x '),
 ('128', 'field', '57', 'en_us', ''),
 ('128', 'filename', '0', 'en_us', ' benham_brothers_header png '),
 ('128', 'extension', '0', 'en_us', ' png '),
 ('128', 'kind', '0', 'en_us', ' image ');
INSERT INTO `craft_searchindex` (`elementId`, `attribute`, `fieldId`, `locale`, `keywords`) VALUES
 ('128', 'slug', '0', 'en_us', ' benham brothers header '),
 ('128', 'title', '0', 'en_us', ' benham brothers header '),
 ('130', 'slug', '0', 'en_us', ' benham brothers logo '),
 ('130', 'title', '0', 'en_us', ' benham brothers logo '),
 ('130', 'kind', '0', 'en_us', ' image '),
 ('130', 'field', '57', 'en_us', ''),
 ('130', 'filename', '0', 'en_us', ' benham_brothers_logo png '),
 ('130', 'extension', '0', 'en_us', ' png '),
 ('131', 'field', '57', 'en_us', ''),
 ('131', 'filename', '0', 'en_us', ' revive_magazine_thumbnail_2 jpg '),
 ('131', 'extension', '0', 'en_us', ' jpg '),
 ('131', 'kind', '0', 'en_us', ' image '),
 ('131', 'slug', '0', 'en_us', ' revive magazine thumbnail 2 '),
 ('131', 'title', '0', 'en_us', ' revive magazine thumbnail '),
 ('132', 'field', '21', 'en_us', ''),
 ('132', 'field', '20', 'en_us', ' revive magazine thumbnail '),
 ('132', 'field', '59', 'en_us', ' revive magazine graphicdesign illustration '),
 ('132', 'field', '28', 'en_us', ''),
 ('132', 'field', '24', 'en_us', ''),
 ('132', 'field', '25', 'en_us', ''),
 ('132', 'field', '26', 'en_us', ''),
 ('132', 'slug', '0', 'en_us', ' revive magazine '),
 ('132', 'title', '0', 'en_us', ' revive magazine '),
 ('133', 'field', '60', 'en_us', ' revive magazine '),
 ('133', 'field', '67', 'en_us', ''),
 ('133', 'field', '61', 'en_us', ''),
 ('133', 'field', '62', 'en_us', ' graphicdesign illustration '),
 ('133', 'field', '63', 'en_us', ''),
 ('133', 'slug', '0', 'en_us', ''),
 ('134', 'field', '57', 'en_us', ''),
 ('134', 'filename', '0', 'en_us', ' pastors_guide_thumbnail_2 jpg '),
 ('134', 'extension', '0', 'en_us', ' jpg '),
 ('134', 'kind', '0', 'en_us', ' image '),
 ('134', 'slug', '0', 'en_us', ' pastors guide thumbnail 2 '),
 ('134', 'title', '0', 'en_us', ' pastors guide thumbnail '),
 ('135', 'field', '21', 'en_us', ''),
 ('135', 'field', '20', 'en_us', ' pastors guide thumbnail '),
 ('135', 'field', '59', 'en_us', ' made to flourish branding graphicdesign illustration https www madetoflourish org '),
 ('135', 'field', '28', 'en_us', ''),
 ('135', 'field', '24', 'en_us', ''),
 ('135', 'field', '25', 'en_us', ''),
 ('135', 'field', '26', 'en_us', ''),
 ('135', 'slug', '0', 'en_us', ' made to flourish '),
 ('135', 'title', '0', 'en_us', ' made to flourish '),
 ('136', 'field', '60', 'en_us', ' made to flourish '),
 ('136', 'field', '67', 'en_us', ' https www madetoflourish org '),
 ('136', 'field', '61', 'en_us', ''),
 ('136', 'field', '62', 'en_us', ' branding graphicdesign illustration '),
 ('136', 'field', '63', 'en_us', ''),
 ('136', 'slug', '0', 'en_us', ''),
 ('137', 'field', '57', 'en_us', ' the final approved designs and wardrobe for indy rabbit with the oh so obvious homage to his namesake which was sadly never used '),
 ('137', 'filename', '0', 'en_us', ' indie_rabbit_wardrobe png '),
 ('137', 'extension', '0', 'en_us', ' png '),
 ('137', 'kind', '0', 'en_us', ' image '),
 ('137', 'slug', '0', 'en_us', ' indie rabbit wardrobe '),
 ('137', 'title', '0', 'en_us', ' indy rabbit wardrobe '),
 ('108', 'field', '67', 'en_us', ''),
 ('138', 'field', '37', 'en_us', ' indy rabbit wardrobe '),
 ('138', 'field', '38', 'en_us', ' block '),
 ('138', 'field', '48', 'en_us', ' none '),
 ('138', 'slug', '0', 'en_us', ''),
 ('139', 'field', '57', 'en_us', ''),
 ('139', 'filename', '0', 'en_us', ' indie_rabbit_character_designs_final jpg '),
 ('139', 'extension', '0', 'en_us', ' jpg '),
 ('139', 'kind', '0', 'en_us', ' image '),
 ('139', 'slug', '0', 'en_us', ' indie rabbit character designs final '),
 ('139', 'title', '0', 'en_us', ' indy rabbit final character designs '),
 ('140', 'field', '37', 'en_us', ' indy rabbit final character designs '),
 ('140', 'field', '38', 'en_us', ' wide '),
 ('140', 'field', '48', 'en_us', ' none '),
 ('140', 'slug', '0', 'en_us', '');



DROP TABLE IF EXISTS `craft_sections`;


--
-- Schema for table `craft_sections`
--
CREATE TABLE `craft_sections` (
  `id` int(11) NOT NULL AUTO_INCREMENT,
  `structureId` int(11) DEFAULT NULL,
  `name` varchar(255) COLLATE utf8_unicode_ci NOT NULL,
  `handle` varchar(255) COLLATE utf8_unicode_ci NOT NULL,
  `type` enum('single','channel','structure') COLLATE utf8_unicode_ci NOT NULL DEFAULT 'channel',
  `hasUrls` tinyint(1) unsigned NOT NULL DEFAULT '1',
  `template` varchar(500) COLLATE utf8_unicode_ci DEFAULT NULL,
  `enableVersioning` tinyint(1) unsigned NOT NULL DEFAULT '0',
  `dateCreated` datetime NOT NULL,
  `dateUpdated` datetime NOT NULL,
  `uid` char(36) COLLATE utf8_unicode_ci NOT NULL DEFAULT '0',
  PRIMARY KEY (`id`),
  UNIQUE KEY `craft_sections_name_unq_idx` (`name`),
  UNIQUE KEY `craft_sections_handle_unq_idx` (`handle`),
  KEY `craft_sections_structureId_fk` (`structureId`)
) ENGINE=InnoDB AUTO_INCREMENT=12 DEFAULT CHARSET=utf8 COLLATE=utf8_unicode_ci;

--
-- Data for table `craft_sections`
--

INSERT INTO `craft_sections` (`id`, `structureId`, `name`, `handle`, `type`, `hasUrls`, `template`, `enableVersioning`, `dateCreated`, `dateUpdated`, `uid`) VALUES
 ('1', NULL, 'Homepage', 'homepage', 'single', '1', 'index', '1', '2017-04-20 21:01:02', '2017-04-20 21:01:02', 'a83a4370-b11f-482c-bfaa-706b331fae2b'),
 ('6', '1', 'Testimonials', 'testimonials', 'structure', '1', 'testimonials/_entry', '1', '2017-04-21 23:12:00', '2017-04-21 23:12:00', 'e30eb777-92e1-4507-8c07-d1084f54428a'),
 ('7', NULL, 'About', 'about', 'single', '1', 'about/index', '1', '2017-05-11 01:18:19', '2017-05-11 01:26:26', '36a1eda1-2791-4ca5-ae17-e91a515a4153'),
 ('8', '2', 'Web Development', 'webDevelopment', 'structure', '1', 'work/_entry', '1', '2017-05-11 18:15:34', '2017-05-11 18:15:34', 'f80ddcf6-0a57-48e2-b1df-9245c9317823'),
 ('9', NULL, 'Web Development Index', 'webDevelopmentIndex', 'single', '1', 'work/index', '1', '2017-05-11 18:23:09', '2017-05-11 21:23:23', '5750a8db-1122-4111-835e-b3d272294f32'),
 ('10', '3', 'Illustration', 'illustration', 'structure', '1', 'work/_entry', '1', '2017-05-11 20:40:56', '2017-05-11 20:40:56', 'ef62481b-ebad-4aab-89c2-820ec11f535b'),
 ('11', NULL, 'Illustration Index', 'illustrationIndex', 'single', '1', 'work/index', '1', '2017-05-11 20:41:16', '2017-05-11 21:23:29', '1a084660-4887-4fac-8d48-6f68493dc37a');



DROP TABLE IF EXISTS `craft_sections_i18n`;


--
-- Schema for table `craft_sections_i18n`
--
CREATE TABLE `craft_sections_i18n` (
  `id` int(11) NOT NULL AUTO_INCREMENT,
  `sectionId` int(11) NOT NULL,
  `locale` char(12) COLLATE utf8_unicode_ci NOT NULL,
  `enabledByDefault` tinyint(1) unsigned NOT NULL DEFAULT '1',
  `urlFormat` text COLLATE utf8_unicode_ci,
  `nestedUrlFormat` text COLLATE utf8_unicode_ci,
  `dateCreated` datetime NOT NULL,
  `dateUpdated` datetime NOT NULL,
  `uid` char(36) COLLATE utf8_unicode_ci NOT NULL DEFAULT '0',
  PRIMARY KEY (`id`),
  UNIQUE KEY `craft_sections_i18n_sectionId_locale_unq_idx` (`sectionId`,`locale`),
  KEY `craft_sections_i18n_locale_fk` (`locale`)
) ENGINE=InnoDB AUTO_INCREMENT=12 DEFAULT CHARSET=utf8 COLLATE=utf8_unicode_ci;

--
-- Data for table `craft_sections_i18n`
--

INSERT INTO `craft_sections_i18n` (`id`, `sectionId`, `locale`, `enabledByDefault`, `urlFormat`, `nestedUrlFormat`, `dateCreated`, `dateUpdated`, `uid`) VALUES
 ('1', '1', 'en_us', '1', '__home__', NULL, '2017-04-20 21:01:02', '2017-04-20 21:01:02', '73157200-c2f1-4abd-a95a-4798f76b92fa'),
 ('6', '6', 'en_us', '1', 'testimonials/{slug}', '{parent.uri}/{slug}', '2017-04-21 23:12:00', '2017-04-21 23:12:00', '2074b8e8-cf56-4828-b2d7-40848abe42f3'),
 ('7', '7', 'en_us', '1', 'about', NULL, '2017-05-11 01:18:19', '2017-05-11 01:18:19', 'f2ab2f42-e267-4e12-9875-f82645071f90'),
 ('8', '8', 'en_us', '1', 'web/{slug}', '{parent.uri}/{slug}', '2017-05-11 18:15:34', '2017-05-11 18:15:34', 'fdd043bf-1a9f-40da-abd1-b65c0d9dda20'),
 ('9', '9', 'en_us', '1', 'web', NULL, '2017-05-11 18:23:09', '2017-05-11 18:23:09', '66810ea6-255f-4614-bbea-f328d616bf00'),
 ('10', '10', 'en_us', '1', 'art/{slug}', '{parent.uri}/{slug}', '2017-05-11 20:40:56', '2017-05-11 20:40:56', 'dfb214e1-e461-4236-9c9c-87a245cc2de9'),
 ('11', '11', 'en_us', '1', 'art', NULL, '2017-05-11 20:41:16', '2017-05-11 20:41:16', '2086ebea-3871-400b-9553-b902aae21c37');



DROP TABLE IF EXISTS `craft_sessions`;


--
-- Schema for table `craft_sessions`
--
CREATE TABLE `craft_sessions` (
  `id` int(11) NOT NULL AUTO_INCREMENT,
  `userId` int(11) NOT NULL,
  `token` char(100) COLLATE utf8_unicode_ci NOT NULL,
  `dateCreated` datetime NOT NULL,
  `dateUpdated` datetime NOT NULL,
  `uid` char(36) COLLATE utf8_unicode_ci NOT NULL DEFAULT '0',
  PRIMARY KEY (`id`),
  KEY `craft_sessions_uid_idx` (`uid`),
  KEY `craft_sessions_token_idx` (`token`),
  KEY `craft_sessions_dateUpdated_idx` (`dateUpdated`),
  KEY `craft_sessions_userId_fk` (`userId`)
) ENGINE=InnoDB AUTO_INCREMENT=27 DEFAULT CHARSET=utf8 COLLATE=utf8_unicode_ci;

DROP TABLE IF EXISTS `craft_shunnedmessages`;


--
-- Schema for table `craft_shunnedmessages`
--
CREATE TABLE `craft_shunnedmessages` (
  `id` int(11) NOT NULL AUTO_INCREMENT,
  `userId` int(11) NOT NULL,
  `message` varchar(255) COLLATE utf8_unicode_ci NOT NULL,
  `expiryDate` datetime DEFAULT NULL,
  `dateCreated` datetime NOT NULL,
  `dateUpdated` datetime NOT NULL,
  `uid` char(36) COLLATE utf8_unicode_ci NOT NULL DEFAULT '0',
  PRIMARY KEY (`id`),
  UNIQUE KEY `craft_shunnedmessages_userId_message_unq_idx` (`userId`,`message`)
) ENGINE=InnoDB DEFAULT CHARSET=utf8 COLLATE=utf8_unicode_ci;

DROP TABLE IF EXISTS `craft_structureelements`;


--
-- Schema for table `craft_structureelements`
--
CREATE TABLE `craft_structureelements` (
  `id` int(11) NOT NULL AUTO_INCREMENT,
  `structureId` int(11) NOT NULL,
  `elementId` int(11) DEFAULT NULL,
  `root` int(11) unsigned DEFAULT NULL,
  `lft` int(11) unsigned NOT NULL,
  `rgt` int(11) unsigned NOT NULL,
  `level` smallint(6) unsigned NOT NULL,
  `dateCreated` datetime NOT NULL,
  `dateUpdated` datetime NOT NULL,
  `uid` char(36) COLLATE utf8_unicode_ci NOT NULL DEFAULT '0',
  PRIMARY KEY (`id`),
  UNIQUE KEY `craft_structureelements_structureId_elementId_unq_idx` (`structureId`,`elementId`),
  KEY `craft_structureelements_root_idx` (`root`),
  KEY `craft_structureelements_lft_idx` (`lft`),
  KEY `craft_structureelements_rgt_idx` (`rgt`),
  KEY `craft_structureelements_level_idx` (`level`),
  KEY `craft_structureelements_elementId_fk` (`elementId`)
) ENGINE=InnoDB AUTO_INCREMENT=16 DEFAULT CHARSET=utf8 COLLATE=utf8_unicode_ci;

--
-- Data for table `craft_structureelements`
--

INSERT INTO `craft_structureelements` (`id`, `structureId`, `elementId`, `root`, `lft`, `rgt`, `level`, `dateCreated`, `dateUpdated`, `uid`) VALUES
 ('1', '1', NULL, '1', '1', '12', '0', '2017-04-21 23:35:04', '2017-04-21 23:35:04', '1bc71c7c-aa08-47e4-94c8-0e31d79df779'),
 ('2', '1', '7', '1', '4', '5', '1', '2017-04-21 23:35:04', '2017-04-21 23:35:04', 'cd576fb0-ebcf-4a12-a037-17e0532638fe'),
 ('3', '1', '9', '1', '8', '9', '1', '2017-04-21 23:36:45', '2017-04-21 23:36:45', '056bea6c-9658-4247-8d7b-4b1b589e64b7'),
 ('4', '1', '11', '1', '6', '7', '1', '2017-04-21 23:37:55', '2017-04-21 23:37:55', '15d9a335-7cf2-46ff-a750-2d81daa9e41f'),
 ('5', '1', '21', '1', '2', '3', '1', '2017-05-10 23:16:04', '2017-05-10 23:16:04', '36f0c97d-69b2-4d70-bcfe-e23c75d16325'),
 ('6', '1', '23', '1', '10', '11', '1', '2017-05-10 23:18:22', '2017-05-10 23:18:22', '82c69e15-18fc-49c1-91be-6624f860a3e8'),
 ('7', '3', NULL, '7', '1', '8', '0', '2017-05-11 20:47:10', '2017-05-11 20:47:10', '6a96717b-d3ca-45b0-b407-bb434a8cc3fe'),
 ('8', '3', '48', '7', '2', '3', '1', '2017-05-11 20:47:10', '2017-05-11 20:47:10', '442700cb-e014-4cc4-8ff0-6c4ad0ade9fc'),
 ('9', '2', NULL, '9', '1', '10', '0', '2017-05-15 21:17:00', '2017-05-15 21:17:00', '5689e216-db49-4370-9edb-5cb73d562618'),
 ('10', '2', '112', '9', '2', '3', '1', '2017-05-15 21:17:00', '2017-05-15 21:17:00', 'a71a4d03-b6a6-47a2-9a9e-1833bf8ee516'),
 ('11', '2', '117', '9', '4', '5', '1', '2017-05-15 21:53:36', '2017-05-15 21:53:36', 'd32ae84b-204d-4d6c-a26f-1b3bee205577'),
 ('12', '2', '120', '9', '6', '7', '1', '2017-05-15 22:12:06', '2017-05-15 22:12:06', '34a8764c-460b-4e4a-bbe3-838756c8bccc'),
 ('13', '2', '123', '9', '8', '9', '1', '2017-05-15 22:14:22', '2017-05-15 22:14:22', '2ce61ab0-63ff-4ac4-813a-7fc32eb86c2f'),
 ('14', '3', '132', '7', '4', '5', '1', '2017-05-16 21:32:54', '2017-05-16 21:32:54', 'f8baadaa-d2d3-4601-bd4a-65adad29f8fb'),
 ('15', '3', '135', '7', '6', '7', '1', '2017-05-16 21:34:44', '2017-05-16 21:34:44', 'e49d572c-1db8-42c6-9b60-897cea84e313');



DROP TABLE IF EXISTS `craft_structures`;


--
-- Schema for table `craft_structures`
--
CREATE TABLE `craft_structures` (
  `id` int(11) NOT NULL AUTO_INCREMENT,
  `maxLevels` smallint(6) unsigned DEFAULT NULL,
  `dateCreated` datetime NOT NULL,
  `dateUpdated` datetime NOT NULL,
  `uid` char(36) COLLATE utf8_unicode_ci NOT NULL DEFAULT '0',
  PRIMARY KEY (`id`)
) ENGINE=InnoDB AUTO_INCREMENT=4 DEFAULT CHARSET=utf8 COLLATE=utf8_unicode_ci;

--
-- Data for table `craft_structures`
--

INSERT INTO `craft_structures` (`id`, `maxLevels`, `dateCreated`, `dateUpdated`, `uid`) VALUES
 ('1', NULL, '2017-04-21 23:12:00', '2017-04-21 23:12:00', '019bf8ea-a668-428f-92e8-d612d553f0bd'),
 ('2', NULL, '2017-05-11 18:15:34', '2017-05-11 18:15:34', '0951ceee-e3b5-42b0-afd5-f147d0779975'),
 ('3', NULL, '2017-05-11 20:40:56', '2017-05-11 20:40:56', 'c8abb482-7d69-42c7-b025-3e10eb39d55a');



DROP TABLE IF EXISTS `craft_systemsettings`;


--
-- Schema for table `craft_systemsettings`
--
CREATE TABLE `craft_systemsettings` (
  `id` int(11) NOT NULL AUTO_INCREMENT,
  `category` varchar(15) COLLATE utf8_unicode_ci NOT NULL,
  `settings` text COLLATE utf8_unicode_ci,
  `dateCreated` datetime NOT NULL,
  `dateUpdated` datetime NOT NULL,
  `uid` char(36) COLLATE utf8_unicode_ci NOT NULL DEFAULT '0',
  PRIMARY KEY (`id`),
  UNIQUE KEY `craft_systemsettings_category_unq_idx` (`category`)
) ENGINE=InnoDB AUTO_INCREMENT=2 DEFAULT CHARSET=utf8 COLLATE=utf8_unicode_ci;

--
-- Data for table `craft_systemsettings`
--

INSERT INTO `craft_systemsettings` (`id`, `category`, `settings`, `dateCreated`, `dateUpdated`, `uid`) VALUES
 ('1', 'email', '{\"protocol\":\"php\",\"emailAddress\":\"jgwilsondesign@gmail.com\",\"senderName\":\"jgwilsondesign.com\"}', '2017-04-20 21:01:02', '2017-04-20 21:01:02', 'e9f3e449-1309-4536-8bf7-797364a3fe01');



DROP TABLE IF EXISTS `craft_taggroups`;


--
-- Schema for table `craft_taggroups`
--
CREATE TABLE `craft_taggroups` (
  `id` int(11) NOT NULL AUTO_INCREMENT,
  `name` varchar(255) COLLATE utf8_unicode_ci NOT NULL,
  `handle` varchar(255) COLLATE utf8_unicode_ci NOT NULL,
  `fieldLayoutId` int(10) DEFAULT NULL,
  `dateCreated` datetime NOT NULL,
  `dateUpdated` datetime NOT NULL,
  `uid` char(36) COLLATE utf8_unicode_ci NOT NULL DEFAULT '0',
  PRIMARY KEY (`id`),
  UNIQUE KEY `craft_taggroups_name_unq_idx` (`name`),
  UNIQUE KEY `craft_taggroups_handle_unq_idx` (`handle`),
  KEY `craft_taggroups_fieldLayoutId_fk` (`fieldLayoutId`)
) ENGINE=InnoDB AUTO_INCREMENT=2 DEFAULT CHARSET=utf8 COLLATE=utf8_unicode_ci;

--
-- Data for table `craft_taggroups`
--

INSERT INTO `craft_taggroups` (`id`, `name`, `handle`, `fieldLayoutId`, `dateCreated`, `dateUpdated`, `uid`) VALUES
 ('1', 'Default', 'default', '1', '2017-04-20 21:01:02', '2017-04-20 21:01:02', 'de1800f9-ec20-4ffb-8262-d2f376a8eee2');



DROP TABLE IF EXISTS `craft_tags`;


--
-- Schema for table `craft_tags`
--
CREATE TABLE `craft_tags` (
  `id` int(11) NOT NULL,
  `groupId` int(11) NOT NULL,
  `dateCreated` datetime NOT NULL,
  `dateUpdated` datetime NOT NULL,
  `uid` char(36) COLLATE utf8_unicode_ci NOT NULL DEFAULT '0',
  PRIMARY KEY (`id`),
  KEY `craft_tags_groupId_fk` (`groupId`)
) ENGINE=InnoDB DEFAULT CHARSET=utf8 COLLATE=utf8_unicode_ci;

DROP TABLE IF EXISTS `craft_tasks`;


--
-- Schema for table `craft_tasks`
--
CREATE TABLE `craft_tasks` (
  `id` int(11) NOT NULL AUTO_INCREMENT,
  `root` int(11) unsigned DEFAULT NULL,
  `lft` int(11) unsigned NOT NULL,
  `rgt` int(11) unsigned NOT NULL,
  `level` smallint(6) unsigned NOT NULL,
  `currentStep` int(11) unsigned DEFAULT NULL,
  `totalSteps` int(11) unsigned DEFAULT NULL,
  `status` enum('pending','error','running') COLLATE utf8_unicode_ci DEFAULT NULL,
  `type` varchar(150) COLLATE utf8_unicode_ci NOT NULL,
  `description` varchar(255) COLLATE utf8_unicode_ci DEFAULT NULL,
  `settings` mediumtext COLLATE utf8_unicode_ci,
  `dateCreated` datetime NOT NULL,
  `dateUpdated` datetime NOT NULL,
  `uid` char(36) COLLATE utf8_unicode_ci NOT NULL DEFAULT '0',
  PRIMARY KEY (`id`),
  KEY `craft_tasks_root_idx` (`root`),
  KEY `craft_tasks_lft_idx` (`lft`),
  KEY `craft_tasks_rgt_idx` (`rgt`),
  KEY `craft_tasks_level_idx` (`level`)
) ENGINE=InnoDB DEFAULT CHARSET=utf8 COLLATE=utf8_unicode_ci;

DROP TABLE IF EXISTS `craft_templatecachecriteria`;


--
-- Schema for table `craft_templatecachecriteria`
--
CREATE TABLE `craft_templatecachecriteria` (
  `id` int(11) NOT NULL AUTO_INCREMENT,
  `cacheId` int(11) NOT NULL,
  `type` varchar(150) COLLATE utf8_unicode_ci NOT NULL,
  `criteria` text COLLATE utf8_unicode_ci NOT NULL,
  PRIMARY KEY (`id`),
  KEY `craft_templatecachecriteria_cacheId_fk` (`cacheId`),
  KEY `craft_templatecachecriteria_type_idx` (`type`)
) ENGINE=InnoDB DEFAULT CHARSET=utf8 COLLATE=utf8_unicode_ci;

DROP TABLE IF EXISTS `craft_templatecacheelements`;


--
-- Schema for table `craft_templatecacheelements`
--
CREATE TABLE `craft_templatecacheelements` (
  `cacheId` int(11) NOT NULL,
  `elementId` int(11) NOT NULL,
  KEY `craft_templatecacheelements_cacheId_fk` (`cacheId`),
  KEY `craft_templatecacheelements_elementId_fk` (`elementId`)
) ENGINE=InnoDB DEFAULT CHARSET=utf8 COLLATE=utf8_unicode_ci;

DROP TABLE IF EXISTS `craft_templatecaches`;


--
-- Schema for table `craft_templatecaches`
--
CREATE TABLE `craft_templatecaches` (
  `id` int(11) NOT NULL AUTO_INCREMENT,
  `cacheKey` varchar(255) COLLATE utf8_unicode_ci NOT NULL,
  `locale` char(12) COLLATE utf8_unicode_ci NOT NULL,
  `path` varchar(255) COLLATE utf8_unicode_ci DEFAULT NULL,
  `expiryDate` datetime NOT NULL,
  `body` mediumtext COLLATE utf8_unicode_ci NOT NULL,
  PRIMARY KEY (`id`),
  KEY `craft_templatecaches_expiryDate_cacheKey_locale_path_idx` (`expiryDate`,`cacheKey`,`locale`,`path`),
  KEY `craft_templatecaches_locale_fk` (`locale`)
) ENGINE=InnoDB DEFAULT CHARSET=utf8 COLLATE=utf8_unicode_ci;

DROP TABLE IF EXISTS `craft_tokens`;


--
-- Schema for table `craft_tokens`
--
CREATE TABLE `craft_tokens` (
  `id` int(11) NOT NULL AUTO_INCREMENT,
  `token` char(32) COLLATE utf8_unicode_ci NOT NULL,
  `route` text COLLATE utf8_unicode_ci,
  `usageLimit` tinyint(3) unsigned DEFAULT NULL,
  `usageCount` tinyint(3) unsigned DEFAULT NULL,
  `expiryDate` datetime NOT NULL,
  `dateCreated` datetime NOT NULL,
  `dateUpdated` datetime NOT NULL,
  `uid` char(36) COLLATE utf8_unicode_ci NOT NULL DEFAULT '0',
  PRIMARY KEY (`id`),
  UNIQUE KEY `craft_tokens_token_unq_idx` (`token`),
  KEY `craft_tokens_expiryDate_idx` (`expiryDate`)
) ENGINE=InnoDB DEFAULT CHARSET=utf8 COLLATE=utf8_unicode_ci;

DROP TABLE IF EXISTS `craft_usergroups`;


--
-- Schema for table `craft_usergroups`
--
CREATE TABLE `craft_usergroups` (
  `id` int(11) NOT NULL AUTO_INCREMENT,
  `name` varchar(255) COLLATE utf8_unicode_ci NOT NULL,
  `handle` varchar(255) COLLATE utf8_unicode_ci NOT NULL,
  `dateCreated` datetime NOT NULL,
  `dateUpdated` datetime NOT NULL,
  `uid` char(36) COLLATE utf8_unicode_ci NOT NULL DEFAULT '0',
  PRIMARY KEY (`id`),
  UNIQUE KEY `craft_usergroups_name_unq_idx` (`name`),
  UNIQUE KEY `craft_usergroups_handle_unq_idx` (`handle`)
) ENGINE=InnoDB DEFAULT CHARSET=utf8 COLLATE=utf8_unicode_ci;

DROP TABLE IF EXISTS `craft_usergroups_users`;


--
-- Schema for table `craft_usergroups_users`
--
CREATE TABLE `craft_usergroups_users` (
  `id` int(11) NOT NULL AUTO_INCREMENT,
  `groupId` int(11) NOT NULL,
  `userId` int(11) NOT NULL,
  `dateCreated` datetime NOT NULL,
  `dateUpdated` datetime NOT NULL,
  `uid` char(36) COLLATE utf8_unicode_ci NOT NULL DEFAULT '0',
  PRIMARY KEY (`id`),
  UNIQUE KEY `craft_usergroups_users_groupId_userId_unq_idx` (`groupId`,`userId`),
  KEY `craft_usergroups_users_userId_fk` (`userId`)
) ENGINE=InnoDB DEFAULT CHARSET=utf8 COLLATE=utf8_unicode_ci;

DROP TABLE IF EXISTS `craft_userpermissions`;


--
-- Schema for table `craft_userpermissions`
--
CREATE TABLE `craft_userpermissions` (
  `id` int(11) NOT NULL AUTO_INCREMENT,
  `name` varchar(255) COLLATE utf8_unicode_ci NOT NULL,
  `dateCreated` datetime NOT NULL,
  `dateUpdated` datetime NOT NULL,
  `uid` char(36) COLLATE utf8_unicode_ci NOT NULL DEFAULT '0',
  PRIMARY KEY (`id`),
  UNIQUE KEY `craft_userpermissions_name_unq_idx` (`name`)
) ENGINE=InnoDB DEFAULT CHARSET=utf8 COLLATE=utf8_unicode_ci;

DROP TABLE IF EXISTS `craft_userpermissions_usergroups`;


--
-- Schema for table `craft_userpermissions_usergroups`
--
CREATE TABLE `craft_userpermissions_usergroups` (
  `id` int(11) NOT NULL AUTO_INCREMENT,
  `permissionId` int(11) NOT NULL,
  `groupId` int(11) NOT NULL,
  `dateCreated` datetime NOT NULL,
  `dateUpdated` datetime NOT NULL,
  `uid` char(36) COLLATE utf8_unicode_ci NOT NULL DEFAULT '0',
  PRIMARY KEY (`id`),
  UNIQUE KEY `craft_userpermissions_usergroups_permissionId_groupId_unq_idx` (`permissionId`,`groupId`),
  KEY `craft_userpermissions_usergroups_groupId_fk` (`groupId`)
) ENGINE=InnoDB DEFAULT CHARSET=utf8 COLLATE=utf8_unicode_ci;

DROP TABLE IF EXISTS `craft_userpermissions_users`;


--
-- Schema for table `craft_userpermissions_users`
--
CREATE TABLE `craft_userpermissions_users` (
  `id` int(11) NOT NULL AUTO_INCREMENT,
  `permissionId` int(11) NOT NULL,
  `userId` int(11) NOT NULL,
  `dateCreated` datetime NOT NULL,
  `dateUpdated` datetime NOT NULL,
  `uid` char(36) COLLATE utf8_unicode_ci NOT NULL DEFAULT '0',
  PRIMARY KEY (`id`),
  UNIQUE KEY `craft_userpermissions_users_permissionId_userId_unq_idx` (`permissionId`,`userId`),
  KEY `craft_userpermissions_users_userId_fk` (`userId`)
) ENGINE=InnoDB DEFAULT CHARSET=utf8 COLLATE=utf8_unicode_ci;

DROP TABLE IF EXISTS `craft_users`;


--
-- Schema for table `craft_users`
--
CREATE TABLE `craft_users` (
  `id` int(11) NOT NULL,
  `username` varchar(100) COLLATE utf8_unicode_ci NOT NULL,
  `photo` varchar(100) COLLATE utf8_unicode_ci DEFAULT NULL,
  `firstName` varchar(100) COLLATE utf8_unicode_ci DEFAULT NULL,
  `lastName` varchar(100) COLLATE utf8_unicode_ci DEFAULT NULL,
  `email` varchar(255) COLLATE utf8_unicode_ci NOT NULL,
  `password` char(255) COLLATE utf8_unicode_ci DEFAULT NULL,
  `preferredLocale` char(12) COLLATE utf8_unicode_ci DEFAULT NULL,
  `weekStartDay` tinyint(1) unsigned NOT NULL DEFAULT '0',
  `admin` tinyint(1) unsigned NOT NULL DEFAULT '0',
  `client` tinyint(1) unsigned NOT NULL DEFAULT '0',
  `locked` tinyint(1) unsigned NOT NULL DEFAULT '0',
  `suspended` tinyint(1) unsigned NOT NULL DEFAULT '0',
  `pending` tinyint(1) unsigned NOT NULL DEFAULT '0',
  `archived` tinyint(1) unsigned NOT NULL DEFAULT '0',
  `lastLoginDate` datetime DEFAULT NULL,
  `lastLoginAttemptIPAddress` varchar(45) COLLATE utf8_unicode_ci DEFAULT NULL,
  `invalidLoginWindowStart` datetime DEFAULT NULL,
  `invalidLoginCount` tinyint(4) unsigned DEFAULT NULL,
  `lastInvalidLoginDate` datetime DEFAULT NULL,
  `lockoutDate` datetime DEFAULT NULL,
  `verificationCode` char(100) COLLATE utf8_unicode_ci DEFAULT NULL,
  `verificationCodeIssuedDate` datetime DEFAULT NULL,
  `unverifiedEmail` varchar(255) COLLATE utf8_unicode_ci DEFAULT NULL,
  `passwordResetRequired` tinyint(1) unsigned NOT NULL DEFAULT '0',
  `lastPasswordChangeDate` datetime DEFAULT NULL,
  `dateCreated` datetime NOT NULL,
  `dateUpdated` datetime NOT NULL,
  `uid` char(36) COLLATE utf8_unicode_ci NOT NULL DEFAULT '0',
  PRIMARY KEY (`id`),
  UNIQUE KEY `craft_users_username_unq_idx` (`username`),
  UNIQUE KEY `craft_users_email_unq_idx` (`email`),
  KEY `craft_users_verificationCode_idx` (`verificationCode`),
  KEY `craft_users_uid_idx` (`uid`),
  KEY `craft_users_preferredLocale_fk` (`preferredLocale`)
) ENGINE=InnoDB DEFAULT CHARSET=utf8 COLLATE=utf8_unicode_ci;

--
-- Data for table `craft_users`
--

INSERT INTO `craft_users` (`id`, `username`, `photo`, `firstName`, `lastName`, `email`, `password`, `preferredLocale`, `weekStartDay`, `admin`, `client`, `locked`, `suspended`, `pending`, `archived`, `lastLoginDate`, `lastLoginAttemptIPAddress`, `invalidLoginWindowStart`, `invalidLoginCount`, `lastInvalidLoginDate`, `lockoutDate`, `verificationCode`, `verificationCodeIssuedDate`, `unverifiedEmail`, `passwordResetRequired`, `lastPasswordChangeDate`, `dateCreated`, `dateUpdated`, `uid`) VALUES
 ('1', 'admin', NULL, NULL, NULL, 'jgwilsondesign@gmail.com', '$2y$13$oeZ1VpOrnXnlkfBKhfyFJ.uWqMZIeuKCpG7uBsXQYzgQ0yX/jUrHa', NULL, '0', '1', '0', '0', '0', '0', '0', '2017-06-09 02:09:58', '::1', NULL, NULL, NULL, NULL, NULL, NULL, NULL, '0', '2017-04-20 21:01:00', '2017-04-20 21:01:00', '2017-06-09 02:09:58', 'd41941dc-f5a2-4371-98ae-5d268fbed7da');



DROP TABLE IF EXISTS `craft_widgets`;


--
-- Schema for table `craft_widgets`
--
CREATE TABLE `craft_widgets` (
  `id` int(11) NOT NULL AUTO_INCREMENT,
  `userId` int(11) NOT NULL,
  `type` varchar(150) COLLATE utf8_unicode_ci NOT NULL,
  `sortOrder` smallint(6) unsigned DEFAULT NULL,
  `colspan` tinyint(4) unsigned DEFAULT NULL,
  `settings` text COLLATE utf8_unicode_ci,
  `enabled` tinyint(1) unsigned NOT NULL DEFAULT '1',
  `dateCreated` datetime NOT NULL,
  `dateUpdated` datetime NOT NULL,
  `uid` char(36) COLLATE utf8_unicode_ci NOT NULL DEFAULT '0',
  PRIMARY KEY (`id`),
  KEY `craft_widgets_userId_fk` (`userId`)
) ENGINE=InnoDB AUTO_INCREMENT=5 DEFAULT CHARSET=utf8 COLLATE=utf8_unicode_ci;

--
-- Data for table `craft_widgets`
--

INSERT INTO `craft_widgets` (`id`, `userId`, `type`, `sortOrder`, `colspan`, `settings`, `enabled`, `dateCreated`, `dateUpdated`, `uid`) VALUES
 ('1', '1', 'RecentEntries', '1', NULL, NULL, '1', '2017-04-20 21:01:06', '2017-04-20 21:01:06', '3f4c3d7d-ce9d-4715-871f-2ad969717989'),
 ('2', '1', 'GetHelp', '2', NULL, NULL, '1', '2017-04-20 21:01:06', '2017-04-20 21:01:06', '7b0d809e-892c-4f9b-8558-316c69047b3a'),
 ('3', '1', 'Updates', '3', NULL, NULL, '1', '2017-04-20 21:01:06', '2017-04-20 21:01:06', '95bbda87-99b9-4a5b-9192-d49a91ed5a1b'),
 ('4', '1', 'Feed', '4', NULL, '{\"url\":\"https:\\/\\/craftcms.com\\/news.rss\",\"title\":\"Craft News\"}', '1', '2017-04-20 21:01:06', '2017-04-20 21:01:06', 'f7f48f79-90ae-4b08-a016-caeda681fde7');


--
-- Constraints for tables
--


--
-- Constraints for table `craft_assetfiles`
--
ALTER TABLE `craft_assetfiles`
	ADD CONSTRAINT `craft_assetfiles_folderId_fk` FOREIGN KEY (`folderId`) REFERENCES `craft_assetfolders` (`id`) ON DELETE CASCADE,
	ADD CONSTRAINT `craft_assetfiles_id_fk` FOREIGN KEY (`id`) REFERENCES `craft_elements` (`id`) ON DELETE CASCADE,
	ADD CONSTRAINT `craft_assetfiles_sourceId_fk` FOREIGN KEY (`sourceId`) REFERENCES `craft_assetsources` (`id`) ON DELETE CASCADE;

--
-- Constraints for table `craft_assetfolders`
--
ALTER TABLE `craft_assetfolders`
	ADD CONSTRAINT `craft_assetfolders_parentId_fk` FOREIGN KEY (`parentId`) REFERENCES `craft_assetfolders` (`id`) ON DELETE CASCADE,
	ADD CONSTRAINT `craft_assetfolders_sourceId_fk` FOREIGN KEY (`sourceId`) REFERENCES `craft_assetsources` (`id`) ON DELETE CASCADE;

--
-- Constraints for table `craft_assetindexdata`
--
ALTER TABLE `craft_assetindexdata`
	ADD CONSTRAINT `craft_assetindexdata_sourceId_fk` FOREIGN KEY (`sourceId`) REFERENCES `craft_assetsources` (`id`) ON DELETE CASCADE;

--
-- Constraints for table `craft_assetsources`
--
ALTER TABLE `craft_assetsources`
	ADD CONSTRAINT `craft_assetsources_fieldLayoutId_fk` FOREIGN KEY (`fieldLayoutId`) REFERENCES `craft_fieldlayouts` (`id`) ON DELETE SET NULL;

--
-- Constraints for table `craft_categories`
--
ALTER TABLE `craft_categories`
	ADD CONSTRAINT `craft_categories_groupId_fk` FOREIGN KEY (`groupId`) REFERENCES `craft_categorygroups` (`id`) ON DELETE CASCADE,
	ADD CONSTRAINT `craft_categories_id_fk` FOREIGN KEY (`id`) REFERENCES `craft_elements` (`id`) ON DELETE CASCADE;

--
-- Constraints for table `craft_categorygroups`
--
ALTER TABLE `craft_categorygroups`
	ADD CONSTRAINT `craft_categorygroups_fieldLayoutId_fk` FOREIGN KEY (`fieldLayoutId`) REFERENCES `craft_fieldlayouts` (`id`) ON DELETE SET NULL,
	ADD CONSTRAINT `craft_categorygroups_structureId_fk` FOREIGN KEY (`structureId`) REFERENCES `craft_structures` (`id`) ON DELETE CASCADE;

--
-- Constraints for table `craft_categorygroups_i18n`
--
ALTER TABLE `craft_categorygroups_i18n`
	ADD CONSTRAINT `craft_categorygroups_i18n_groupId_fk` FOREIGN KEY (`groupId`) REFERENCES `craft_categorygroups` (`id`) ON DELETE CASCADE,
	ADD CONSTRAINT `craft_categorygroups_i18n_locale_fk` FOREIGN KEY (`locale`) REFERENCES `craft_locales` (`locale`) ON DELETE CASCADE ON UPDATE CASCADE;

--
-- Constraints for table `craft_content`
--
ALTER TABLE `craft_content`
	ADD CONSTRAINT `craft_content_elementId_fk` FOREIGN KEY (`elementId`) REFERENCES `craft_elements` (`id`) ON DELETE CASCADE,
	ADD CONSTRAINT `craft_content_locale_fk` FOREIGN KEY (`locale`) REFERENCES `craft_locales` (`locale`) ON DELETE CASCADE ON UPDATE CASCADE;

--
-- Constraints for table `craft_elements_i18n`
--
ALTER TABLE `craft_elements_i18n`
	ADD CONSTRAINT `craft_elements_i18n_elementId_fk` FOREIGN KEY (`elementId`) REFERENCES `craft_elements` (`id`) ON DELETE CASCADE,
	ADD CONSTRAINT `craft_elements_i18n_locale_fk` FOREIGN KEY (`locale`) REFERENCES `craft_locales` (`locale`) ON DELETE CASCADE ON UPDATE CASCADE;

--
-- Constraints for table `craft_emailmessages`
--
ALTER TABLE `craft_emailmessages`
	ADD CONSTRAINT `craft_emailmessages_locale_fk` FOREIGN KEY (`locale`) REFERENCES `craft_locales` (`locale`) ON DELETE CASCADE ON UPDATE CASCADE;

--
-- Constraints for table `craft_entries`
--
ALTER TABLE `craft_entries`
	ADD CONSTRAINT `craft_entries_authorId_fk` FOREIGN KEY (`authorId`) REFERENCES `craft_users` (`id`) ON DELETE CASCADE,
	ADD CONSTRAINT `craft_entries_id_fk` FOREIGN KEY (`id`) REFERENCES `craft_elements` (`id`) ON DELETE CASCADE,
	ADD CONSTRAINT `craft_entries_sectionId_fk` FOREIGN KEY (`sectionId`) REFERENCES `craft_sections` (`id`) ON DELETE CASCADE,
	ADD CONSTRAINT `craft_entries_typeId_fk` FOREIGN KEY (`typeId`) REFERENCES `craft_entrytypes` (`id`) ON DELETE CASCADE;

--
-- Constraints for table `craft_entrydrafts`
--
ALTER TABLE `craft_entrydrafts`
	ADD CONSTRAINT `craft_entrydrafts_creatorId_fk` FOREIGN KEY (`creatorId`) REFERENCES `craft_users` (`id`) ON DELETE CASCADE,
	ADD CONSTRAINT `craft_entrydrafts_entryId_fk` FOREIGN KEY (`entryId`) REFERENCES `craft_entries` (`id`) ON DELETE CASCADE,
	ADD CONSTRAINT `craft_entrydrafts_locale_fk` FOREIGN KEY (`locale`) REFERENCES `craft_locales` (`locale`) ON DELETE CASCADE ON UPDATE CASCADE,
	ADD CONSTRAINT `craft_entrydrafts_sectionId_fk` FOREIGN KEY (`sectionId`) REFERENCES `craft_sections` (`id`) ON DELETE CASCADE;

--
-- Constraints for table `craft_entrytypes`
--
ALTER TABLE `craft_entrytypes`
	ADD CONSTRAINT `craft_entrytypes_fieldLayoutId_fk` FOREIGN KEY (`fieldLayoutId`) REFERENCES `craft_fieldlayouts` (`id`) ON DELETE SET NULL,
	ADD CONSTRAINT `craft_entrytypes_sectionId_fk` FOREIGN KEY (`sectionId`) REFERENCES `craft_sections` (`id`) ON DELETE CASCADE;

--
-- Constraints for table `craft_entryversions`
--
ALTER TABLE `craft_entryversions`
	ADD CONSTRAINT `craft_entryversions_creatorId_fk` FOREIGN KEY (`creatorId`) REFERENCES `craft_users` (`id`) ON DELETE SET NULL,
	ADD CONSTRAINT `craft_entryversions_entryId_fk` FOREIGN KEY (`entryId`) REFERENCES `craft_entries` (`id`) ON DELETE CASCADE,
	ADD CONSTRAINT `craft_entryversions_locale_fk` FOREIGN KEY (`locale`) REFERENCES `craft_locales` (`locale`) ON DELETE CASCADE ON UPDATE CASCADE,
	ADD CONSTRAINT `craft_entryversions_sectionId_fk` FOREIGN KEY (`sectionId`) REFERENCES `craft_sections` (`id`) ON DELETE CASCADE;

--
-- Constraints for table `craft_fieldlayoutfields`
--
ALTER TABLE `craft_fieldlayoutfields`
	ADD CONSTRAINT `craft_fieldlayoutfields_fieldId_fk` FOREIGN KEY (`fieldId`) REFERENCES `craft_fields` (`id`) ON DELETE CASCADE,
	ADD CONSTRAINT `craft_fieldlayoutfields_layoutId_fk` FOREIGN KEY (`layoutId`) REFERENCES `craft_fieldlayouts` (`id`) ON DELETE CASCADE,
	ADD CONSTRAINT `craft_fieldlayoutfields_tabId_fk` FOREIGN KEY (`tabId`) REFERENCES `craft_fieldlayouttabs` (`id`) ON DELETE CASCADE;

--
-- Constraints for table `craft_fieldlayouttabs`
--
ALTER TABLE `craft_fieldlayouttabs`
	ADD CONSTRAINT `craft_fieldlayouttabs_layoutId_fk` FOREIGN KEY (`layoutId`) REFERENCES `craft_fieldlayouts` (`id`) ON DELETE CASCADE;

--
-- Constraints for table `craft_fields`
--
ALTER TABLE `craft_fields`
	ADD CONSTRAINT `craft_fields_groupId_fk` FOREIGN KEY (`groupId`) REFERENCES `craft_fieldgroups` (`id`) ON DELETE CASCADE;

--
-- Constraints for table `craft_globalsets`
--
ALTER TABLE `craft_globalsets`
	ADD CONSTRAINT `craft_globalsets_fieldLayoutId_fk` FOREIGN KEY (`fieldLayoutId`) REFERENCES `craft_fieldlayouts` (`id`) ON DELETE SET NULL,
	ADD CONSTRAINT `craft_globalsets_id_fk` FOREIGN KEY (`id`) REFERENCES `craft_elements` (`id`) ON DELETE CASCADE;

--
-- Constraints for table `craft_matrixblocks`
--
ALTER TABLE `craft_matrixblocks`
	ADD CONSTRAINT `craft_matrixblocks_fieldId_fk` FOREIGN KEY (`fieldId`) REFERENCES `craft_fields` (`id`) ON DELETE CASCADE,
	ADD CONSTRAINT `craft_matrixblocks_id_fk` FOREIGN KEY (`id`) REFERENCES `craft_elements` (`id`) ON DELETE CASCADE,
	ADD CONSTRAINT `craft_matrixblocks_ownerId_fk` FOREIGN KEY (`ownerId`) REFERENCES `craft_elements` (`id`) ON DELETE CASCADE,
	ADD CONSTRAINT `craft_matrixblocks_ownerLocale_fk` FOREIGN KEY (`ownerLocale`) REFERENCES `craft_locales` (`locale`) ON DELETE CASCADE ON UPDATE CASCADE,
	ADD CONSTRAINT `craft_matrixblocks_typeId_fk` FOREIGN KEY (`typeId`) REFERENCES `craft_matrixblocktypes` (`id`) ON DELETE CASCADE;

--
-- Constraints for table `craft_matrixblocktypes`
--
ALTER TABLE `craft_matrixblocktypes`
	ADD CONSTRAINT `craft_matrixblocktypes_fieldId_fk` FOREIGN KEY (`fieldId`) REFERENCES `craft_fields` (`id`) ON DELETE CASCADE,
	ADD CONSTRAINT `craft_matrixblocktypes_fieldLayoutId_fk` FOREIGN KEY (`fieldLayoutId`) REFERENCES `craft_fieldlayouts` (`id`) ON DELETE SET NULL;

--
-- Constraints for table `craft_matrixcontent_abouttrivia`
--
ALTER TABLE `craft_matrixcontent_abouttrivia`
	ADD CONSTRAINT `craft_matrixcontent_abouttrivia_elementId_fk` FOREIGN KEY (`elementId`) REFERENCES `craft_elements` (`id`) ON DELETE CASCADE,
	ADD CONSTRAINT `craft_matrixcontent_abouttrivia_locale_fk` FOREIGN KEY (`locale`) REFERENCES `craft_locales` (`locale`) ON DELETE CASCADE ON UPDATE CASCADE;

--
-- Constraints for table `craft_matrixcontent_articlebody`
--
ALTER TABLE `craft_matrixcontent_articlebody`
	ADD CONSTRAINT `craft_matrixcontent_articlebody_elementId_fk` FOREIGN KEY (`elementId`) REFERENCES `craft_elements` (`id`) ON DELETE CASCADE,
	ADD CONSTRAINT `craft_matrixcontent_articlebody_locale_fk` FOREIGN KEY (`locale`) REFERENCES `craft_locales` (`locale`) ON DELETE CASCADE ON UPDATE CASCADE;

--
-- Constraints for table `craft_matrixcontent_footnotes`
--
ALTER TABLE `craft_matrixcontent_footnotes`
	ADD CONSTRAINT `craft_matrixcontent_footnotes_elementId_fk` FOREIGN KEY (`elementId`) REFERENCES `craft_elements` (`id`) ON DELETE CASCADE,
	ADD CONSTRAINT `craft_matrixcontent_footnotes_locale_fk` FOREIGN KEY (`locale`) REFERENCES `craft_locales` (`locale`) ON DELETE CASCADE ON UPDATE CASCADE;

--
-- Constraints for table `craft_matrixcontent_gallery`
--
ALTER TABLE `craft_matrixcontent_gallery`
	ADD CONSTRAINT `craft_matrixcontent_gallery_elementId_fk` FOREIGN KEY (`elementId`) REFERENCES `craft_elements` (`id`) ON DELETE CASCADE,
	ADD CONSTRAINT `craft_matrixcontent_gallery_locale_fk` FOREIGN KEY (`locale`) REFERENCES `craft_locales` (`locale`) ON DELETE CASCADE ON UPDATE CASCADE;

--
-- Constraints for table `craft_matrixcontent_instagram`
--
ALTER TABLE `craft_matrixcontent_instagram`
	ADD CONSTRAINT `craft_matrixcontent_instagram_elementId_fk` FOREIGN KEY (`elementId`) REFERENCES `craft_elements` (`id`) ON DELETE CASCADE,
	ADD CONSTRAINT `craft_matrixcontent_instagram_locale_fk` FOREIGN KEY (`locale`) REFERENCES `craft_locales` (`locale`) ON DELETE CASCADE ON UPDATE CASCADE;

--
-- Constraints for table `craft_matrixcontent_projectdetails`
--
ALTER TABLE `craft_matrixcontent_projectdetails`
	ADD CONSTRAINT `craft_matrixcontent_projectdetails_elementId_fk` FOREIGN KEY (`elementId`) REFERENCES `craft_elements` (`id`) ON DELETE CASCADE,
	ADD CONSTRAINT `craft_matrixcontent_projectdetails_locale_fk` FOREIGN KEY (`locale`) REFERENCES `craft_locales` (`locale`) ON DELETE CASCADE ON UPDATE CASCADE;

--
-- Constraints for table `craft_matrixcontent_testimonial`
--
ALTER TABLE `craft_matrixcontent_testimonial`
	ADD CONSTRAINT `craft_matrixcontent_testimonial_elementId_fk` FOREIGN KEY (`elementId`) REFERENCES `craft_elements` (`id`) ON DELETE CASCADE,
	ADD CONSTRAINT `craft_matrixcontent_testimonial_locale_fk` FOREIGN KEY (`locale`) REFERENCES `craft_locales` (`locale`) ON DELETE CASCADE ON UPDATE CASCADE;

--
-- Constraints for table `craft_migrations`
--
ALTER TABLE `craft_migrations`
	ADD CONSTRAINT `craft_migrations_pluginId_fk` FOREIGN KEY (`pluginId`) REFERENCES `craft_plugins` (`id`) ON DELETE CASCADE;

--
-- Constraints for table `craft_relations`
--
ALTER TABLE `craft_relations`
	ADD CONSTRAINT `craft_relations_fieldId_fk` FOREIGN KEY (`fieldId`) REFERENCES `craft_fields` (`id`) ON DELETE CASCADE,
	ADD CONSTRAINT `craft_relations_sourceId_fk` FOREIGN KEY (`sourceId`) REFERENCES `craft_elements` (`id`) ON DELETE CASCADE,
	ADD CONSTRAINT `craft_relations_sourceLocale_fk` FOREIGN KEY (`sourceLocale`) REFERENCES `craft_locales` (`locale`) ON DELETE CASCADE ON UPDATE CASCADE,
	ADD CONSTRAINT `craft_relations_targetId_fk` FOREIGN KEY (`targetId`) REFERENCES `craft_elements` (`id`) ON DELETE CASCADE;

--
-- Constraints for table `craft_routes`
--
ALTER TABLE `craft_routes`
	ADD CONSTRAINT `craft_routes_locale_fk` FOREIGN KEY (`locale`) REFERENCES `craft_locales` (`locale`) ON DELETE CASCADE ON UPDATE CASCADE;

--
-- Constraints for table `craft_sections`
--
ALTER TABLE `craft_sections`
	ADD CONSTRAINT `craft_sections_structureId_fk` FOREIGN KEY (`structureId`) REFERENCES `craft_structures` (`id`) ON DELETE SET NULL;

--
-- Constraints for table `craft_sections_i18n`
--
ALTER TABLE `craft_sections_i18n`
	ADD CONSTRAINT `craft_sections_i18n_locale_fk` FOREIGN KEY (`locale`) REFERENCES `craft_locales` (`locale`) ON DELETE CASCADE ON UPDATE CASCADE,
	ADD CONSTRAINT `craft_sections_i18n_sectionId_fk` FOREIGN KEY (`sectionId`) REFERENCES `craft_sections` (`id`) ON DELETE CASCADE;

--
-- Constraints for table `craft_sessions`
--
ALTER TABLE `craft_sessions`
	ADD CONSTRAINT `craft_sessions_userId_fk` FOREIGN KEY (`userId`) REFERENCES `craft_users` (`id`) ON DELETE CASCADE;

--
-- Constraints for table `craft_shunnedmessages`
--
ALTER TABLE `craft_shunnedmessages`
	ADD CONSTRAINT `craft_shunnedmessages_userId_fk` FOREIGN KEY (`userId`) REFERENCES `craft_users` (`id`) ON DELETE CASCADE;

--
-- Constraints for table `craft_structureelements`
--
ALTER TABLE `craft_structureelements`
	ADD CONSTRAINT `craft_structureelements_elementId_fk` FOREIGN KEY (`elementId`) REFERENCES `craft_elements` (`id`) ON DELETE CASCADE,
	ADD CONSTRAINT `craft_structureelements_structureId_fk` FOREIGN KEY (`structureId`) REFERENCES `craft_structures` (`id`) ON DELETE CASCADE;

--
-- Constraints for table `craft_taggroups`
--
ALTER TABLE `craft_taggroups`
	ADD CONSTRAINT `craft_taggroups_fieldLayoutId_fk` FOREIGN KEY (`fieldLayoutId`) REFERENCES `craft_fieldlayouts` (`id`) ON DELETE SET NULL;

--
-- Constraints for table `craft_tags`
--
ALTER TABLE `craft_tags`
	ADD CONSTRAINT `craft_tags_groupId_fk` FOREIGN KEY (`groupId`) REFERENCES `craft_taggroups` (`id`) ON DELETE CASCADE,
	ADD CONSTRAINT `craft_tags_id_fk` FOREIGN KEY (`id`) REFERENCES `craft_elements` (`id`) ON DELETE CASCADE;

--
-- Constraints for table `craft_templatecachecriteria`
--
ALTER TABLE `craft_templatecachecriteria`
	ADD CONSTRAINT `craft_templatecachecriteria_cacheId_fk` FOREIGN KEY (`cacheId`) REFERENCES `craft_templatecaches` (`id`) ON DELETE CASCADE;

--
-- Constraints for table `craft_templatecacheelements`
--
ALTER TABLE `craft_templatecacheelements`
	ADD CONSTRAINT `craft_templatecacheelements_cacheId_fk` FOREIGN KEY (`cacheId`) REFERENCES `craft_templatecaches` (`id`) ON DELETE CASCADE,
	ADD CONSTRAINT `craft_templatecacheelements_elementId_fk` FOREIGN KEY (`elementId`) REFERENCES `craft_elements` (`id`) ON DELETE CASCADE;

--
-- Constraints for table `craft_templatecaches`
--
ALTER TABLE `craft_templatecaches`
	ADD CONSTRAINT `craft_templatecaches_locale_fk` FOREIGN KEY (`locale`) REFERENCES `craft_locales` (`locale`) ON DELETE CASCADE ON UPDATE CASCADE;

--
-- Constraints for table `craft_usergroups_users`
--
ALTER TABLE `craft_usergroups_users`
	ADD CONSTRAINT `craft_usergroups_users_groupId_fk` FOREIGN KEY (`groupId`) REFERENCES `craft_usergroups` (`id`) ON DELETE CASCADE,
	ADD CONSTRAINT `craft_usergroups_users_userId_fk` FOREIGN KEY (`userId`) REFERENCES `craft_users` (`id`) ON DELETE CASCADE;

--
-- Constraints for table `craft_userpermissions_usergroups`
--
ALTER TABLE `craft_userpermissions_usergroups`
	ADD CONSTRAINT `craft_userpermissions_usergroups_groupId_fk` FOREIGN KEY (`groupId`) REFERENCES `craft_usergroups` (`id`) ON DELETE CASCADE,
	ADD CONSTRAINT `craft_userpermissions_usergroups_permissionId_fk` FOREIGN KEY (`permissionId`) REFERENCES `craft_userpermissions` (`id`) ON DELETE CASCADE;

--
-- Constraints for table `craft_userpermissions_users`
--
ALTER TABLE `craft_userpermissions_users`
	ADD CONSTRAINT `craft_userpermissions_users_permissionId_fk` FOREIGN KEY (`permissionId`) REFERENCES `craft_userpermissions` (`id`) ON DELETE CASCADE,
	ADD CONSTRAINT `craft_userpermissions_users_userId_fk` FOREIGN KEY (`userId`) REFERENCES `craft_users` (`id`) ON DELETE CASCADE;

--
-- Constraints for table `craft_users`
--
ALTER TABLE `craft_users`
	ADD CONSTRAINT `craft_users_id_fk` FOREIGN KEY (`id`) REFERENCES `craft_elements` (`id`) ON DELETE CASCADE,
	ADD CONSTRAINT `craft_users_preferredLocale_fk` FOREIGN KEY (`preferredLocale`) REFERENCES `craft_locales` (`locale`) ON DELETE SET NULL ON UPDATE CASCADE;

--
-- Constraints for table `craft_widgets`
--
ALTER TABLE `craft_widgets`
	ADD CONSTRAINT `craft_widgets_userId_fk` FOREIGN KEY (`userId`) REFERENCES `craft_users` (`id`) ON DELETE CASCADE;

SET FOREIGN_KEY_CHECKS = 1;
